Workbook

Sheet CONTROL
B3: MODO | C3: LISTA | D3: COLOR
B4: VENTA | C4: AMARILLA | D4: BLANCO

Sheet CONFIG
A1: Lista | B1: Flete | C1: Ganancia | D1: Mosq | E1: Repartido | F1: Cobra | G1: Extra | J1: LISTAS | K1: COLORES | L1: LINEAS
A2: AMARILLA | B2: 0.06 | C2: 0.3 | D2: 0.6 | E2: 0.3 | F2: 0 | G2: 0.1 | J2: AMARILLA | K2: NEGRO | L2: HERRERO
A3: AZUL | B3: 0.1 | C3: 0.3 | D3: 0.6 | E3: 0.3 | F3: 0 | G3: 0.1 | J3: AZUL | K3: BLANCO | L3: MODENA
A4: VERDE | B4: 0.15 | C4: 0.35 | D4: 0.6 | E4: 0.3 | F4: 0 | G4: 0.1 | J4: VERDE | K4: BRONCE
A5: EMA | B5: 0.15 | C5: 0.4 | D5: 0.6 | E5: 0.3 | F5: 0 | G5: 0.1 | J5: EMA | K5: SIMIL MADERA
A6: GUILLE | B6: 0 | C6: 0.5 | D6: 0.6 | E6: 0 | F6: 0.242 | G6: 0.1 | J6: GUILLE
A9: COLOR | B9: % | D9: LINEA | F9: ANCHO_PUERTAS | H9: TIPO | I9: FACTOR
A10: NEGRO | B10: 0.3 | D10: HERRERO | F10: 0.8 | H10: CORREDIZO | I10: 1
A11: BLANCO | B11: 0 | D11: MODENA | F11: 0.7 | H11: ABRIR | I11: 1.05
A12: BRONCE | B12: 0.45 | F12: 0.9
A13: SIMIL MADERA | B13: 2.8
A18: LINEA | B18: LISTA | C18: DESCUENTO
A19: HERRERO | B19: AMARILLA | C19: 0.1
A20: HERRERO | B20: AZUL | C20: 0.12
A21: HERRERO | B21: VERDE | C21: 0.12
A22: MODENA | B22: AMARILLA | C22: 0.07
A23: MODENA | B23: AZUL | C23: 0.07
A24: MODENA | B24: VERDE | C24: 0.07
A31: TIPO | B31: FLETE | C31: GANANCIA | E31: PARAMETRO | F31: VALOR
A32: PVC | B32: 0.15 | C32: 0.4 | E32: DESCUENTO_GENERAL | F32: 0.05

Sheet ventana herrero
A1: MODO | B1: LINEA | C1: LISTA | D1: COLOR
A2: =CONTROL!B4 -> VENTA | B2: HERRERO | C2: =CONTROL!C4 -> AMARILLA | D2: =CONTROL!D4 -> BLANCO
A4: VENTANA HERRERO PAPU | G4: VENTANAS HERRERO VENTA
A6: medidas | B6: sin_vidrio | C6: guia | D6: mosquitero | E6: vidrio | G6: medidas | H6: vidrio_entero | I6: guia | J6: mosquitero | K6: vidrio rep
A7: 60x40 | B7: 23863 | C7: 6540 | D7: 8799 | E7: 2321 | G7: 60x40 | H7: {=IFERROR( ROUND( IF($A$2="COSTO", ((B7*(1+IFERROR(VLOOKUP($D$2,COLORES[],2,FALSE),0)))+E7) *(1-_xlfn.XLOOKUP(1,(DESC_PROV[LINEA]=$B$2)*(DESC_PROV[LISTA]=$C$2),DESC_PROV[DESCUENTO])), ((B7*(1+IFERROR(VLOOKUP($D$2,COLORES[],2,FALSE),0)))+E7) *(1-_xlfn.XLOOKUP(1,(DESC_PROV[LINEA]=$B$2)*(DESC_PROV[LISTA]=$C$2),DESC_PROV[DESCUENTO])) *(1+VLOOKUP($C$2,LISTAS[],2,FALSE)) *(1+0.1) ) /5,0)*5,0)} -> 27475 | I7: {=IFERROR( ROUND( IF($A$2="COSTO", ((B7*(1+IFERROR(VLOOKUP($D$2,COLORES[],2,FALSE),0)))+C7) *(1-_xlfn.XLOOKUP(1,(DESC_PROV[LINEA]=$B$2)*(DESC_PROV[LISTA]=$C$2),DESC_PROV[DESCUENTO])), ((B7*(1+IFERROR(VLOOKUP($D$2,COLORES[],2,FALSE),0)))+C7) *(1-_xlfn.XLOOKUP(1,(DESC_PROV[LINEA]=$B$2)*(DESC_PROV[LISTA]=$C$2),DESC_PROV[DESCUENTO])) *(1+VLOOKUP($C$2,LISTAS[],2,FALSE)) *(1+0.1) ) /5,0)*5,0)} -> 31905 | J7: {=IFERROR( ROUND( IF($A$2="COSTO", (D7*(1+IFERROR(VLOOKUP($D$2,COLORES[],2,FALSE),0))) *(1-_xlfn.XLOOKUP(1,(DESC_PROV[LINEA]=$B$2)*(DESC_PROV[LISTA]=$C$2),DESC_PROV[DESCUENTO])), (D7*(1+IFERROR(VLOOKUP($D$2,COLORES[],2,FALSE),0))) *(1-_xlfn.XLOOKUP(1,(DESC_PROV[LINEA]=$B$2)*(DESC_PROV[LISTA]=$C$2),DESC_PROV[DESCUENTO])) *(1+VLOOKUP($C$2,LISTAS[],2,FALSE)) *(1+0.1) ) /5,0)*5,0)} -> 9235 | K7: {=IFERROR( ROUND( IF($A$2="COSTO", ((B7*(1+IFERROR(VLOOKUP($D$2,COLORES[],2,FALSE),0)))+C7+E7) *(1-_xlfn.XLOOKUP(1,(DESC_PROV[LINEA]=$B$2)*(DESC_PROV[LISTA]=$C$2),DESC_PROV[DESCUENTO])), ((B7*(1+IFERROR(VLOOKUP($D$2,COLORES[],2,FALSE),0)))+C7+E7) *(1-_xlfn.XLOOKUP(1,(DESC_PROV[LINEA]=$B$2)*(DESC_PROV[LISTA]=$C$2),DESC_PROV[DESCUENTO])) *(1+VLOOKUP($C$2,LISTAS[],2,FALSE)) *(1+0.1) ) /5,0)*5,0)} -> 34340
A8: 80x40 | B8: 29288 | C8: 6540 | D8: 9874 | E8: 3249 | G8: 80x40 | H8: {=IFERROR( ROUND( IF($A$2="COSTO", ((B8*(1+IFERROR(VLOOKUP($D$2,COLORES[],2,FALSE),0)))+E8) *(1-_xlfn.XLOOKUP(1,(DESC_PROV[LINEA]=$B$2)*(DESC_PROV[LISTA]=$C$2),DESC_PROV[DESCUENTO])), ((B8*(1+IFERROR(VLOOKUP($D$2,COLORES[],2,FALSE),0)))+E8) *(1-_xlfn.XLOOKUP(1,(DESC_PROV[LINEA]=$B$2)*(DESC_PROV[LISTA]=$C$2),DESC_PROV[DESCUENTO])) *(1+VLOOKUP($C$2,LISTAS[],2,FALSE)) *(1+VLOOKUP($C$2,LISTAS[],3,FALSE)) ) /5,0)*5,0)} -> 40350 | I8: {=IFERROR( ROUND( IF($A$2="COSTO", ((B8*(1+IFERROR(VLOOKUP($D$2,COLORES[],2,FALSE),0))) + C8 + E8) *(1-_xlfn.XLOOKUP(1,(DESC_PROV[LINEA]=$B$2)*(DESC_PROV[LISTA]=$C$2),DESC_PROV[DESCUENTO])), ((B8*(1+IFERROR(VLOOKUP($D$2,COLORES[],2,FALSE),0))) + C8 + E8) *(1-_xlfn.XLOOKUP(1,(DESC_PROV[LINEA]=$B$2)*(DESC_PROV[LISTA]=$C$2),DESC_PROV[DESCUENTO])) *(1+VLOOKUP($C$2,LISTAS[],2,FALSE)) *(1+VLOOKUP($C$2,LISTAS[],3,FALSE)) ) /5,0)*5,0)} -> 48465 | J8: {=IFERROR( ROUND( IF($A$2="COSTO", (D8*(1+IFERROR(VLOOKUP($D$2,COLORES[],2,FALSE),0))) *(1-_xlfn.XLOOKUP(1,(DESC_PROV[LINEA]=$B$2)*(DESC_PROV[LISTA]=$C$2),DESC_PROV[DESCUENTO])), (D8*(1+IFERROR(VLOOKUP($D$2,COLORES[],2,FALSE),0))) *(1-_xlfn.XLOOKUP(1,(DESC_PROV[LINEA]=$B$2)*(DESC_PROV[LISTA]=$C$2),DESC_PROV[DESCUENTO])) *(1+VLOOKUP($C$2,LISTAS[],2,FALSE)) *(1+VLOOKUP($C$2,LISTAS[],4,FALSE)) ) /5,0)*5,0)} -> 15070 | K8: {=IFERROR( ROUND( IF($A$2="COSTO", (B8*(1+IFERROR(VLOOKUP($D$2,COLORES[],2,FALSE),0))+E8) *(1+VLOOKUP($C$2,LISTAS[],5,FALSE)) *(1-_xlfn.XLOOKUP(1,(DESC_PROV[LINEA]=$B$2)*(DESC_PROV[LISTA]=$C$2),DESC_PROV[DESCUENTO])), (B8*(1+IFERROR(VLOOKUP($D$2,COLORES[],2,FALSE),0))+E8) *(1-_xlfn.XLOOKUP(1,(DESC_PROV[LINEA]=$B$2)*(DESC_PROV[LISTA]=$C$2),DESC_PROV[DESCUENTO])) *(1+VLOOKUP($C$2,LISTAS[],5,FALSE)) *(1+VLOOKUP($C$2,LISTAS[],2,FALSE)) *(1+VLOOKUP($C$2,LISTAS[],3,FALSE)) ) /5,0)*5,0)} -> 52460
A9: 100x40 | B9: 31536 | C9: 6540 | D9: 11321 | E9: 4177 | G9: 100x40 | H9: {=IFERROR( ROUND( IF($A$2="COSTO", ((B9*(1+IFERROR(VLOOKUP($D$2,COLORES[],2,FALSE),0)))+E9) *(1-_xlfn.XLOOKUP(1,(DESC_PROV[LINEA]=$B$2)*(DESC_PROV[LISTA]=$C$2),DESC_PROV[DESCUENTO])), ((B9*(1+IFERROR(VLOOKUP($D$2,COLORES[],2,FALSE),0)))+E9) *(1-_xlfn.XLOOKUP(1,(DESC_PROV[LINEA]=$B$2)*(DESC_PROV[LISTA]=$C$2),DESC_PROV[DESCUENTO])) *(1+VLOOKUP($C$2,LISTAS[],2,FALSE)) *(1+VLOOKUP($C$2,LISTAS[],3,FALSE)) ) /5,0)*5,0)} -> 44290 | I9: {=IFERROR( ROUND( IF($A$2="COSTO", ((B9*(1+IFERROR(VLOOKUP($D$2,COLORES[],2,FALSE),0))) + C9 + E9) *(1-_xlfn.XLOOKUP(1,(DESC_PROV[LINEA]=$B$2)*(DESC_PROV[LISTA]=$C$2),DESC_PROV[DESCUENTO])), ((B9*(1+IFERROR(VLOOKUP($D$2,COLORES[],2,FALSE),0))) + C9 + E9) *(1-_xlfn.XLOOKUP(1,(DESC_PROV[LINEA]=$B$2)*(DESC_PROV[LISTA]=$C$2),DESC_PROV[DESCUENTO])) *(1+VLOOKUP($C$2,LISTAS[],2,FALSE)) *(1+VLOOKUP($C$2,LISTAS[],3,FALSE)) ) /5,0)*5,0)} -> 52400 | J9: {=IFERROR( ROUND( IF($A$2="COSTO", (D9*(1+IFERROR(VLOOKUP($D$2,COLORES[],2,FALSE),0))) *(1-_xlfn.XLOOKUP(1,(DESC_PROV[LINEA]=$B$2)*(DESC_PROV[LISTA]=$C$2),DESC_PROV[DESCUENTO])), (D9*(1+IFERROR(VLOOKUP($D$2,COLORES[],2,FALSE),0))) *(1-_xlfn.XLOOKUP(1,(DESC_PROV[LINEA]=$B$2)*(DESC_PROV[LISTA]=$C$2),DESC_PROV[DESCUENTO])) *(1+VLOOKUP($C$2,LISTAS[],2,FALSE)) *(1+VLOOKUP($C$2,LISTAS[],4,FALSE)) ) /5,0)*5,0)} -> 17280 | K9: {=IFERROR( ROUND( IF($A$2="COSTO", (B9*(1+IFERROR(VLOOKUP($D$2,COLORES[],2,FALSE),0))+E9) *(1+VLOOKUP($C$2,LISTAS[],5,FALSE)) *(1-_xlfn.XLOOKUP(1,(DESC_PROV[LINEA]=$B$2)*(DESC_PROV[LISTA]=$C$2),DESC_PROV[DESCUENTO])), (B9*(1+IFERROR(VLOOKUP($D$2,COLORES[],2,FALSE),0))+E9) *(1-_xlfn.XLOOKUP(1,(DESC_PROV[LINEA]=$B$2)*(DESC_PROV[LISTA]=$C$2),DESC_PROV[DESCUENTO])) *(1+VLOOKUP($C$2,LISTAS[],5,FALSE)) *(1+VLOOKUP($C$2,LISTAS[],2,FALSE)) *(1+VLOOKUP($C$2,LISTAS[],3,FALSE)) ) /5,0)*5,0)} -> 57580
A10: 120x40 | B10: 34843 | C10: 6540 | D10: 12768 | E10: 5116 | G10: 120x40 | H10: {=IFERROR( ROUND( IF($A$2="COSTO", ((B10*(1+IFERROR(VLOOKUP($D$2,COLORES[],2,FALSE),0)))+E10) *(1-_xlfn.XLOOKUP(1,(DESC_PROV[LINEA]=$B$2)*(DESC_PROV[LISTA]=$C$2),DESC_PROV[DESCUENTO])), ((B10*(1+IFERROR(VLOOKUP($D$2,COLORES[],2,FALSE),0)))+E10) *(1-_xlfn.XLOOKUP(1,(DESC_PROV[LINEA]=$B$2)*(DESC_PROV[LISTA]=$C$2),DESC_PROV[DESCUENTO])) *(1+VLOOKUP($C$2,LISTAS[],2,FALSE)) *(1+VLOOKUP($C$2,LISTAS[],3,FALSE)) ) /5,0)*5,0)} -> 49555 | I10: {=IFERROR( ROUND( IF($A$2="COSTO", ((B10*(1+IFERROR(VLOOKUP($D$2,COLORES[],2,FALSE),0))) + C10 + E10) *(1-_xlfn.XLOOKUP(1,(DESC_PROV[LINEA]=$B$2)*(DESC_PROV[LISTA]=$C$2),DESC_PROV[DESCUENTO])), ((B10*(1+IFERROR(VLOOKUP($D$2,COLORES[],2,FALSE),0))) + C10 + E10) *(1-_xlfn.XLOOKUP(1,(DESC_PROV[LINEA]=$B$2)*(DESC_PROV[LISTA]=$C$2),DESC_PROV[DESCUENTO])) *(1+VLOOKUP($C$2,LISTAS[],2,FALSE)) *(1+VLOOKUP($C$2,LISTAS[],3,FALSE)) ) /5,0)*5,0)} -> 57670 | J10: {=IFERROR( ROUND( IF($A$2="COSTO", (D10*(1+IFERROR(VLOOKUP($D$2,COLORES[],2,FALSE),0))) *(1-_xlfn.XLOOKUP(1,(DESC_PROV[LINEA]=$B$2)*(DESC_PROV[LISTA]=$C$2),DESC_PROV[DESCUENTO])), (D10*(1+IFERROR(VLOOKUP($D$2,COLORES[],2,FALSE),0))) *(1-_xlfn.XLOOKUP(1,(DESC_PROV[LINEA]=$B$2)*(DESC_PROV[LISTA]=$C$2),DESC_PROV[DESCUENTO])) *(1+VLOOKUP($C$2,LISTAS[],2,FALSE)) *(1+VLOOKUP($C$2,LISTAS[],4,FALSE)) ) /5,0)*5,0)} -> 19490 | K10: {=IFERROR( ROUND( IF($A$2="COSTO", (B10*(1+IFERROR(VLOOKUP($D$2,COLORES[],2,FALSE),0))+E10) *(1+VLOOKUP($C$2,LISTAS[],5,FALSE)) *(1-_xlfn.XLOOKUP(1,(DESC_PROV[LINEA]=$B$2)*(DESC_PROV[LISTA]=$C$2),DESC_PROV[DESCUENTO])), (B10*(1+IFERROR(VLOOKUP($D$2,COLORES[],2,FALSE),0))+E10) *(1-_xlfn.XLOOKUP(1,(DESC_PROV[LINEA]=$B$2)*(DESC_PROV[LISTA]=$C$2),DESC_PROV[DESCUENTO])) *(1+VLOOKUP($C$2,LISTAS[],5,FALSE)) *(1+VLOOKUP($C$2,LISTAS[],2,FALSE)) *(1+VLOOKUP($C$2,LISTAS[],3,FALSE)) ) /5,0)*5,0)} -> 64425
A11: 150x40 | B11: 40334 | C11: 6540 | D11: 14939 | E11: 6497 | G11: 150x40 | H11: {=IFERROR( ROUND( IF($A$2="COSTO", ((B11*(1+IFERROR(VLOOKUP($D$2,COLORES[],2,FALSE),0)))+E11) *(1-_xlfn.XLOOKUP(1,(DESC_PROV[LINEA]=$B$2)*(DESC_PROV[LISTA]=$C$2),DESC_PROV[DESCUENTO])), ((B11*(1+IFERROR(VLOOKUP($D$2,COLORES[],2,FALSE),0)))+E11) *(1-_xlfn.XLOOKUP(1,(DESC_PROV[LINEA]=$B$2)*(DESC_PROV[LISTA]=$C$2),DESC_PROV[DESCUENTO])) *(1+VLOOKUP($C$2,LISTAS[],2,FALSE)) *(1+VLOOKUP($C$2,LISTAS[],3,FALSE)) ) /5,0)*5,0)} -> 58080 | I11: {=IFERROR( ROUND( IF($A$2="COSTO", ((B11*(1+IFERROR(VLOOKUP($D$2,COLORES[],2,FALSE),0))) + C11 + E11) *(1-_xlfn.XLOOKUP(1,(DESC_PROV[LINEA]=$B$2)*(DESC_PROV[LISTA]=$C$2),DESC_PROV[DESCUENTO])), ((B11*(1+IFERROR(VLOOKUP($D$2,COLORES[],2,FALSE),0))) + C11 + E11) *(1-_xlfn.XLOOKUP(1,(DESC_PROV[LINEA]=$B$2)*(DESC_PROV[LISTA]=$C$2),DESC_PROV[DESCUENTO])) *(1+VLOOKUP($C$2,LISTAS[],2,FALSE)) *(1+VLOOKUP($C$2,LISTAS[],3,FALSE)) ) /5,0)*5,0)} -> 66190 | J11: {=IFERROR( ROUND( IF($A$2="COSTO", (D11*(1+IFERROR(VLOOKUP($D$2,COLORES[],2,FALSE),0))) *(1-_xlfn.XLOOKUP(1,(DESC_PROV[LINEA]=$B$2)*(DESC_PROV[LISTA]=$C$2),DESC_PROV[DESCUENTO])), (D11*(1+IFERROR(VLOOKUP($D$2,COLORES[],2,FALSE),0))) *(1-_xlfn.XLOOKUP(1,(DESC_PROV[LINEA]=$B$2)*(DESC_PROV[LISTA]=$C$2),DESC_PROV[DESCUENTO])) *(1+VLOOKUP($C$2,LISTAS[],2,FALSE)) *(1+VLOOKUP($C$2,LISTAS[],4,FALSE)) ) /5,0)*5,0)} -> 22805 | K11: {=IFERROR( ROUND( IF($A$2="COSTO", (B11*(1+IFERROR(VLOOKUP($D$2,COLORES[],2,FALSE),0))+E11) *(1+VLOOKUP($C$2,LISTAS[],5,FALSE)) *(1-_xlfn.XLOOKUP(1,(DESC_PROV[LINEA]=$B$2)*(DESC_PROV[LISTA]=$C$2),DESC_PROV[DESCUENTO])), (B11*(1+IFERROR(VLOOKUP($D$2,COLORES[],2,FALSE),0))+E11) *(1-_xlfn.XLOOKUP(1,(DESC_PROV[LINEA]=$B$2)*(DESC_PROV[LISTA]=$C$2),DESC_PROV[DESCUENTO])) *(1+VLOOKUP($C$2,LISTAS[],5,FALSE)) *(1+VLOOKUP($C$2,LISTAS[],2,FALSE)) *(1+VLOOKUP($C$2,LISTAS[],3,FALSE)) ) /5,0)*5,0)} -> 75505
A12: 180x40 | B12: 44765 | C12: 6540 | D12: 17109 | E12: 7895 | G12: 180x40 | H12: {=IFERROR( ROUND( IF($A$2="COSTO", ((B12*(1+IFERROR(VLOOKUP($D$2,COLORES[],2,FALSE),0)))+E12) *(1-_xlfn.XLOOKUP(1,(DESC_PROV[LINEA]=$B$2)*(DESC_PROV[LISTA]=$C$2),DESC_PROV[DESCUENTO])), ((B12*(1+IFERROR(VLOOKUP($D$2,COLORES[],2,FALSE),0)))+E12) *(1-_xlfn.XLOOKUP(1,(DESC_PROV[LINEA]=$B$2)*(DESC_PROV[LISTA]=$C$2),DESC_PROV[DESCUENTO])) *(1+VLOOKUP($C$2,LISTAS[],2,FALSE)) *(1+VLOOKUP($C$2,LISTAS[],3,FALSE)) ) /5,0)*5,0)} -> 65310 | I12: {=IFERROR( ROUND( IF($A$2="COSTO", ((B12*(1+IFERROR(VLOOKUP($D$2,COLORES[],2,FALSE),0))) + C12 + E12) *(1-_xlfn.XLOOKUP(1,(DESC_PROV[LINEA]=$B$2)*(DESC_PROV[LISTA]=$C$2),DESC_PROV[DESCUENTO])), ((B12*(1+IFERROR(VLOOKUP($D$2,COLORES[],2,FALSE),0))) + C12 + E12) *(1-_xlfn.XLOOKUP(1,(DESC_PROV[LINEA]=$B$2)*(DESC_PROV[LISTA]=$C$2),DESC_PROV[DESCUENTO])) *(1+VLOOKUP($C$2,LISTAS[],2,FALSE)) *(1+VLOOKUP($C$2,LISTAS[],3,FALSE)) ) /5,0)*5,0)} -> 73420 | J12: {=IFERROR( ROUND( IF($A$2="COSTO", (D12*(1+IFERROR(VLOOKUP($D$2,COLORES[],2,FALSE),0))) *(1-_xlfn.XLOOKUP(1,(DESC_PROV[LINEA]=$B$2)*(DESC_PROV[LISTA]=$C$2),DESC_PROV[DESCUENTO])), (D12*(1+IFERROR(VLOOKUP($D$2,COLORES[],2,FALSE),0))) *(1-_xlfn.XLOOKUP(1,(DESC_PROV[LINEA]=$B$2)*(DESC_PROV[LISTA]=$C$2),DESC_PROV[DESCUENTO])) *(1+VLOOKUP($C$2,LISTAS[],2,FALSE)) *(1+VLOOKUP($C$2,LISTAS[],4,FALSE)) ) /5,0)*5,0)} -> 26115 | K12: {=IFERROR( ROUND( IF($A$2="COSTO", (B12*(1+IFERROR(VLOOKUP($D$2,COLORES[],2,FALSE),0))+E12) *(1+VLOOKUP($C$2,LISTAS[],5,FALSE)) *(1-_xlfn.XLOOKUP(1,(DESC_PROV[LINEA]=$B$2)*(DESC_PROV[LISTA]=$C$2),DESC_PROV[DESCUENTO])), (B12*(1+IFERROR(VLOOKUP($D$2,COLORES[],2,FALSE),0))+E12) *(1-_xlfn.XLOOKUP(1,(DESC_PROV[LINEA]=$B$2)*(DESC_PROV[LISTA]=$C$2),DESC_PROV[DESCUENTO])) *(1+VLOOKUP($C$2,LISTAS[],5,FALSE)) *(1+VLOOKUP($C$2,LISTAS[],2,FALSE)) *(1+VLOOKUP($C$2,LISTAS[],3,FALSE)) ) /5,0)*5,0)} -> 84900
A13: 200x40 | B13: 49660 | C13: 6540 | D13: 18556 | E13: 8823 | G13: 200x40 | H13: {=IFERROR( ROUND( IF($A$2="COSTO", ((B13*(1+IFERROR(VLOOKUP($D$2,COLORES[],2,FALSE),0)))+E13) *(1-_xlfn.XLOOKUP(1,(DESC_PROV[LINEA]=$B$2)*(DESC_PROV[LISTA]=$C$2),DESC_PROV[DESCUENTO])), ((B13*(1+IFERROR(VLOOKUP($D$2,COLORES[],2,FALSE),0)))+E13) *(1-_xlfn.XLOOKUP(1,(DESC_PROV[LINEA]=$B$2)*(DESC_PROV[LISTA]=$C$2),DESC_PROV[DESCUENTO])) *(1+VLOOKUP($C$2,LISTAS[],2,FALSE)) *(1+VLOOKUP($C$2,LISTAS[],3,FALSE)) ) /5,0)*5,0)} -> 72530 | I13: {=IFERROR( ROUND( IF($A$2="COSTO", ((B13*(1+IFERROR(VLOOKUP($D$2,COLORES[],2,FALSE),0))) + C13 + E13) *(1-_xlfn.XLOOKUP(1,(DESC_PROV[LINEA]=$B$2)*(DESC_PROV[LISTA]=$C$2),DESC_PROV[DESCUENTO])), ((B13*(1+IFERROR(VLOOKUP($D$2,COLORES[],2,FALSE),0))) + C13 + E13) *(1-_xlfn.XLOOKUP(1,(DESC_PROV[LINEA]=$B$2)*(DESC_PROV[LISTA]=$C$2),DESC_PROV[DESCUENTO])) *(1+VLOOKUP($C$2,LISTAS[],2,FALSE)) *(1+VLOOKUP($C$2,LISTAS[],3,FALSE)) ) /5,0)*5,0)} -> 80640 | J13: {=IFERROR( ROUND( IF($A$2="COSTO", (D13*(1+IFERROR(VLOOKUP($D$2,COLORES[],2,FALSE),0))) *(1-_xlfn.XLOOKUP(1,(DESC_PROV[LINEA]=$B$2)*(DESC_PROV[LISTA]=$C$2),DESC_PROV[DESCUENTO])), (D13*(1+IFERROR(VLOOKUP($D$2,COLORES[],2,FALSE),0))) *(1-_xlfn.XLOOKUP(1,(DESC_PROV[LINEA]=$B$2)*(DESC_PROV[LISTA]=$C$2),DESC_PROV[DESCUENTO])) *(1+VLOOKUP($C$2,LISTAS[],2,FALSE)) *(1+VLOOKUP($C$2,LISTAS[],4,FALSE)) ) /5,0)*5,0)} -> 28325 | K13: {=IFERROR( ROUND( IF($A$2="COSTO", (B13*(1+IFERROR(VLOOKUP($D$2,COLORES[],2,FALSE),0))+E13) *(1+VLOOKUP($C$2,LISTAS[],5,FALSE)) *(1-_xlfn.XLOOKUP(1,(DESC_PROV[LINEA]=$B$2)*(DESC_PROV[LISTA]=$C$2),DESC_PROV[DESCUENTO])), (B13*(1+IFERROR(VLOOKUP($D$2,COLORES[],2,FALSE),0))+E13) *(1-_xlfn.XLOOKUP(1,(DESC_PROV[LINEA]=$B$2)*(DESC_PROV[LISTA]=$C$2),DESC_PROV[DESCUENTO])) *(1+VLOOKUP($C$2,LISTAS[],5,FALSE)) *(1+VLOOKUP($C$2,LISTAS[],2,FALSE)) *(1+VLOOKUP($C$2,LISTAS[],3,FALSE)) ) /5,0)*5,0)} -> 94290
A14: 60x60 | B14: 28445 | C14: 9809 | D14: 11108 | E14: 3871 | G14: 60x60 | H14: {=IFERROR( ROUND( IF($A$2="COSTO", ((B14*(1+IFERROR(VLOOKUP($D$2,COLORES[],2,FALSE),0)))+E14) *(1-_xlfn.XLOOKUP(1,(DESC_PROV[LINEA]=$B$2)*(DESC_PROV[LISTA]=$C$2),DESC_PROV[DESCUENTO])), ((B14*(1+IFERROR(VLOOKUP($D$2,COLORES[],2,FALSE),0)))+E14) *(1-_xlfn.XLOOKUP(1,(DESC_PROV[LINEA]=$B$2)*(DESC_PROV[LISTA]=$C$2),DESC_PROV[DESCUENTO])) *(1+VLOOKUP($C$2,LISTAS[],2,FALSE)) *(1+VLOOKUP($C$2,LISTAS[],3,FALSE)) ) /5,0)*5,0)} -> 40080 | I14: {=IFERROR( ROUND( IF($A$2="COSTO", ((B14*(1+IFERROR(VLOOKUP($D$2,COLORES[],2,FALSE),0))) + C14 + E14) *(1-_xlfn.XLOOKUP(1,(DESC_PROV[LINEA]=$B$2)*(DESC_PROV[LISTA]=$C$2),DESC_PROV[DESCUENTO])), ((B14*(1+IFERROR(VLOOKUP($D$2,COLORES[],2,FALSE),0))) + C14 + E14) *(1-_xlfn.XLOOKUP(1,(DESC_PROV[LINEA]=$B$2)*(DESC_PROV[LISTA]=$C$2),DESC_PROV[DESCUENTO])) *(1+VLOOKUP($C$2,LISTAS[],2,FALSE)) *(1+VLOOKUP($C$2,LISTAS[],3,FALSE)) ) /5,0)*5,0)} -> 52245 | J14: {=IFERROR( ROUND( IF($A$2="COSTO", (D14*(1+IFERROR(VLOOKUP($D$2,COLORES[],2,FALSE),0))) *(1-_xlfn.XLOOKUP(1,(DESC_PROV[LINEA]=$B$2)*(DESC_PROV[LISTA]=$C$2),DESC_PROV[DESCUENTO])), (D14*(1+IFERROR(VLOOKUP($D$2,COLORES[],2,FALSE),0))) *(1-_xlfn.XLOOKUP(1,(DESC_PROV[LINEA]=$B$2)*(DESC_PROV[LISTA]=$C$2),DESC_PROV[DESCUENTO])) *(1+VLOOKUP($C$2,LISTAS[],2,FALSE)) *(1+VLOOKUP($C$2,LISTAS[],4,FALSE)) ) /5,0)*5,0)} -> 16955 | K14: {=IFERROR( ROUND( IF($A$2="COSTO", (B14*(1+IFERROR(VLOOKUP($D$2,COLORES[],2,FALSE),0))+E14) *(1+VLOOKUP($C$2,LISTAS[],5,FALSE)) *(1-_xlfn.XLOOKUP(1,(DESC_PROV[LINEA]=$B$2)*(DESC_PROV[LISTA]=$C$2),DESC_PROV[DESCUENTO])), (B14*(1+IFERROR(VLOOKUP($D$2,COLORES[],2,FALSE),0))+E14) *(1-_xlfn.XLOOKUP(1,(DESC_PROV[LINEA]=$B$2)*(DESC_PROV[LISTA]=$C$2),DESC_PROV[DESCUENTO])) *(1+VLOOKUP($C$2,LISTAS[],5,FALSE)) *(1+VLOOKUP($C$2,LISTAS[],2,FALSE)) *(1+VLOOKUP($C$2,LISTAS[],3,FALSE)) ) /5,0)*5,0)} -> 52100
A15: 80x60 | B15: 34399 | C15: 9809 | D15: 12768 | E15: 5416 | G15: 80x60 | H15: {=IFERROR( ROUND( IF($A$2="COSTO", ((B15*(1+IFERROR(VLOOKUP($D$2,COLORES[],2,FALSE),0)))+E15) *(1-_xlfn.XLOOKUP(1,(DESC_PROV[LINEA]=$B$2)*(DESC_PROV[LISTA]=$C$2),DESC_PROV[DESCUENTO])), ((B15*(1+IFERROR(VLOOKUP($D$2,COLORES[],2,FALSE),0)))+E15) *(1-_xlfn.XLOOKUP(1,(DESC_PROV[LINEA]=$B$2)*(DESC_PROV[LISTA]=$C$2),DESC_PROV[DESCUENTO])) *(1+VLOOKUP($C$2,LISTAS[],2,FALSE)) *(1+VLOOKUP($C$2,LISTAS[],3,FALSE)) ) /5,0)*5,0)} -> 49380 | I15: {=IFERROR( ROUND( IF($A$2="COSTO", ((B15*(1+IFERROR(VLOOKUP($D$2,COLORES[],2,FALSE),0))) + C15 + E15) *(1-_xlfn.XLOOKUP(1,(DESC_PROV[LINEA]=$B$2)*(DESC_PROV[LISTA]=$C$2),DESC_PROV[DESCUENTO])), ((B15*(1+IFERROR(VLOOKUP($D$2,COLORES[],2,FALSE),0))) + C15 + E15) *(1-_xlfn.XLOOKUP(1,(DESC_PROV[LINEA]=$B$2)*(DESC_PROV[LISTA]=$C$2),DESC_PROV[DESCUENTO])) *(1+VLOOKUP($C$2,LISTAS[],2,FALSE)) *(1+VLOOKUP($C$2,LISTAS[],3,FALSE)) ) /5,0)*5,0)} -> 61545 | J15: {=IFERROR( ROUND( IF($A$2="COSTO", (D15*(1+IFERROR(VLOOKUP($D$2,COLORES[],2,FALSE),0))) *(1-_xlfn.XLOOKUP(1,(DESC_PROV[LINEA]=$B$2)*(DESC_PROV[LISTA]=$C$2),DESC_PROV[DESCUENTO])), (D15*(1+IFERROR(VLOOKUP($D$2,COLORES[],2,FALSE),0))) *(1-_xlfn.XLOOKUP(1,(DESC_PROV[LINEA]=$B$2)*(DESC_PROV[LISTA]=$C$2),DESC_PROV[DESCUENTO])) *(1+VLOOKUP($C$2,LISTAS[],2,FALSE)) *(1+VLOOKUP($C$2,LISTAS[],4,FALSE)) ) /5,0)*5,0)} -> 19490 | K15: {=IFERROR( ROUND( IF($A$2="COSTO", (B15*(1+IFERROR(VLOOKUP($D$2,COLORES[],2,FALSE),0))+E15) *(1+VLOOKUP($C$2,LISTAS[],5,FALSE)) *(1-_xlfn.XLOOKUP(1,(DESC_PROV[LINEA]=$B$2)*(DESC_PROV[LISTA]=$C$2),DESC_PROV[DESCUENTO])), (B15*(1+IFERROR(VLOOKUP($D$2,COLORES[],2,FALSE),0))+E15) *(1-_xlfn.XLOOKUP(1,(DESC_PROV[LINEA]=$B$2)*(DESC_PROV[LISTA]=$C$2),DESC_PROV[DESCUENTO])) *(1+VLOOKUP($C$2,LISTAS[],5,FALSE)) *(1+VLOOKUP($C$2,LISTAS[],2,FALSE)) *(1+VLOOKUP($C$2,LISTAS[],3,FALSE)) ) /5,0)*5,0)} -> 64190
A16: 100x60 | B16: 37307 | C16: 9809 | D16: 14428 | E16: 6967 | G16: 100x60 | H16: {=IFERROR( ROUND( IF($A$2="COSTO", ((B16*(1+IFERROR(VLOOKUP($D$2,COLORES[],2,FALSE),0)))+E16) *(1-_xlfn.XLOOKUP(1,(DESC_PROV[LINEA]=$B$2)*(DESC_PROV[LISTA]=$C$2),DESC_PROV[DESCUENTO])), ((B16*(1+IFERROR(VLOOKUP($D$2,COLORES[],2,FALSE),0)))+E16) *(1-_xlfn.XLOOKUP(1,(DESC_PROV[LINEA]=$B$2)*(DESC_PROV[LISTA]=$C$2),DESC_PROV[DESCUENTO])) *(1+VLOOKUP($C$2,LISTAS[],2,FALSE)) *(1+VLOOKUP($C$2,LISTAS[],3,FALSE)) ) /5,0)*5,0)} -> 54910 | I16: {=IFERROR( ROUND( IF($A$2="COSTO", ((B16*(1+IFERROR(VLOOKUP($D$2,COLORES[],2,FALSE),0))) + C16 + E16) *(1-_xlfn.XLOOKUP(1,(DESC_PROV[LINEA]=$B$2)*(DESC_PROV[LISTA]=$C$2),DESC_PROV[DESCUENTO])), ((B16*(1+IFERROR(VLOOKUP($D$2,COLORES[],2,FALSE),0))) + C16 + E16) *(1-_xlfn.XLOOKUP(1,(DESC_PROV[LINEA]=$B$2)*(DESC_PROV[LISTA]=$C$2),DESC_PROV[DESCUENTO])) *(1+VLOOKUP($C$2,LISTAS[],2,FALSE)) *(1+VLOOKUP($C$2,LISTAS[],3,FALSE)) ) /5,0)*5,0)} -> 67075 | J16: {=IFERROR( ROUND( IF($A$2="COSTO", (D16*(1+IFERROR(VLOOKUP($D$2,COLORES[],2,FALSE),0))) *(1-_xlfn.XLOOKUP(1,(DESC_PROV[LINEA]=$B$2)*(DESC_PROV[LISTA]=$C$2),DESC_PROV[DESCUENTO])), (D16*(1+IFERROR(VLOOKUP($D$2,COLORES[],2,FALSE),0))) *(1-_xlfn.XLOOKUP(1,(DESC_PROV[LINEA]=$B$2)*(DESC_PROV[LISTA]=$C$2),DESC_PROV[DESCUENTO])) *(1+VLOOKUP($C$2,LISTAS[],2,FALSE)) *(1+VLOOKUP($C$2,LISTAS[],4,FALSE)) ) /5,0)*5,0)} -> 22025 | K16: {=IFERROR( ROUND( IF($A$2="COSTO", (B16*(1+IFERROR(VLOOKUP($D$2,COLORES[],2,FALSE),0))+E16) *(1+VLOOKUP($C$2,LISTAS[],5,FALSE)) *(1-_xlfn.XLOOKUP(1,(DESC_PROV[LINEA]=$B$2)*(DESC_PROV[LISTA]=$C$2),DESC_PROV[DESCUENTO])), (B16*(1+IFERROR(VLOOKUP($D$2,COLORES[],2,FALSE),0))+E16) *(1-_xlfn.XLOOKUP(1,(DESC_PROV[LINEA]=$B$2)*(DESC_PROV[LISTA]=$C$2),DESC_PROV[DESCUENTO])) *(1+VLOOKUP($C$2,LISTAS[],5,FALSE)) *(1+VLOOKUP($C$2,LISTAS[],2,FALSE)) *(1+VLOOKUP($C$2,LISTAS[],3,FALSE)) ) /5,0)*5,0)} -> 71380
A17: 120x60 | B17: 40485 | C17: 9809 | D17: 16088 | E17: 8512 | G17: 120x60 | H17: {=IFERROR( ROUND( IF($A$2="COSTO", ((B17*(1+IFERROR(VLOOKUP($D$2,COLORES[],2,FALSE),0)))+E17) *(1-_xlfn.XLOOKUP(1,(DESC_PROV[LINEA]=$B$2)*(DESC_PROV[LISTA]=$C$2),DESC_PROV[DESCUENTO])), ((B17*(1+IFERROR(VLOOKUP($D$2,COLORES[],2,FALSE),0)))+E17) *(1-_xlfn.XLOOKUP(1,(DESC_PROV[LINEA]=$B$2)*(DESC_PROV[LISTA]=$C$2),DESC_PROV[DESCUENTO])) *(1+VLOOKUP($C$2,LISTAS[],2,FALSE)) *(1+VLOOKUP($C$2,LISTAS[],3,FALSE)) ) /5,0)*5,0)} -> 60765 | I17: {=IFERROR( ROUND( IF($A$2="COSTO", ((B17*(1+IFERROR(VLOOKUP($D$2,COLORES[],2,FALSE),0))) + C17 + E17) *(1-_xlfn.XLOOKUP(1,(DESC_PROV[LINEA]=$B$2)*(DESC_PROV[LISTA]=$C$2),DESC_PROV[DESCUENTO])), ((B17*(1+IFERROR(VLOOKUP($D$2,COLORES[],2,FALSE),0))) + C17 + E17) *(1-_xlfn.XLOOKUP(1,(DESC_PROV[LINEA]=$B$2)*(DESC_PROV[LISTA]=$C$2),DESC_PROV[DESCUENTO])) *(1+VLOOKUP($C$2,LISTAS[],2,FALSE)) *(1+VLOOKUP($C$2,LISTAS[],3,FALSE)) ) /5,0)*5,0)} -> 72930 | J17: {=IFERROR( ROUND( IF($A$2="COSTO", (D17*(1+IFERROR(VLOOKUP($D$2,COLORES[],2,FALSE),0))) *(1-_xlfn.XLOOKUP(1,(DESC_PROV[LINEA]=$B$2)*(DESC_PROV[LISTA]=$C$2),DESC_PROV[DESCUENTO])), (D17*(1+IFERROR(VLOOKUP($D$2,COLORES[],2,FALSE),0))) *(1-_xlfn.XLOOKUP(1,(DESC_PROV[LINEA]=$B$2)*(DESC_PROV[LISTA]=$C$2),DESC_PROV[DESCUENTO])) *(1+VLOOKUP($C$2,LISTAS[],2,FALSE)) *(1+VLOOKUP($C$2,LISTAS[],4,FALSE)) ) /5,0)*5,0)} -> 24555 | K17: {=IFERROR( ROUND( IF($A$2="COSTO", (B17*(1+IFERROR(VLOOKUP($D$2,COLORES[],2,FALSE),0))+E17) *(1+VLOOKUP($C$2,LISTAS[],5,FALSE)) *(1-_xlfn.XLOOKUP(1,(DESC_PROV[LINEA]=$B$2)*(DESC_PROV[LISTA]=$C$2),DESC_PROV[DESCUENTO])), (B17*(1+IFERROR(VLOOKUP($D$2,COLORES[],2,FALSE),0))+E17) *(1-_xlfn.XLOOKUP(1,(DESC_PROV[LINEA]=$B$2)*(DESC_PROV[LISTA]=$C$2),DESC_PROV[DESCUENTO])) *(1+VLOOKUP($C$2,LISTAS[],5,FALSE)) *(1+VLOOKUP($C$2,LISTAS[],2,FALSE)) *(1+VLOOKUP($C$2,LISTAS[],3,FALSE)) ) /5,0)*5,0)} -> 78995
A18: 150x60 | B18: 45975 | C18: 9809 | D18: 18577 | E18: 10838 | G18: 150x60 | H18: {=IFERROR( ROUND( IF($A$2="COSTO", ((B18*(1+IFERROR(VLOOKUP($D$2,COLORES[],2,FALSE),0)))+E18) *(1-_xlfn.XLOOKUP(1,(DESC_PROV[LINEA]=$B$2)*(DESC_PROV[LISTA]=$C$2),DESC_PROV[DESCUENTO])), ((B18*(1+IFERROR(VLOOKUP($D$2,COLORES[],2,FALSE),0)))+E18) *(1-_xlfn.XLOOKUP(1,(DESC_PROV[LINEA]=$B$2)*(DESC_PROV[LISTA]=$C$2),DESC_PROV[DESCUENTO])) *(1+VLOOKUP($C$2,LISTAS[],2,FALSE)) *(1+VLOOKUP($C$2,LISTAS[],3,FALSE)) ) /5,0)*5,0)} -> 70460 | I18: {=IFERROR( ROUND( IF($A$2="COSTO", ((B18*(1+IFERROR(VLOOKUP($D$2,COLORES[],2,FALSE),0))) + C18 + E18) *(1-_xlfn.XLOOKUP(1,(DESC_PROV[LINEA]=$B$2)*(DESC_PROV[LISTA]=$C$2),DESC_PROV[DESCUENTO])), ((B18*(1+IFERROR(VLOOKUP($D$2,COLORES[],2,FALSE),0))) + C18 + E18) *(1-_xlfn.XLOOKUP(1,(DESC_PROV[LINEA]=$B$2)*(DESC_PROV[LISTA]=$C$2),DESC_PROV[DESCUENTO])) *(1+VLOOKUP($C$2,LISTAS[],2,FALSE)) *(1+VLOOKUP($C$2,LISTAS[],3,FALSE)) ) /5,0)*5,0)} -> 82625 | J18: {=IFERROR( ROUND( IF($A$2="COSTO", (D18*(1+IFERROR(VLOOKUP($D$2,COLORES[],2,FALSE),0))) *(1-_xlfn.XLOOKUP(1,(DESC_PROV[LINEA]=$B$2)*(DESC_PROV[LISTA]=$C$2),DESC_PROV[DESCUENTO])), (D18*(1+IFERROR(VLOOKUP($D$2,COLORES[],2,FALSE),0))) *(1-_xlfn.XLOOKUP(1,(DESC_PROV[LINEA]=$B$2)*(DESC_PROV[LISTA]=$C$2),DESC_PROV[DESCUENTO])) *(1+VLOOKUP($C$2,LISTAS[],2,FALSE)) *(1+VLOOKUP($C$2,LISTAS[],4,FALSE)) ) /5,0)*5,0)} -> 28355 | K18: {=IFERROR( ROUND( IF($A$2="COSTO", (B18*(1+IFERROR(VLOOKUP($D$2,COLORES[],2,FALSE),0))+E18) *(1+VLOOKUP($C$2,LISTAS[],5,FALSE)) *(1-_xlfn.XLOOKUP(1,(DESC_PROV[LINEA]=$B$2)*(DESC_PROV[LISTA]=$C$2),DESC_PROV[DESCUENTO])), (B18*(1+IFERROR(VLOOKUP($D$2,COLORES[],2,FALSE),0))+E18) *(1-_xlfn.XLOOKUP(1,(DESC_PROV[LINEA]=$B$2)*(DESC_PROV[LISTA]=$C$2),DESC_PROV[DESCUENTO])) *(1+VLOOKUP($C$2,LISTAS[],5,FALSE)) *(1+VLOOKUP($C$2,LISTAS[],2,FALSE)) *(1+VLOOKUP($C$2,LISTAS[],3,FALSE)) ) /5,0)*5,0)} -> 91595
A19: 180x60 | B19: 50407 | C19: 9809 | D19: 21067 | E19: 13159 | G19: 180x60 | H19: {=IFERROR( ROUND( IF($A$2="COSTO", ((B19*(1+IFERROR(VLOOKUP($D$2,COLORES[],2,FALSE),0)))+E19) *(1-_xlfn.XLOOKUP(1,(DESC_PROV[LINEA]=$B$2)*(DESC_PROV[LISTA]=$C$2),DESC_PROV[DESCUENTO])), ((B19*(1+IFERROR(VLOOKUP($D$2,COLORES[],2,FALSE),0)))+E19) *(1-_xlfn.XLOOKUP(1,(DESC_PROV[LINEA]=$B$2)*(DESC_PROV[LISTA]=$C$2),DESC_PROV[DESCUENTO])) *(1+VLOOKUP($C$2,LISTAS[],2,FALSE)) *(1+VLOOKUP($C$2,LISTAS[],3,FALSE)) ) /5,0)*5,0)} -> 78835 | I19: {=IFERROR( ROUND( IF($A$2="COSTO", ((B19*(1+IFERROR(VLOOKUP($D$2,COLORES[],2,FALSE),0))) + C19 + E19) *(1-_xlfn.XLOOKUP(1,(DESC_PROV[LINEA]=$B$2)*(DESC_PROV[LISTA]=$C$2),DESC_PROV[DESCUENTO])), ((B19*(1+IFERROR(VLOOKUP($D$2,COLORES[],2,FALSE),0))) + C19 + E19) *(1-_xlfn.XLOOKUP(1,(DESC_PROV[LINEA]=$B$2)*(DESC_PROV[LISTA]=$C$2),DESC_PROV[DESCUENTO])) *(1+VLOOKUP($C$2,LISTAS[],2,FALSE)) *(1+VLOOKUP($C$2,LISTAS[],3,FALSE)) ) /5,0)*5,0)} -> 91000 | J19: {=IFERROR( ROUND( IF($A$2="COSTO", (D19*(1+IFERROR(VLOOKUP($D$2,COLORES[],2,FALSE),0))) *(1-_xlfn.XLOOKUP(1,(DESC_PROV[LINEA]=$B$2)*(DESC_PROV[LISTA]=$C$2),DESC_PROV[DESCUENTO])), (D19*(1+IFERROR(VLOOKUP($D$2,COLORES[],2,FALSE),0))) *(1-_xlfn.XLOOKUP(1,(DESC_PROV[LINEA]=$B$2)*(DESC_PROV[LISTA]=$C$2),DESC_PROV[DESCUENTO])) *(1+VLOOKUP($C$2,LISTAS[],2,FALSE)) *(1+VLOOKUP($C$2,LISTAS[],4,FALSE)) ) /5,0)*5,0)} -> 32155 | K19: {=IFERROR( ROUND( IF($A$2="COSTO", (B19*(1+IFERROR(VLOOKUP($D$2,COLORES[],2,FALSE),0))+E19) *(1+VLOOKUP($C$2,LISTAS[],5,FALSE)) *(1-_xlfn.XLOOKUP(1,(DESC_PROV[LINEA]=$B$2)*(DESC_PROV[LISTA]=$C$2),DESC_PROV[DESCUENTO])), (B19*(1+IFERROR(VLOOKUP($D$2,COLORES[],2,FALSE),0))+E19) *(1-_xlfn.XLOOKUP(1,(DESC_PROV[LINEA]=$B$2)*(DESC_PROV[LISTA]=$C$2),DESC_PROV[DESCUENTO])) *(1+VLOOKUP($C$2,LISTAS[],5,FALSE)) *(1+VLOOKUP($C$2,LISTAS[],2,FALSE)) *(1+VLOOKUP($C$2,LISTAS[],3,FALSE)) ) /5,0)*5,0)} -> 102485
... A59: 240x200 | B59: 121758 | C59: 32697 | D59: 58222 | E59: 71204 | G59: 240x200 | H59: {=IFERROR( ROUND( IF($A$2="COSTO", ((B59*(1+IFERROR(VLOOKUP($D$2,COLORES[],2,FALSE),0)))+E59) *(1-_xlfn.XLOOKUP(1,(DESC_PROV[LINEA]=$B$2)*(DESC_PROV[LISTA]=$C$2),DESC_PROV[DESCUENTO])), ((B59*(1+IFERROR(VLOOKUP($D$2,COLORES[],2,FALSE),0)))+E59) *(1-_xlfn.XLOOKUP(1,(DESC_PROV[LINEA]=$B$2)*(DESC_PROV[LISTA]=$C$2),DESC_PROV[DESCUENTO])) *(1+VLOOKUP($C$2,LISTAS[],2,FALSE)) *(1+VLOOKUP($C$2,LISTAS[],3,FALSE)) ) /5,0)*5,0)} -> 239310 | I59: {=IFERROR( ROUND( IF($A$2="COSTO", ((B59*(1+IFERROR(VLOOKUP($D$2,COLORES[],2,FALSE),0))) + C59 + E59) *(1-_xlfn.XLOOKUP(1,(DESC_PROV[LINEA]=$B$2)*(DESC_PROV[LISTA]=$C$2),DESC_PROV[DESCUENTO])), ((B59*(1+IFERROR(VLOOKUP($D$2,COLORES[],2,FALSE),0))) + C59 + E59) *(1-_xlfn.XLOOKUP(1,(DESC_PROV[LINEA]=$B$2)*(DESC_PROV[LISTA]=$C$2),DESC_PROV[DESCUENTO])) *(1+VLOOKUP($C$2,LISTAS[],2,FALSE)) *(1+VLOOKUP($C$2,LISTAS[],3,FALSE)) ) /5,0)*5,0)} -> 279860 | J59: {=IFERROR( ROUND( IF($A$2="COSTO", (D59*(1+IFERROR(VLOOKUP($D$2,COLORES[],2,FALSE),0))) *(1-_xlfn.XLOOKUP(1,(DESC_PROV[LINEA]=$B$2)*(DESC_PROV[LISTA]=$C$2),DESC_PROV[DESCUENTO])), (D59*(1+IFERROR(VLOOKUP($D$2,COLORES[],2,FALSE),0))) *(1-_xlfn.XLOOKUP(1,(DESC_PROV[LINEA]=$B$2)*(DESC_PROV[LISTA]=$C$2),DESC_PROV[DESCUENTO])) *(1+VLOOKUP($C$2,LISTAS[],2,FALSE)) *(1+VLOOKUP($C$2,LISTAS[],4,FALSE)) ) /5,0)*5,0)} -> 88870 | K59: {=IFERROR( ROUND( IF($A$2="COSTO", (B59*(1+IFERROR(VLOOKUP($D$2,COLORES[],2,FALSE),0))+E59) *(1+VLOOKUP($C$2,LISTAS[],5,FALSE)) *(1-_xlfn.XLOOKUP(1,(DESC_PROV[LINEA]=$B$2)*(DESC_PROV[LISTA]=$C$2),DESC_PROV[DESCUENTO])), (B59*(1+IFERROR(VLOOKUP($D$2,COLORES[],2,FALSE),0))+E59) *(1-_xlfn.XLOOKUP(1,(DESC_PROV[LINEA]=$B$2)*(DESC_PROV[LISTA]=$C$2),DESC_PROV[DESCUENTO])) *(1+VLOOKUP($C$2,LISTAS[],5,FALSE)) *(1+VLOOKUP($C$2,LISTAS[],2,FALSE)) *(1+VLOOKUP($C$2,LISTAS[],3,FALSE)) ) /5,0)*5,0)} -> 311105
A60: 240x205 | B60: =B59*(1+5%) -> 127845.9 | C60: =C59*(1+5%) -> 34331.85 | D60: =D59*(1+5%) -> 61133.1 | E60: =E59*(1+5%) -> 74764.2 | G60: 240x205 | H60: {=IFERROR( ROUND( IF($A$2="COSTO", ((B60*(1+IFERROR(VLOOKUP($D$2,COLORES[],2,FALSE),0)))+E60) *(1-_xlfn.XLOOKUP(1,(DESC_PROV[LINEA]=$B$2)*(DESC_PROV[LISTA]=$C$2),DESC_PROV[DESCUENTO])), ((B60*(1+IFERROR(VLOOKUP($D$2,COLORES[],2,FALSE),0)))+E60) *(1-_xlfn.XLOOKUP(1,(DESC_PROV[LINEA]=$B$2)*(DESC_PROV[LISTA]=$C$2),DESC_PROV[DESCUENTO])) *(1+VLOOKUP($C$2,LISTAS[],2,FALSE)) *(1+VLOOKUP($C$2,LISTAS[],3,FALSE)) ) /5,0)*5,0)} -> 251275 | I60: {=IFERROR( ROUND( IF($A$2="COSTO", ((B60*(1+IFERROR(VLOOKUP($D$2,COLORES[],2,FALSE),0))) + C60 + E60) *(1-_xlfn.XLOOKUP(1,(DESC_PROV[LINEA]=$B$2)*(DESC_PROV[LISTA]=$C$2),DESC_PROV[DESCUENTO])), ((B60*(1+IFERROR(VLOOKUP($D$2,COLORES[],2,FALSE),0))) + C60 + E60) *(1-_xlfn.XLOOKUP(1,(DESC_PROV[LINEA]=$B$2)*(DESC_PROV[LISTA]=$C$2),DESC_PROV[DESCUENTO])) *(1+VLOOKUP($C$2,LISTAS[],2,FALSE)) *(1+VLOOKUP($C$2,LISTAS[],3,FALSE)) ) /5,0)*5,0)} -> 293855 | J60: {=IFERROR( ROUND( IF($A$2="COSTO", (D60*(1+IFERROR(VLOOKUP($D$2,COLORES[],2,FALSE),0))) *(1-_xlfn.XLOOKUP(1,(DESC_PROV[LINEA]=$B$2)*(DESC_PROV[LISTA]=$C$2),DESC_PROV[DESCUENTO])), (D60*(1+IFERROR(VLOOKUP($D$2,COLORES[],2,FALSE),0))) *(1-_xlfn.XLOOKUP(1,(DESC_PROV[LINEA]=$B$2)*(DESC_PROV[LISTA]=$C$2),DESC_PROV[DESCUENTO])) *(1+VLOOKUP($C$2,LISTAS[],2,FALSE)) *(1+VLOOKUP($C$2,LISTAS[],4,FALSE)) ) /5,0)*5,0)} -> 93315 | K60: {=IFERROR( ROUND( IF($A$2="COSTO", (B60*(1+IFERROR(VLOOKUP($D$2,COLORES[],2,FALSE),0))+E60) *(1+VLOOKUP($C$2,LISTAS[],5,FALSE)) *(1-_xlfn.XLOOKUP(1,(DESC_PROV[LINEA]=$B$2)*(DESC_PROV[LISTA]=$C$2),DESC_PROV[DESCUENTO])), (B60*(1+IFERROR(VLOOKUP($D$2,COLORES[],2,FALSE),0))+E60) *(1-_xlfn.XLOOKUP(1,(DESC_PROV[LINEA]=$B$2)*(DESC_PROV[LISTA]=$C$2),DESC_PROV[DESCUENTO])) *(1+VLOOKUP($C$2,LISTAS[],5,FALSE)) *(1+VLOOKUP($C$2,LISTAS[],2,FALSE)) *(1+VLOOKUP($C$2,LISTAS[],3,FALSE)) ) /5,0)*5,0)} -> 326660

Sheet mosquiteros
A1: MODO | B1: LINEA | C1: LISTA | D1: COLOR | E1: COLOR
A2: =CONTROL!B4 -> VENTA | B2: HERRERO | C2: GUILLE | D2: =CONTROL!D4 -> BLANCO | E2: ='ventana herrero'!C2 -> AMARILLA
A5: MOSQUITEROS (VENTANA COLOCADA)
A6: Medidas | B6: MOSQUITERO | D6: Medidas | E6: MOSQUITERO
A7: 60x50 | B7: 11094 | D7: 60x50 | E7: =IFERROR( ROUND( IF($A$2="COSTO", B7 *(1+IFERROR(VLOOKUP($D$2,COLORES[],2,FALSE),0)) *(1+VLOOKUP($C$2,LISTAS[],6,FALSE)), B7 *(1+IFERROR(VLOOKUP($D$2,COLORES[],2,FALSE),0)) *(1+VLOOKUP($C$2,LISTAS[],6,FALSE)) *(1+_xlfn.XLOOKUP($C$2,LISTAS[Lista],LISTAS[Mosq])) ),0),0) -> 22046
A8: 80x50 | B8: 12830 | D8: 80x50 | E8: =IFERROR( ROUND( IF($A$2="COSTO", B8 *(1+IFERROR(VLOOKUP($D$2,COLORES[],2,FALSE),0)) *(1+VLOOKUP($C$2,LISTAS[],6,FALSE)), B8 *(1+IFERROR(VLOOKUP($D$2,COLORES[],2,FALSE),0)) *(1+VLOOKUP($C$2,LISTAS[],6,FALSE)) *(1+_xlfn.XLOOKUP($C$2,LISTAS[Lista],LISTAS[Mosq])) ),0),0) -> 25496
A9: 100x50 | B9: 14565 | D9: 100x50 | E9: =IFERROR( ROUND( IF($A$2="COSTO", B9 *(1+IFERROR(VLOOKUP($D$2,COLORES[],2,FALSE),0)) *(1+VLOOKUP($C$2,LISTAS[],6,FALSE)), B9 *(1+IFERROR(VLOOKUP($D$2,COLORES[],2,FALSE),0)) *(1+VLOOKUP($C$2,LISTAS[],6,FALSE)) *(1+_xlfn.XLOOKUP($C$2,LISTAS[Lista],LISTAS[Mosq])) ),0),0) -> 28944
A10: 120x50 | B10: 16300 | D10: 120x50 | E10: =IFERROR( ROUND( IF($A$2="COSTO", B10 *(1+IFERROR(VLOOKUP($D$2,COLORES[],2,FALSE),0)) *(1+VLOOKUP($C$2,LISTAS[],6,FALSE)), B10 *(1+IFERROR(VLOOKUP($D$2,COLORES[],2,FALSE),0)) *(1+VLOOKUP($C$2,LISTAS[],6,FALSE)) *(1+_xlfn.XLOOKUP($C$2,LISTAS[Lista],LISTAS[Mosq])) ),0),0) -> 32391
A11: 150x50 | B11: 18905 | D11: 150x50 | E11: =IFERROR( ROUND( IF($A$2="COSTO", B11 *(1+IFERROR(VLOOKUP($D$2,COLORES[],2,FALSE),0)) *(1+VLOOKUP($C$2,LISTAS[],6,FALSE)), B11 *(1+IFERROR(VLOOKUP($D$2,COLORES[],2,FALSE),0)) *(1+VLOOKUP($C$2,LISTAS[],6,FALSE)) *(1+_xlfn.XLOOKUP($C$2,LISTAS[Lista],LISTAS[Mosq])) ),0),0) -> 37568
A12: 180x50 | B12: 21508 | D12: 180x50 | E12: =IFERROR( ROUND( IF($A$2="COSTO", B12 *(1+IFERROR(VLOOKUP($D$2,COLORES[],2,FALSE),0)) *(1+VLOOKUP($C$2,LISTAS[],6,FALSE)), B12 *(1+IFERROR(VLOOKUP($D$2,COLORES[],2,FALSE),0)) *(1+VLOOKUP($C$2,LISTAS[],6,FALSE)) *(1+_xlfn.XLOOKUP($C$2,LISTAS[Lista],LISTAS[Mosq])) ),0),0) -> 42741
A13: 200x50 | B13: 23244 | D13: 200x50 | E13: =IFERROR( ROUND( IF($A$2="COSTO", B13 *(1+IFERROR(VLOOKUP($D$2,COLORES[],2,FALSE),0)) *(1+VLOOKUP($C$2,LISTAS[],6,FALSE)), B13 *(1+IFERROR(VLOOKUP($D$2,COLORES[],2,FALSE),0)) *(1+VLOOKUP($C$2,LISTAS[],6,FALSE)) *(1+_xlfn.XLOOKUP($C$2,LISTAS[Lista],LISTAS[Mosq])) ),0),0) -> 46190
A14: 80x80 | B14: 17580 | D14: 80x80 | E14: =IFERROR( ROUND( IF($A$2="COSTO", B14 *(1+IFERROR(VLOOKUP($D$2,COLORES[],2,FALSE),0)) *(1+VLOOKUP($C$2,LISTAS[],6,FALSE)), B14 *(1+IFERROR(VLOOKUP($D$2,COLORES[],2,FALSE),0)) *(1+VLOOKUP($C$2,LISTAS[],6,FALSE)) *(1+_xlfn.XLOOKUP($C$2,LISTAS[Lista],LISTAS[Mosq])) ),0),0) -> 34935
A15: 100x80 | B15: 19772 | D15: 100x80 | E15: =IFERROR( ROUND( IF($A$2="COSTO", B15 *(1+IFERROR(VLOOKUP($D$2,COLORES[],2,FALSE),0)) *(1+VLOOKUP($C$2,LISTAS[],6,FALSE)), B15 *(1+IFERROR(VLOOKUP($D$2,COLORES[],2,FALSE),0)) *(1+VLOOKUP($C$2,LISTAS[],6,FALSE)) *(1+_xlfn.XLOOKUP($C$2,LISTAS[Lista],LISTAS[Mosq])) ),0),0) -> 39291
A16: 120x80 | B16: 21965 | D16: 120x80 | E16: =IFERROR( ROUND( IF($A$2="COSTO", B16 *(1+IFERROR(VLOOKUP($D$2,COLORES[],2,FALSE),0)) *(1+VLOOKUP($C$2,LISTAS[],6,FALSE)), B16 *(1+IFERROR(VLOOKUP($D$2,COLORES[],2,FALSE),0)) *(1+VLOOKUP($C$2,LISTAS[],6,FALSE)) *(1+_xlfn.XLOOKUP($C$2,LISTAS[Lista],LISTAS[Mosq])) ),0),0) -> 43649
A17: 150x80 | B17: 25254 | D17: 150x80 | E17: =IFERROR( ROUND( IF($A$2="COSTO", B17 *(1+IFERROR(VLOOKUP($D$2,COLORES[],2,FALSE),0)) *(1+VLOOKUP($C$2,LISTAS[],6,FALSE)), B17 *(1+IFERROR(VLOOKUP($D$2,COLORES[],2,FALSE),0)) *(1+VLOOKUP($C$2,LISTAS[],6,FALSE)) *(1+_xlfn.XLOOKUP($C$2,LISTAS[Lista],LISTAS[Mosq])) ),0),0) -> 50185
A18: 180x80 | B18: 28542 | D18: 180x80 | E18: =IFERROR( ROUND( IF($A$2="COSTO", B18 *(1+IFERROR(VLOOKUP($D$2,COLORES[],2,FALSE),0)) *(1+VLOOKUP($C$2,LISTAS[],6,FALSE)), B18 *(1+IFERROR(VLOOKUP($D$2,COLORES[],2,FALSE),0)) *(1+VLOOKUP($C$2,LISTAS[],6,FALSE)) *(1+_xlfn.XLOOKUP($C$2,LISTAS[Lista],LISTAS[Mosq])) ),0),0) -> 56719
... A60: 240x205 | B60: 74000 | D60: 240x205 | E60: =IFERROR( ROUND( IF($A$2="COSTO", B60 *(1+IFERROR(VLOOKUP($D$2,COLORES[],2,FALSE),0)) *(1+VLOOKUP($C$2,LISTAS[],6,FALSE)), B60 *(1+IFERROR(VLOOKUP($D$2,COLORES[],2,FALSE),0)) *(1+VLOOKUP($C$2,LISTAS[],6,FALSE)) *(1+_xlfn.XLOOKUP($C$2,LISTAS[Lista],LISTAS[Mosq])) ),0),0) -> 147053

Sheet rajas herrero
A1: MODO | B1: LINEA | C1: LISTA | D1: COLOR
A2: =CONTROL!B4 -> VENTA | B2: HERRERO | C2: =CONTROL!C4 -> AMARILLA | D2: =CONTROL!D4 -> BLANCO
A5: RAJAS DE ABRIR HERRERO | K5: RAJAS DE ABRIR HERRERO
A6: Medidas | B6: sin vidrio | C6: 3mm | D6: 4mm | E6: 5mm | F6: esmerilado | G6: fantasia | H6: 3+3 | K6: Medidas | L6: 3mm | M6: 4mm | N6: 5mm | O6: esmerilado | P6: fantasia | Q6: 3+3
A7: 40x40 | B7: 30411 | C7: 2308 | D7: 2796 | E7: 3683 | F7: 7973 | G7: 3077 | H7: 11924 | K7: 40x40 | L7: {=IFERROR( ROUND( IF($A$2="COSTO", ((B7*(1+IFERROR(VLOOKUP($D$2,COLORES[],2,FALSE),0)))+C7) *(1-_xlfn.XLOOKUP(1,(DESC_PROV[LINEA]=$B$2)*(DESC_PROV[LISTA]=$C$2),DESC_PROV[DESCUENTO])), ((B7*(1+IFERROR(VLOOKUP($D$2,COLORES[],2,FALSE),0)))+C7) *(1-_xlfn.XLOOKUP(1,(DESC_PROV[LINEA]=$B$2)*(DESC_PROV[LISTA]=$C$2),DESC_PROV[DESCUENTO])) *(1+VLOOKUP($C$2,LISTAS[],2,FALSE)) *(1+VLOOKUP($C$2,LISTAS[],3,FALSE)) ) /5,0)*5,0)} -> 40580 | M7: {=IFERROR( ROUND( IF($A$2="COSTO", ((B7*(1+IFERROR(VLOOKUP($D$2,COLORES[],2,FALSE),0)))+D7) *(1-_xlfn.XLOOKUP(1,(DESC_PROV[LINEA]=$B$2)*(DESC_PROV[LISTA]=$C$2),DESC_PROV[DESCUENTO])), ((B7*(1+IFERROR(VLOOKUP($D$2,COLORES[],2,FALSE),0)))+D7) *(1-_xlfn.XLOOKUP(1,(DESC_PROV[LINEA]=$B$2)*(DESC_PROV[LISTA]=$C$2),DESC_PROV[DESCUENTO])) *(1+VLOOKUP($C$2,LISTAS[],2,FALSE)) *(1+VLOOKUP($C$2,LISTAS[],3,FALSE)) ) /5,0)*5,0)} -> 41185 | N7: {=IFERROR( ROUND( IF($A$2="COSTO", ((B7*(1+IFERROR(VLOOKUP($D$2,COLORES[],2,FALSE),0)))+E7) *(1-_xlfn.XLOOKUP(1,(DESC_PROV[LINEA]=$B$2)*(DESC_PROV[LISTA]=$C$2),DESC_PROV[DESCUENTO])), ((B7*(1+IFERROR(VLOOKUP($D$2,COLORES[],2,FALSE),0)))+E7) *(1-_xlfn.XLOOKUP(1,(DESC_PROV[LINEA]=$B$2)*(DESC_PROV[LISTA]=$C$2),DESC_PROV[DESCUENTO])) *(1+VLOOKUP($C$2,LISTAS[],2,FALSE)) *(1+VLOOKUP($C$2,LISTAS[],3,FALSE)) ) /5,0)*5,0)} -> 42285 | O7: {=IFERROR( ROUND( IF($A$2="COSTO", ((B7*(1+IFERROR(VLOOKUP($D$2,COLORES[],2,FALSE),0)))+F7) *(1-_xlfn.XLOOKUP(1,(DESC_PROV[LINEA]=$B$2)*(DESC_PROV[LISTA]=$C$2),DESC_PROV[DESCUENTO])), ((B7*(1+IFERROR(VLOOKUP($D$2,COLORES[],2,FALSE),0)))+F7) *(1-_xlfn.XLOOKUP(1,(DESC_PROV[LINEA]=$B$2)*(DESC_PROV[LISTA]=$C$2),DESC_PROV[DESCUENTO])) *(1+VLOOKUP($C$2,LISTAS[],2,FALSE)) *(1+VLOOKUP($C$2,LISTAS[],3,FALSE)) ) /5,0)*5,0)} -> 47605 | P7: {=IFERROR( ROUND( IF($A$2="COSTO", ((B7*(1+IFERROR(VLOOKUP($D$2,COLORES[],2,FALSE),0)))+G7) *(1-_xlfn.XLOOKUP(1,(DESC_PROV[LINEA]=$B$2)*(DESC_PROV[LISTA]=$C$2),DESC_PROV[DESCUENTO])), ((B7*(1+IFERROR(VLOOKUP($D$2,COLORES[],2,FALSE),0)))+G7) *(1-_xlfn.XLOOKUP(1,(DESC_PROV[LINEA]=$B$2)*(DESC_PROV[LISTA]=$C$2),DESC_PROV[DESCUENTO])) *(1+VLOOKUP($C$2,LISTAS[],2,FALSE)) *(1+VLOOKUP($C$2,LISTAS[],3,FALSE)) ) /5,0)*5,0)} -> 41530 | Q7: {=IFERROR( ROUND( IF($A$2="COSTO", ((B7*(1+IFERROR(VLOOKUP($D$2,COLORES[],2,FALSE),0)))+H7) *(1-_xlfn.XLOOKUP(1,(DESC_PROV[LINEA]=$B$2)*(DESC_PROV[LISTA]=$C$2),DESC_PROV[DESCUENTO])), ((B7*(1+IFERROR(VLOOKUP($D$2,COLORES[],2,FALSE),0)))+H7) *(1-_xlfn.XLOOKUP(1,(DESC_PROV[LINEA]=$B$2)*(DESC_PROV[LISTA]=$C$2),DESC_PROV[DESCUENTO])) *(1+VLOOKUP($C$2,LISTAS[],2,FALSE)) *(1+VLOOKUP($C$2,LISTAS[],3,FALSE)) ) /5,0)*5,0)} -> 52505
A8: 50x40 | B8: 32505 | C8: 3077 | D8: 3729 | E8: 4914 | F8: 10634 | G8: 4109 | H8: 15910 | K8: 50x40 | L8: {=IFERROR( ROUND( IF($A$2="COSTO", ((B8*(1+IFERROR(VLOOKUP($D$2,COLORES[],2,FALSE),0)))+C8) *(1-_xlfn.XLOOKUP(1,(DESC_PROV[LINEA]=$B$2)*(DESC_PROV[LISTA]=$C$2),DESC_PROV[DESCUENTO])), ((B8*(1+IFERROR(VLOOKUP($D$2,COLORES[],2,FALSE),0)))+C8) *(1-_xlfn.XLOOKUP(1,(DESC_PROV[LINEA]=$B$2)*(DESC_PROV[LISTA]=$C$2),DESC_PROV[DESCUENTO])) *(1+VLOOKUP($C$2,LISTAS[],2,FALSE)) *(1+VLOOKUP($C$2,LISTAS[],3,FALSE)) ) /5,0)*5,0)} -> 44130 | M8: {=IFERROR( ROUND( IF($A$2="COSTO", ((B8*(1+IFERROR(VLOOKUP($D$2,COLORES[],2,FALSE),0)))+D8) *(1-_xlfn.XLOOKUP(1,(DESC_PROV[LINEA]=$B$2)*(DESC_PROV[LISTA]=$C$2),DESC_PROV[DESCUENTO])), ((B8*(1+IFERROR(VLOOKUP($D$2,COLORES[],2,FALSE),0)))+D8) *(1-_xlfn.XLOOKUP(1,(DESC_PROV[LINEA]=$B$2)*(DESC_PROV[LISTA]=$C$2),DESC_PROV[DESCUENTO])) *(1+VLOOKUP($C$2,LISTAS[],2,FALSE)) *(1+VLOOKUP($C$2,LISTAS[],3,FALSE)) ) /5,0)*5,0)} -> 44935 | N8: {=IFERROR( ROUND( IF($A$2="COSTO", ((B8*(1+IFERROR(VLOOKUP($D$2,COLORES[],2,FALSE),0)))+E8) *(1-_xlfn.XLOOKUP(1,(DESC_PROV[LINEA]=$B$2)*(DESC_PROV[LISTA]=$C$2),DESC_PROV[DESCUENTO])), ((B8*(1+IFERROR(VLOOKUP($D$2,COLORES[],2,FALSE),0)))+E8) *(1-_xlfn.XLOOKUP(1,(DESC_PROV[LINEA]=$B$2)*(DESC_PROV[LISTA]=$C$2),DESC_PROV[DESCUENTO])) *(1+VLOOKUP($C$2,LISTAS[],2,FALSE)) *(1+VLOOKUP($C$2,LISTAS[],3,FALSE)) ) /5,0)*5,0)} -> 46405 | O8: {=IFERROR( ROUND( IF($A$2="COSTO", ((B8*(1+IFERROR(VLOOKUP($D$2,COLORES[],2,FALSE),0)))+F8) *(1-_xlfn.XLOOKUP(1,(DESC_PROV[LINEA]=$B$2)*(DESC_PROV[LISTA]=$C$2),DESC_PROV[DESCUENTO])), ((B8*(1+IFERROR(VLOOKUP($D$2,COLORES[],2,FALSE),0)))+F8) *(1-_xlfn.XLOOKUP(1,(DESC_PROV[LINEA]=$B$2)*(DESC_PROV[LISTA]=$C$2),DESC_PROV[DESCUENTO])) *(1+VLOOKUP($C$2,LISTAS[],2,FALSE)) *(1+VLOOKUP($C$2,LISTAS[],3,FALSE)) ) /5,0)*5,0)} -> 53500 | P8: {=IFERROR( ROUND( IF($A$2="COSTO", ((B8*(1+IFERROR(VLOOKUP($D$2,COLORES[],2,FALSE),0)))+G8) *(1-_xlfn.XLOOKUP(1,(DESC_PROV[LINEA]=$B$2)*(DESC_PROV[LISTA]=$C$2),DESC_PROV[DESCUENTO])), ((B8*(1+IFERROR(VLOOKUP($D$2,COLORES[],2,FALSE),0)))+G8) *(1-_xlfn.XLOOKUP(1,(DESC_PROV[LINEA]=$B$2)*(DESC_PROV[LISTA]=$C$2),DESC_PROV[DESCUENTO])) *(1+VLOOKUP($C$2,LISTAS[],2,FALSE)) *(1+VLOOKUP($C$2,LISTAS[],3,FALSE)) ) /5,0)*5,0)} -> 45410 | Q8: {=IFERROR( ROUND( IF($A$2="COSTO", ((B8*(1+IFERROR(VLOOKUP($D$2,COLORES[],2,FALSE),0)))+H8) *(1-_xlfn.XLOOKUP(1,(DESC_PROV[LINEA]=$B$2)*(DESC_PROV[LISTA]=$C$2),DESC_PROV[DESCUENTO])), ((B8*(1+IFERROR(VLOOKUP($D$2,COLORES[],2,FALSE),0)))+H8) *(1-_xlfn.XLOOKUP(1,(DESC_PROV[LINEA]=$B$2)*(DESC_PROV[LISTA]=$C$2),DESC_PROV[DESCUENTO])) *(1+VLOOKUP($C$2,LISTAS[],2,FALSE)) *(1+VLOOKUP($C$2,LISTAS[],3,FALSE)) ) /5,0)*5,0)} -> 60045
A9: 60x40 | B9: 34605 | C9: 3846 | D9: 4661 | E9: 6145 | F9: 13294 | G9: 5140 | H9: 19896 | K9: 60x40 | L9: {=IFERROR( ROUND( IF($A$2="COSTO", ((B9*(1+IFERROR(VLOOKUP($D$2,COLORES[],2,FALSE),0)))+C9) *(1-_xlfn.XLOOKUP(1,(DESC_PROV[LINEA]=$B$2)*(DESC_PROV[LISTA]=$C$2),DESC_PROV[DESCUENTO])), ((B9*(1+IFERROR(VLOOKUP($D$2,COLORES[],2,FALSE),0)))+C9) *(1-_xlfn.XLOOKUP(1,(DESC_PROV[LINEA]=$B$2)*(DESC_PROV[LISTA]=$C$2),DESC_PROV[DESCUENTO])) *(1+VLOOKUP($C$2,LISTAS[],2,FALSE)) *(1+VLOOKUP($C$2,LISTAS[],3,FALSE)) ) /5,0)*5,0)} -> 47685 | M9: {=IFERROR( ROUND( IF($A$2="COSTO", ((B9*(1+IFERROR(VLOOKUP($D$2,COLORES[],2,FALSE),0)))+D9) *(1-_xlfn.XLOOKUP(1,(DESC_PROV[LINEA]=$B$2)*(DESC_PROV[LISTA]=$C$2),DESC_PROV[DESCUENTO])), ((B9*(1+IFERROR(VLOOKUP($D$2,COLORES[],2,FALSE),0)))+D9) *(1-_xlfn.XLOOKUP(1,(DESC_PROV[LINEA]=$B$2)*(DESC_PROV[LISTA]=$C$2),DESC_PROV[DESCUENTO])) *(1+VLOOKUP($C$2,LISTAS[],2,FALSE)) *(1+VLOOKUP($C$2,LISTAS[],3,FALSE)) ) /5,0)*5,0)} -> 48700 | N9: {=IFERROR( ROUND( IF($A$2="COSTO", ((B9*(1+IFERROR(VLOOKUP($D$2,COLORES[],2,FALSE),0)))+E9) *(1-_xlfn.XLOOKUP(1,(DESC_PROV[LINEA]=$B$2)*(DESC_PROV[LISTA]=$C$2),DESC_PROV[DESCUENTO])), ((B9*(1+IFERROR(VLOOKUP($D$2,COLORES[],2,FALSE),0)))+E9) *(1-_xlfn.XLOOKUP(1,(DESC_PROV[LINEA]=$B$2)*(DESC_PROV[LISTA]=$C$2),DESC_PROV[DESCUENTO])) *(1+VLOOKUP($C$2,LISTAS[],2,FALSE)) *(1+VLOOKUP($C$2,LISTAS[],3,FALSE)) ) /5,0)*5,0)} -> 50540 | O9: {=IFERROR( ROUND( IF($A$2="COSTO", ((B9*(1+IFERROR(VLOOKUP($D$2,COLORES[],2,FALSE),0)))+F9) *(1-_xlfn.XLOOKUP(1,(DESC_PROV[LINEA]=$B$2)*(DESC_PROV[LISTA]=$C$2),DESC_PROV[DESCUENTO])), ((B9*(1+IFERROR(VLOOKUP($D$2,COLORES[],2,FALSE),0)))+F9) *(1-_xlfn.XLOOKUP(1,(DESC_PROV[LINEA]=$B$2)*(DESC_PROV[LISTA]=$C$2),DESC_PROV[DESCUENTO])) *(1+VLOOKUP($C$2,LISTAS[],2,FALSE)) *(1+VLOOKUP($C$2,LISTAS[],3,FALSE)) ) /5,0)*5,0)} -> 59405 | P9: {=IFERROR( ROUND( IF($A$2="COSTO", ((B9*(1+IFERROR(VLOOKUP($D$2,COLORES[],2,FALSE),0)))+G9) *(1-_xlfn.XLOOKUP(1,(DESC_PROV[LINEA]=$B$2)*(DESC_PROV[LISTA]=$C$2),DESC_PROV[DESCUENTO])), ((B9*(1+IFERROR(VLOOKUP($D$2,COLORES[],2,FALSE),0)))+G9) *(1-_xlfn.XLOOKUP(1,(DESC_PROV[LINEA]=$B$2)*(DESC_PROV[LISTA]=$C$2),DESC_PROV[DESCUENTO])) *(1+VLOOKUP($C$2,LISTAS[],2,FALSE)) *(1+VLOOKUP($C$2,LISTAS[],3,FALSE)) ) /5,0)*5,0)} -> 49290 | Q9: {=IFERROR( ROUND( IF($A$2="COSTO", ((B9*(1+IFERROR(VLOOKUP($D$2,COLORES[],2,FALSE),0)))+H9) *(1-_xlfn.XLOOKUP(1,(DESC_PROV[LINEA]=$B$2)*(DESC_PROV[LISTA]=$C$2),DESC_PROV[DESCUENTO])), ((B9*(1+IFERROR(VLOOKUP($D$2,COLORES[],2,FALSE),0)))+H9) *(1-_xlfn.XLOOKUP(1,(DESC_PROV[LINEA]=$B$2)*(DESC_PROV[LISTA]=$C$2),DESC_PROV[DESCUENTO])) *(1+VLOOKUP($C$2,LISTAS[],2,FALSE)) *(1+VLOOKUP($C$2,LISTAS[],3,FALSE)) ) /5,0)*5,0)} -> 67590
A10: 70x40 | B10: 36700 | C10: 4616 | D10: 5593 | E10: 7376 | F10: 15955 | G10: 6172 | H10: 23881 | K10: 70x40 | L10: {=IFERROR( ROUND( IF($A$2="COSTO", ((B10*(1+IFERROR(VLOOKUP($D$2,COLORES[],2,FALSE),0)))+C10) *(1-_xlfn.XLOOKUP(1,(DESC_PROV[LINEA]=$B$2)*(DESC_PROV[LISTA]=$C$2),DESC_PROV[DESCUENTO])), ((B10*(1+IFERROR(VLOOKUP($D$2,COLORES[],2,FALSE),0)))+C10) *(1-_xlfn.XLOOKUP(1,(DESC_PROV[LINEA]=$B$2)*(DESC_PROV[LISTA]=$C$2),DESC_PROV[DESCUENTO])) *(1+VLOOKUP($C$2,LISTAS[],2,FALSE)) *(1+VLOOKUP($C$2,LISTAS[],3,FALSE)) ) /5,0)*5,0)} -> 51240 | M10: {=IFERROR( ROUND( IF($A$2="COSTO", ((B10*(1+IFERROR(VLOOKUP($D$2,COLORES[],2,FALSE),0)))+D10) *(1-_xlfn.XLOOKUP(1,(DESC_PROV[LINEA]=$B$2)*(DESC_PROV[LISTA]=$C$2),DESC_PROV[DESCUENTO])), ((B10*(1+IFERROR(VLOOKUP($D$2,COLORES[],2,FALSE),0)))+D10) *(1-_xlfn.XLOOKUP(1,(DESC_PROV[LINEA]=$B$2)*(DESC_PROV[LISTA]=$C$2),DESC_PROV[DESCUENTO])) *(1+VLOOKUP($C$2,LISTAS[],2,FALSE)) *(1+VLOOKUP($C$2,LISTAS[],3,FALSE)) ) /5,0)*5,0)} -> 52450 | N10: {=IFERROR( ROUND( IF($A$2="COSTO", ((B10*(1+IFERROR(VLOOKUP($D$2,COLORES[],2,FALSE),0)))+E10) *(1-_xlfn.XLOOKUP(1,(DESC_PROV[LINEA]=$B$2)*(DESC_PROV[LISTA]=$C$2),DESC_PROV[DESCUENTO])), ((B10*(1+IFERROR(VLOOKUP($D$2,COLORES[],2,FALSE),0)))+E10) *(1-_xlfn.XLOOKUP(1,(DESC_PROV[LINEA]=$B$2)*(DESC_PROV[LISTA]=$C$2),DESC_PROV[DESCUENTO])) *(1+VLOOKUP($C$2,LISTAS[],2,FALSE)) *(1+VLOOKUP($C$2,LISTAS[],3,FALSE)) ) /5,0)*5,0)} -> 54665 | O10: {=IFERROR( ROUND( IF($A$2="COSTO", ((B10*(1+IFERROR(VLOOKUP($D$2,COLORES[],2,FALSE),0)))+F10) *(1-_xlfn.XLOOKUP(1,(DESC_PROV[LINEA]=$B$2)*(DESC_PROV[LISTA]=$C$2),DESC_PROV[DESCUENTO])), ((B10*(1+IFERROR(VLOOKUP($D$2,COLORES[],2,FALSE),0)))+F10) *(1-_xlfn.XLOOKUP(1,(DESC_PROV[LINEA]=$B$2)*(DESC_PROV[LISTA]=$C$2),DESC_PROV[DESCUENTO])) *(1+VLOOKUP($C$2,LISTAS[],2,FALSE)) *(1+VLOOKUP($C$2,LISTAS[],3,FALSE)) ) /5,0)*5,0)} -> 65305 | P10: {=IFERROR( ROUND( IF($A$2="COSTO", ((B10*(1+IFERROR(VLOOKUP($D$2,COLORES[],2,FALSE),0)))+G10) *(1-_xlfn.XLOOKUP(1,(DESC_PROV[LINEA]=$B$2)*(DESC_PROV[LISTA]=$C$2),DESC_PROV[DESCUENTO])), ((B10*(1+IFERROR(VLOOKUP($D$2,COLORES[],2,FALSE),0)))+G10) *(1-_xlfn.XLOOKUP(1,(DESC_PROV[LINEA]=$B$2)*(DESC_PROV[LISTA]=$C$2),DESC_PROV[DESCUENTO])) *(1+VLOOKUP($C$2,LISTAS[],2,FALSE)) *(1+VLOOKUP($C$2,LISTAS[],3,FALSE)) ) /5,0)*5,0)} -> 53170 | Q10: {=IFERROR( ROUND( IF($A$2="COSTO", ((B10*(1+IFERROR(VLOOKUP($D$2,COLORES[],2,FALSE),0)))+H10) *(1-_xlfn.XLOOKUP(1,(DESC_PROV[LINEA]=$B$2)*(DESC_PROV[LISTA]=$C$2),DESC_PROV[DESCUENTO])), ((B10*(1+IFERROR(VLOOKUP($D$2,COLORES[],2,FALSE),0)))+H10) *(1-_xlfn.XLOOKUP(1,(DESC_PROV[LINEA]=$B$2)*(DESC_PROV[LISTA]=$C$2),DESC_PROV[DESCUENTO])) *(1+VLOOKUP($C$2,LISTAS[],2,FALSE)) *(1+VLOOKUP($C$2,LISTAS[],3,FALSE)) ) /5,0)*5,0)} -> 75135
A11: 80x40 | B11: 38794 | C11: 5385 | D11: 6525 | E11: 8607 | F11: 18616 | G11: 7204 | H11: 27867 | K11: 80x40 | L11: {=IFERROR( ROUND( IF($A$2="COSTO", ((B11*(1+IFERROR(VLOOKUP($D$2,COLORES[],2,FALSE),0)))+C11) *(1-_xlfn.XLOOKUP(1,(DESC_PROV[LINEA]=$B$2)*(DESC_PROV[LISTA]=$C$2),DESC_PROV[DESCUENTO])), ((B11*(1+IFERROR(VLOOKUP($D$2,COLORES[],2,FALSE),0)))+C11) *(1-_xlfn.XLOOKUP(1,(DESC_PROV[LINEA]=$B$2)*(DESC_PROV[LISTA]=$C$2),DESC_PROV[DESCUENTO])) *(1+VLOOKUP($C$2,LISTAS[],2,FALSE)) *(1+VLOOKUP($C$2,LISTAS[],3,FALSE)) ) /5,0)*5,0)} -> 54790 | M11: {=IFERROR( ROUND( IF($A$2="COSTO", ((B11*(1+IFERROR(VLOOKUP($D$2,COLORES[],2,FALSE),0)))+D11) *(1-_xlfn.XLOOKUP(1,(DESC_PROV[LINEA]=$B$2)*(DESC_PROV[LISTA]=$C$2),DESC_PROV[DESCUENTO])), ((B11*(1+IFERROR(VLOOKUP($D$2,COLORES[],2,FALSE),0)))+D11) *(1-_xlfn.XLOOKUP(1,(DESC_PROV[LINEA]=$B$2)*(DESC_PROV[LISTA]=$C$2),DESC_PROV[DESCUENTO])) *(1+VLOOKUP($C$2,LISTAS[],2,FALSE)) *(1+VLOOKUP($C$2,LISTAS[],3,FALSE)) ) /5,0)*5,0)} -> 56205 | N11: {=IFERROR( ROUND( IF($A$2="COSTO", ((B11*(1+IFERROR(VLOOKUP($D$2,COLORES[],2,FALSE),0)))+E11) *(1-_xlfn.XLOOKUP(1,(DESC_PROV[LINEA]=$B$2)*(DESC_PROV[LISTA]=$C$2),DESC_PROV[DESCUENTO])), ((B11*(1+IFERROR(VLOOKUP($D$2,COLORES[],2,FALSE),0)))+E11) *(1-_xlfn.XLOOKUP(1,(DESC_PROV[LINEA]=$B$2)*(DESC_PROV[LISTA]=$C$2),DESC_PROV[DESCUENTO])) *(1+VLOOKUP($C$2,LISTAS[],2,FALSE)) *(1+VLOOKUP($C$2,LISTAS[],3,FALSE)) ) /5,0)*5,0)} -> 58785 | O11: {=IFERROR( ROUND( IF($A$2="COSTO", ((B11*(1+IFERROR(VLOOKUP($D$2,COLORES[],2,FALSE),0)))+F11) *(1-_xlfn.XLOOKUP(1,(DESC_PROV[LINEA]=$B$2)*(DESC_PROV[LISTA]=$C$2),DESC_PROV[DESCUENTO])), ((B11*(1+IFERROR(VLOOKUP($D$2,COLORES[],2,FALSE),0)))+F11) *(1-_xlfn.XLOOKUP(1,(DESC_PROV[LINEA]=$B$2)*(DESC_PROV[LISTA]=$C$2),DESC_PROV[DESCUENTO])) *(1+VLOOKUP($C$2,LISTAS[],2,FALSE)) *(1+VLOOKUP($C$2,LISTAS[],3,FALSE)) ) /5,0)*5,0)} -> 71200 | P11: {=IFERROR( ROUND( IF($A$2="COSTO", ((B11*(1+IFERROR(VLOOKUP($D$2,COLORES[],2,FALSE),0)))+G11) *(1-_xlfn.XLOOKUP(1,(DESC_PROV[LINEA]=$B$2)*(DESC_PROV[LISTA]=$C$2),DESC_PROV[DESCUENTO])), ((B11*(1+IFERROR(VLOOKUP($D$2,COLORES[],2,FALSE),0)))+G11) *(1-_xlfn.XLOOKUP(1,(DESC_PROV[LINEA]=$B$2)*(DESC_PROV[LISTA]=$C$2),DESC_PROV[DESCUENTO])) *(1+VLOOKUP($C$2,LISTAS[],2,FALSE)) *(1+VLOOKUP($C$2,LISTAS[],3,FALSE)) ) /5,0)*5,0)} -> 57045 | Q11: {=IFERROR( ROUND( IF($A$2="COSTO", ((B11*(1+IFERROR(VLOOKUP($D$2,COLORES[],2,FALSE),0)))+H11) *(1-_xlfn.XLOOKUP(1,(DESC_PROV[LINEA]=$B$2)*(DESC_PROV[LISTA]=$C$2),DESC_PROV[DESCUENTO])), ((B11*(1+IFERROR(VLOOKUP($D$2,COLORES[],2,FALSE),0)))+H11) *(1-_xlfn.XLOOKUP(1,(DESC_PROV[LINEA]=$B$2)*(DESC_PROV[LISTA]=$C$2),DESC_PROV[DESCUENTO])) *(1+VLOOKUP($C$2,LISTAS[],2,FALSE)) *(1+VLOOKUP($C$2,LISTAS[],3,FALSE)) ) /5,0)*5,0)} -> 82675
A12: 90x40 | B12: 40888 | C12: 6154 | D12: 7457 | E12: 9837 | F12: 21277 | G12: 8236 | H12: 31852 | K12: 90x40 | L12: {=IFERROR( ROUND( IF($A$2="COSTO", ((B12*(1+IFERROR(VLOOKUP($D$2,COLORES[],2,FALSE),0)))+C12) *(1-_xlfn.XLOOKUP(1,(DESC_PROV[LINEA]=$B$2)*(DESC_PROV[LISTA]=$C$2),DESC_PROV[DESCUENTO])), ((B12*(1+IFERROR(VLOOKUP($D$2,COLORES[],2,FALSE),0)))+C12) *(1-_xlfn.XLOOKUP(1,(DESC_PROV[LINEA]=$B$2)*(DESC_PROV[LISTA]=$C$2),DESC_PROV[DESCUENTO])) *(1+VLOOKUP($C$2,LISTAS[],2,FALSE)) *(1+VLOOKUP($C$2,LISTAS[],3,FALSE)) ) /5,0)*5,0)} -> 58340 | M12: {=IFERROR( ROUND( IF($A$2="COSTO", ((B12*(1+IFERROR(VLOOKUP($D$2,COLORES[],2,FALSE),0)))+D12) *(1-_xlfn.XLOOKUP(1,(DESC_PROV[LINEA]=$B$2)*(DESC_PROV[LISTA]=$C$2),DESC_PROV[DESCUENTO])), ((B12*(1+IFERROR(VLOOKUP($D$2,COLORES[],2,FALSE),0)))+D12) *(1-_xlfn.XLOOKUP(1,(DESC_PROV[LINEA]=$B$2)*(DESC_PROV[LISTA]=$C$2),DESC_PROV[DESCUENTO])) *(1+VLOOKUP($C$2,LISTAS[],2,FALSE)) *(1+VLOOKUP($C$2,LISTAS[],3,FALSE)) ) /5,0)*5,0)} -> 59955 | N12: {=IFERROR( ROUND( IF($A$2="COSTO", ((B12*(1+IFERROR(VLOOKUP($D$2,COLORES[],2,FALSE),0)))+E12) *(1-_xlfn.XLOOKUP(1,(DESC_PROV[LINEA]=$B$2)*(DESC_PROV[LISTA]=$C$2),DESC_PROV[DESCUENTO])), ((B12*(1+IFERROR(VLOOKUP($D$2,COLORES[],2,FALSE),0)))+E12) *(1-_xlfn.XLOOKUP(1,(DESC_PROV[LINEA]=$B$2)*(DESC_PROV[LISTA]=$C$2),DESC_PROV[DESCUENTO])) *(1+VLOOKUP($C$2,LISTAS[],2,FALSE)) *(1+VLOOKUP($C$2,LISTAS[],3,FALSE)) ) /5,0)*5,0)} -> 62910 | O12: {=IFERROR( ROUND( IF($A$2="COSTO", ((B12*(1+IFERROR(VLOOKUP($D$2,COLORES[],2,FALSE),0)))+F12) *(1-_xlfn.XLOOKUP(1,(DESC_PROV[LINEA]=$B$2)*(DESC_PROV[LISTA]=$C$2),DESC_PROV[DESCUENTO])), ((B12*(1+IFERROR(VLOOKUP($D$2,COLORES[],2,FALSE),0)))+F12) *(1-_xlfn.XLOOKUP(1,(DESC_PROV[LINEA]=$B$2)*(DESC_PROV[LISTA]=$C$2),DESC_PROV[DESCUENTO])) *(1+VLOOKUP($C$2,LISTAS[],2,FALSE)) *(1+VLOOKUP($C$2,LISTAS[],3,FALSE)) ) /5,0)*5,0)} -> 77095 | P12: {=IFERROR( ROUND( IF($A$2="COSTO", ((B12*(1+IFERROR(VLOOKUP($D$2,COLORES[],2,FALSE),0)))+G12) *(1-_xlfn.XLOOKUP(1,(DESC_PROV[LINEA]=$B$2)*(DESC_PROV[LISTA]=$C$2),DESC_PROV[DESCUENTO])), ((B12*(1+IFERROR(VLOOKUP($D$2,COLORES[],2,FALSE),0)))+G12) *(1-_xlfn.XLOOKUP(1,(DESC_PROV[LINEA]=$B$2)*(DESC_PROV[LISTA]=$C$2),DESC_PROV[DESCUENTO])) *(1+VLOOKUP($C$2,LISTAS[],2,FALSE)) *(1+VLOOKUP($C$2,LISTAS[],3,FALSE)) ) /5,0)*5,0)} -> 60925 | Q12: {=IFERROR( ROUND( IF($A$2="COSTO", ((B12*(1+IFERROR(VLOOKUP($D$2,COLORES[],2,FALSE),0)))+H12) *(1-_xlfn.XLOOKUP(1,(DESC_PROV[LINEA]=$B$2)*(DESC_PROV[LISTA]=$C$2),DESC_PROV[DESCUENTO])), ((B12*(1+IFERROR(VLOOKUP($D$2,COLORES[],2,FALSE),0)))+H12) *(1-_xlfn.XLOOKUP(1,(DESC_PROV[LINEA]=$B$2)*(DESC_PROV[LISTA]=$C$2),DESC_PROV[DESCUENTO])) *(1+VLOOKUP($C$2,LISTAS[],2,FALSE)) *(1+VLOOKUP($C$2,LISTAS[],3,FALSE)) ) /5,0)*5,0)} -> 90210
A13: 100x40 | B13: 42983 | C13: 6923 | D13: 8389 | E13: 11068 | F13: 23937 | G13: 9267 | H13: 35838 | K13: 100x40 | L13: {=IFERROR( ROUND( IF($A$2="COSTO", ((B13*(1+IFERROR(VLOOKUP($D$2,COLORES[],2,FALSE),0)))+C13) *(1-_xlfn.XLOOKUP(1,(DESC_PROV[LINEA]=$B$2)*(DESC_PROV[LISTA]=$C$2),DESC_PROV[DESCUENTO])), ((B13*(1+IFERROR(VLOOKUP($D$2,COLORES[],2,FALSE),0)))+C13) *(1-_xlfn.XLOOKUP(1,(DESC_PROV[LINEA]=$B$2)*(DESC_PROV[LISTA]=$C$2),DESC_PROV[DESCUENTO])) *(1+VLOOKUP($C$2,LISTAS[],2,FALSE)) *(1+VLOOKUP($C$2,LISTAS[],3,FALSE)) ) /5,0)*5,0)} -> 61895 | M13: {=IFERROR( ROUND( IF($A$2="COSTO", ((B13*(1+IFERROR(VLOOKUP($D$2,COLORES[],2,FALSE),0)))+D13) *(1-_xlfn.XLOOKUP(1,(DESC_PROV[LINEA]=$B$2)*(DESC_PROV[LISTA]=$C$2),DESC_PROV[DESCUENTO])), ((B13*(1+IFERROR(VLOOKUP($D$2,COLORES[],2,FALSE),0)))+D13) *(1-_xlfn.XLOOKUP(1,(DESC_PROV[LINEA]=$B$2)*(DESC_PROV[LISTA]=$C$2),DESC_PROV[DESCUENTO])) *(1+VLOOKUP($C$2,LISTAS[],2,FALSE)) *(1+VLOOKUP($C$2,LISTAS[],3,FALSE)) ) /5,0)*5,0)} -> 63710 | N13: {=IFERROR( ROUND( IF($A$2="COSTO", ((B13*(1+IFERROR(VLOOKUP($D$2,COLORES[],2,FALSE),0)))+E13) *(1-_xlfn.XLOOKUP(1,(DESC_PROV[LINEA]=$B$2)*(DESC_PROV[LISTA]=$C$2),DESC_PROV[DESCUENTO])), ((B13*(1+IFERROR(VLOOKUP($D$2,COLORES[],2,FALSE),0)))+E13) *(1-_xlfn.XLOOKUP(1,(DESC_PROV[LINEA]=$B$2)*(DESC_PROV[LISTA]=$C$2),DESC_PROV[DESCUENTO])) *(1+VLOOKUP($C$2,LISTAS[],2,FALSE)) *(1+VLOOKUP($C$2,LISTAS[],3,FALSE)) ) /5,0)*5,0)} -> 67035 | O13: {=IFERROR( ROUND( IF($A$2="COSTO", ((B13*(1+IFERROR(VLOOKUP($D$2,COLORES[],2,FALSE),0)))+F13) *(1-_xlfn.XLOOKUP(1,(DESC_PROV[LINEA]=$B$2)*(DESC_PROV[LISTA]=$C$2),DESC_PROV[DESCUENTO])), ((B13*(1+IFERROR(VLOOKUP($D$2,COLORES[],2,FALSE),0)))+F13) *(1-_xlfn.XLOOKUP(1,(DESC_PROV[LINEA]=$B$2)*(DESC_PROV[LISTA]=$C$2),DESC_PROV[DESCUENTO])) *(1+VLOOKUP($C$2,LISTAS[],2,FALSE)) *(1+VLOOKUP($C$2,LISTAS[],3,FALSE)) ) /5,0)*5,0)} -> 82995 | P13: {=IFERROR( ROUND( IF($A$2="COSTO", ((B13*(1+IFERROR(VLOOKUP($D$2,COLORES[],2,FALSE),0)))+G13) *(1-_xlfn.XLOOKUP(1,(DESC_PROV[LINEA]=$B$2)*(DESC_PROV[LISTA]=$C$2),DESC_PROV[DESCUENTO])), ((B13*(1+IFERROR(VLOOKUP($D$2,COLORES[],2,FALSE),0)))+G13) *(1-_xlfn.XLOOKUP(1,(DESC_PROV[LINEA]=$B$2)*(DESC_PROV[LISTA]=$C$2),DESC_PROV[DESCUENTO])) *(1+VLOOKUP($C$2,LISTAS[],2,FALSE)) *(1+VLOOKUP($C$2,LISTAS[],3,FALSE)) ) /5,0)*5,0)} -> 64800 | Q13: {=IFERROR( ROUND( IF($A$2="COSTO", ((B13*(1+IFERROR(VLOOKUP($D$2,COLORES[],2,FALSE),0)))+H13) *(1-_xlfn.XLOOKUP(1,(DESC_PROV[LINEA]=$B$2)*(DESC_PROV[LISTA]=$C$2),DESC_PROV[DESCUENTO])), ((B13*(1+IFERROR(VLOOKUP($D$2,COLORES[],2,FALSE),0)))+H13) *(1-_xlfn.XLOOKUP(1,(DESC_PROV[LINEA]=$B$2)*(DESC_PROV[LISTA]=$C$2),DESC_PROV[DESCUENTO])) *(1+VLOOKUP($C$2,LISTAS[],2,FALSE)) *(1+VLOOKUP($C$2,LISTAS[],3,FALSE)) ) /5,0)*5,0)} -> 97755
A14: 40x50 | B14: 32505 | C14: 3077 | D14: 3729 | E14: 4914 | F14: 10634 | G14: 4109 | H14: 15910 | K14: 40x50 | L14: {=IFERROR( ROUND( IF($A$2="COSTO", ((B14*(1+IFERROR(VLOOKUP($D$2,COLORES[],2,FALSE),0)))+C14) *(1-_xlfn.XLOOKUP(1,(DESC_PROV[LINEA]=$B$2)*(DESC_PROV[LISTA]=$C$2),DESC_PROV[DESCUENTO])), ((B14*(1+IFERROR(VLOOKUP($D$2,COLORES[],2,FALSE),0)))+C14) *(1-_xlfn.XLOOKUP(1,(DESC_PROV[LINEA]=$B$2)*(DESC_PROV[LISTA]=$C$2),DESC_PROV[DESCUENTO])) *(1+VLOOKUP($C$2,LISTAS[],2,FALSE)) *(1+VLOOKUP($C$2,LISTAS[],3,FALSE)) ) /5,0)*5,0)} -> 44130 | M14: {=IFERROR( ROUND( IF($A$2="COSTO", ((B14*(1+IFERROR(VLOOKUP($D$2,COLORES[],2,FALSE),0)))+D14) *(1-_xlfn.XLOOKUP(1,(DESC_PROV[LINEA]=$B$2)*(DESC_PROV[LISTA]=$C$2),DESC_PROV[DESCUENTO])), ((B14*(1+IFERROR(VLOOKUP($D$2,COLORES[],2,FALSE),0)))+D14) *(1-_xlfn.XLOOKUP(1,(DESC_PROV[LINEA]=$B$2)*(DESC_PROV[LISTA]=$C$2),DESC_PROV[DESCUENTO])) *(1+VLOOKUP($C$2,LISTAS[],2,FALSE)) *(1+VLOOKUP($C$2,LISTAS[],3,FALSE)) ) /5,0)*5,0)} -> 44935 | N14: {=IFERROR( ROUND( IF($A$2="COSTO", ((B14*(1+IFERROR(VLOOKUP($D$2,COLORES[],2,FALSE),0)))+E14) *(1-_xlfn.XLOOKUP(1,(DESC_PROV[LINEA]=$B$2)*(DESC_PROV[LISTA]=$C$2),DESC_PROV[DESCUENTO])), ((B14*(1+IFERROR(VLOOKUP($D$2,COLORES[],2,FALSE),0)))+E14) *(1-_xlfn.XLOOKUP(1,(DESC_PROV[LINEA]=$B$2)*(DESC_PROV[LISTA]=$C$2),DESC_PROV[DESCUENTO])) *(1+VLOOKUP($C$2,LISTAS[],2,FALSE)) *(1+VLOOKUP($C$2,LISTAS[],3,FALSE)) ) /5,0)*5,0)} -> 46405 | O14: {=IFERROR( ROUND( IF($A$2="COSTO", ((B14*(1+IFERROR(VLOOKUP($D$2,COLORES[],2,FALSE),0)))+F14) *(1-_xlfn.XLOOKUP(1,(DESC_PROV[LINEA]=$B$2)*(DESC_PROV[LISTA]=$C$2),DESC_PROV[DESCUENTO])), ((B14*(1+IFERROR(VLOOKUP($D$2,COLORES[],2,FALSE),0)))+F14) *(1-_xlfn.XLOOKUP(1,(DESC_PROV[LINEA]=$B$2)*(DESC_PROV[LISTA]=$C$2),DESC_PROV[DESCUENTO])) *(1+VLOOKUP($C$2,LISTAS[],2,FALSE)) *(1+VLOOKUP($C$2,LISTAS[],3,FALSE)) ) /5,0)*5,0)} -> 53500 | P14: {=IFERROR( ROUND( IF($A$2="COSTO", ((B14*(1+IFERROR(VLOOKUP($D$2,COLORES[],2,FALSE),0)))+G14) *(1-_xlfn.XLOOKUP(1,(DESC_PROV[LINEA]=$B$2)*(DESC_PROV[LISTA]=$C$2),DESC_PROV[DESCUENTO])), ((B14*(1+IFERROR(VLOOKUP($D$2,COLORES[],2,FALSE),0)))+G14) *(1-_xlfn.XLOOKUP(1,(DESC_PROV[LINEA]=$B$2)*(DESC_PROV[LISTA]=$C$2),DESC_PROV[DESCUENTO])) *(1+VLOOKUP($C$2,LISTAS[],2,FALSE)) *(1+VLOOKUP($C$2,LISTAS[],3,FALSE)) ) /5,0)*5,0)} -> 45410 | Q14: {=IFERROR( ROUND( IF($A$2="COSTO", ((B14*(1+IFERROR(VLOOKUP($D$2,COLORES[],2,FALSE),0)))+H14) *(1-_xlfn.XLOOKUP(1,(DESC_PROV[LINEA]=$B$2)*(DESC_PROV[LISTA]=$C$2),DESC_PROV[DESCUENTO])), ((B14*(1+IFERROR(VLOOKUP($D$2,COLORES[],2,FALSE),0)))+H14) *(1-_xlfn.XLOOKUP(1,(DESC_PROV[LINEA]=$B$2)*(DESC_PROV[LISTA]=$C$2),DESC_PROV[DESCUENTO])) *(1+VLOOKUP($C$2,LISTAS[],2,FALSE)) *(1+VLOOKUP($C$2,LISTAS[],3,FALSE)) ) /5,0)*5,0)} -> 60045
A15: 50x50 | B15: 34605 | C15: 4109 | D15: 4968 | E15: 6561 | F15: 14172 | G15: 5475 | H15: 21210 | K15: 50x50 | L15: {=IFERROR( ROUND( IF($A$2="COSTO", ((B15*(1+IFERROR(VLOOKUP($D$2,COLORES[],2,FALSE),0)))+C15) *(1-_xlfn.XLOOKUP(1,(DESC_PROV[LINEA]=$B$2)*(DESC_PROV[LISTA]=$C$2),DESC_PROV[DESCUENTO])), ((B15*(1+IFERROR(VLOOKUP($D$2,COLORES[],2,FALSE),0)))+C15) *(1-_xlfn.XLOOKUP(1,(DESC_PROV[LINEA]=$B$2)*(DESC_PROV[LISTA]=$C$2),DESC_PROV[DESCUENTO])) *(1+VLOOKUP($C$2,LISTAS[],2,FALSE)) *(1+VLOOKUP($C$2,LISTAS[],3,FALSE)) ) /5,0)*5,0)} -> 48015 | M15: {=IFERROR( ROUND( IF($A$2="COSTO", ((B15*(1+IFERROR(VLOOKUP($D$2,COLORES[],2,FALSE),0)))+D15) *(1-_xlfn.XLOOKUP(1,(DESC_PROV[LINEA]=$B$2)*(DESC_PROV[LISTA]=$C$2),DESC_PROV[DESCUENTO])), ((B15*(1+IFERROR(VLOOKUP($D$2,COLORES[],2,FALSE),0)))+D15) *(1-_xlfn.XLOOKUP(1,(DESC_PROV[LINEA]=$B$2)*(DESC_PROV[LISTA]=$C$2),DESC_PROV[DESCUENTO])) *(1+VLOOKUP($C$2,LISTAS[],2,FALSE)) *(1+VLOOKUP($C$2,LISTAS[],3,FALSE)) ) /5,0)*5,0)} -> 49080 | N15: {=IFERROR( ROUND( IF($A$2="COSTO", ((B15*(1+IFERROR(VLOOKUP($D$2,COLORES[],2,FALSE),0)))+E15) *(1-_xlfn.XLOOKUP(1,(DESC_PROV[LINEA]=$B$2)*(DESC_PROV[LISTA]=$C$2),DESC_PROV[DESCUENTO])), ((B15*(1+IFERROR(VLOOKUP($D$2,COLORES[],2,FALSE),0)))+E15) *(1-_xlfn.XLOOKUP(1,(DESC_PROV[LINEA]=$B$2)*(DESC_PROV[LISTA]=$C$2),DESC_PROV[DESCUENTO])) *(1+VLOOKUP($C$2,LISTAS[],2,FALSE)) *(1+VLOOKUP($C$2,LISTAS[],3,FALSE)) ) /5,0)*5,0)} -> 51055 | O15: {=IFERROR( ROUND( IF($A$2="COSTO", ((B15*(1+IFERROR(VLOOKUP($D$2,COLORES[],2,FALSE),0)))+F15) *(1-_xlfn.XLOOKUP(1,(DESC_PROV[LINEA]=$B$2)*(DESC_PROV[LISTA]=$C$2),DESC_PROV[DESCUENTO])), ((B15*(1+IFERROR(VLOOKUP($D$2,COLORES[],2,FALSE),0)))+F15) *(1-_xlfn.XLOOKUP(1,(DESC_PROV[LINEA]=$B$2)*(DESC_PROV[LISTA]=$C$2),DESC_PROV[DESCUENTO])) *(1+VLOOKUP($C$2,LISTAS[],2,FALSE)) *(1+VLOOKUP($C$2,LISTAS[],3,FALSE)) ) /5,0)*5,0)} -> 60495 | P15: {=IFERROR( ROUND( IF($A$2="COSTO", ((B15*(1+IFERROR(VLOOKUP($D$2,COLORES[],2,FALSE),0)))+G15) *(1-_xlfn.XLOOKUP(1,(DESC_PROV[LINEA]=$B$2)*(DESC_PROV[LISTA]=$C$2),DESC_PROV[DESCUENTO])), ((B15*(1+IFERROR(VLOOKUP($D$2,COLORES[],2,FALSE),0)))+G15) *(1-_xlfn.XLOOKUP(1,(DESC_PROV[LINEA]=$B$2)*(DESC_PROV[LISTA]=$C$2),DESC_PROV[DESCUENTO])) *(1+VLOOKUP($C$2,LISTAS[],2,FALSE)) *(1+VLOOKUP($C$2,LISTAS[],3,FALSE)) ) /5,0)*5,0)} -> 49705 | Q15: {=IFERROR( ROUND( IF($A$2="COSTO", ((B15*(1+IFERROR(VLOOKUP($D$2,COLORES[],2,FALSE),0)))+H15) *(1-_xlfn.XLOOKUP(1,(DESC_PROV[LINEA]=$B$2)*(DESC_PROV[LISTA]=$C$2),DESC_PROV[DESCUENTO])), ((B15*(1+IFERROR(VLOOKUP($D$2,COLORES[],2,FALSE),0)))+H15) *(1-_xlfn.XLOOKUP(1,(DESC_PROV[LINEA]=$B$2)*(DESC_PROV[LISTA]=$C$2),DESC_PROV[DESCUENTO])) *(1+VLOOKUP($C$2,LISTAS[],2,FALSE)) *(1+VLOOKUP($C$2,LISTAS[],3,FALSE)) ) /5,0)*5,0)} -> 69220
A16: 60x50 | B16: 36700 | C16: 5131 | D16: 6208 | E16: 8208 | F16: 17711 | G16: 6842 | H16: 26509 | K16: 60x50 | L16: {=IFERROR( ROUND( IF($A$2="COSTO", ((B16*(1+IFERROR(VLOOKUP($D$2,COLORES[],2,FALSE),0)))+C16) *(1-_xlfn.XLOOKUP(1,(DESC_PROV[LINEA]=$B$2)*(DESC_PROV[LISTA]=$C$2),DESC_PROV[DESCUENTO])), ((B16*(1+IFERROR(VLOOKUP($D$2,COLORES[],2,FALSE),0)))+C16) *(1-_xlfn.XLOOKUP(1,(DESC_PROV[LINEA]=$B$2)*(DESC_PROV[LISTA]=$C$2),DESC_PROV[DESCUENTO])) *(1+VLOOKUP($C$2,LISTAS[],2,FALSE)) *(1+VLOOKUP($C$2,LISTAS[],3,FALSE)) ) /5,0)*5,0)} -> 51880 | M16: {=IFERROR( ROUND( IF($A$2="COSTO", ((B16*(1+IFERROR(VLOOKUP($D$2,COLORES[],2,FALSE),0)))+D16) *(1-_xlfn.XLOOKUP(1,(DESC_PROV[LINEA]=$B$2)*(DESC_PROV[LISTA]=$C$2),DESC_PROV[DESCUENTO])), ((B16*(1+IFERROR(VLOOKUP($D$2,COLORES[],2,FALSE),0)))+D16) *(1-_xlfn.XLOOKUP(1,(DESC_PROV[LINEA]=$B$2)*(DESC_PROV[LISTA]=$C$2),DESC_PROV[DESCUENTO])) *(1+VLOOKUP($C$2,LISTAS[],2,FALSE)) *(1+VLOOKUP($C$2,LISTAS[],3,FALSE)) ) /5,0)*5,0)} -> 53215 | N16: {=IFERROR( ROUND( IF($A$2="COSTO", ((B16*(1+IFERROR(VLOOKUP($D$2,COLORES[],2,FALSE),0)))+E16) *(1-_xlfn.XLOOKUP(1,(DESC_PROV[LINEA]=$B$2)*(DESC_PROV[LISTA]=$C$2),DESC_PROV[DESCUENTO])), ((B16*(1+IFERROR(VLOOKUP($D$2,COLORES[],2,FALSE),0)))+E16) *(1-_xlfn.XLOOKUP(1,(DESC_PROV[LINEA]=$B$2)*(DESC_PROV[LISTA]=$C$2),DESC_PROV[DESCUENTO])) *(1+VLOOKUP($C$2,LISTAS[],2,FALSE)) *(1+VLOOKUP($C$2,LISTAS[],3,FALSE)) ) /5,0)*5,0)} -> 55695 | O16: {=IFERROR( ROUND( IF($A$2="COSTO", ((B16*(1+IFERROR(VLOOKUP($D$2,COLORES[],2,FALSE),0)))+F16) *(1-_xlfn.XLOOKUP(1,(DESC_PROV[LINEA]=$B$2)*(DESC_PROV[LISTA]=$C$2),DESC_PROV[DESCUENTO])), ((B16*(1+IFERROR(VLOOKUP($D$2,COLORES[],2,FALSE),0)))+F16) *(1-_xlfn.XLOOKUP(1,(DESC_PROV[LINEA]=$B$2)*(DESC_PROV[LISTA]=$C$2),DESC_PROV[DESCUENTO])) *(1+VLOOKUP($C$2,LISTAS[],2,FALSE)) *(1+VLOOKUP($C$2,LISTAS[],3,FALSE)) ) /5,0)*5,0)} -> 67480 | P16: {=IFERROR( ROUND( IF($A$2="COSTO", ((B16*(1+IFERROR(VLOOKUP($D$2,COLORES[],2,FALSE),0)))+G16) *(1-_xlfn.XLOOKUP(1,(DESC_PROV[LINEA]=$B$2)*(DESC_PROV[LISTA]=$C$2),DESC_PROV[DESCUENTO])), ((B16*(1+IFERROR(VLOOKUP($D$2,COLORES[],2,FALSE),0)))+G16) *(1-_xlfn.XLOOKUP(1,(DESC_PROV[LINEA]=$B$2)*(DESC_PROV[LISTA]=$C$2),DESC_PROV[DESCUENTO])) *(1+VLOOKUP($C$2,LISTAS[],2,FALSE)) *(1+VLOOKUP($C$2,LISTAS[],3,FALSE)) ) /5,0)*5,0)} -> 54000 | Q16: {=IFERROR( ROUND( IF($A$2="COSTO", ((B16*(1+IFERROR(VLOOKUP($D$2,COLORES[],2,FALSE),0)))+H16) *(1-_xlfn.XLOOKUP(1,(DESC_PROV[LINEA]=$B$2)*(DESC_PROV[LISTA]=$C$2),DESC_PROV[DESCUENTO])), ((B16*(1+IFERROR(VLOOKUP($D$2,COLORES[],2,FALSE),0)))+H16) *(1-_xlfn.XLOOKUP(1,(DESC_PROV[LINEA]=$B$2)*(DESC_PROV[LISTA]=$C$2),DESC_PROV[DESCUENTO])) *(1+VLOOKUP($C$2,LISTAS[],2,FALSE)) *(1+VLOOKUP($C$2,LISTAS[],3,FALSE)) ) /5,0)*5,0)} -> 78390
A17: 70x50 | B17: 38794 | C17: 6154 | D17: 7448 | E17: 9855 | F17: 21249 | G17: 8208 | H17: 31809 | K17: 70x50 | L17: {=IFERROR( ROUND( IF($A$2="COSTO", ((B17*(1+IFERROR(VLOOKUP($D$2,COLORES[],2,FALSE),0)))+C17) *(1-_xlfn.XLOOKUP(1,(DESC_PROV[LINEA]=$B$2)*(DESC_PROV[LISTA]=$C$2),DESC_PROV[DESCUENTO])), ((B17*(1+IFERROR(VLOOKUP($D$2,COLORES[],2,FALSE),0)))+C17) *(1-_xlfn.XLOOKUP(1,(DESC_PROV[LINEA]=$B$2)*(DESC_PROV[LISTA]=$C$2),DESC_PROV[DESCUENTO])) *(1+VLOOKUP($C$2,LISTAS[],2,FALSE)) *(1+VLOOKUP($C$2,LISTAS[],3,FALSE)) ) /5,0)*5,0)} -> 55745 | M17: {=IFERROR( ROUND( IF($A$2="COSTO", ((B17*(1+IFERROR(VLOOKUP($D$2,COLORES[],2,FALSE),0)))+D17) *(1-_xlfn.XLOOKUP(1,(DESC_PROV[LINEA]=$B$2)*(DESC_PROV[LISTA]=$C$2),DESC_PROV[DESCUENTO])), ((B17*(1+IFERROR(VLOOKUP($D$2,COLORES[],2,FALSE),0)))+D17) *(1-_xlfn.XLOOKUP(1,(DESC_PROV[LINEA]=$B$2)*(DESC_PROV[LISTA]=$C$2),DESC_PROV[DESCUENTO])) *(1+VLOOKUP($C$2,LISTAS[],2,FALSE)) *(1+VLOOKUP($C$2,LISTAS[],3,FALSE)) ) /5,0)*5,0)} -> 57350 | N17: {=IFERROR( ROUND( IF($A$2="COSTO", ((B17*(1+IFERROR(VLOOKUP($D$2,COLORES[],2,FALSE),0)))+E17) *(1-_xlfn.XLOOKUP(1,(DESC_PROV[LINEA]=$B$2)*(DESC_PROV[LISTA]=$C$2),DESC_PROV[DESCUENTO])), ((B17*(1+IFERROR(VLOOKUP($D$2,COLORES[],2,FALSE),0)))+E17) *(1-_xlfn.XLOOKUP(1,(DESC_PROV[LINEA]=$B$2)*(DESC_PROV[LISTA]=$C$2),DESC_PROV[DESCUENTO])) *(1+VLOOKUP($C$2,LISTAS[],2,FALSE)) *(1+VLOOKUP($C$2,LISTAS[],3,FALSE)) ) /5,0)*5,0)} -> 60335 | O17: {=IFERROR( ROUND( IF($A$2="COSTO", ((B17*(1+IFERROR(VLOOKUP($D$2,COLORES[],2,FALSE),0)))+F17) *(1-_xlfn.XLOOKUP(1,(DESC_PROV[LINEA]=$B$2)*(DESC_PROV[LISTA]=$C$2),DESC_PROV[DESCUENTO])), ((B17*(1+IFERROR(VLOOKUP($D$2,COLORES[],2,FALSE),0)))+F17) *(1-_xlfn.XLOOKUP(1,(DESC_PROV[LINEA]=$B$2)*(DESC_PROV[LISTA]=$C$2),DESC_PROV[DESCUENTO])) *(1+VLOOKUP($C$2,LISTAS[],2,FALSE)) *(1+VLOOKUP($C$2,LISTAS[],3,FALSE)) ) /5,0)*5,0)} -> 74465 | P17: {=IFERROR( ROUND( IF($A$2="COSTO", ((B17*(1+IFERROR(VLOOKUP($D$2,COLORES[],2,FALSE),0)))+G17) *(1-_xlfn.XLOOKUP(1,(DESC_PROV[LINEA]=$B$2)*(DESC_PROV[LISTA]=$C$2),DESC_PROV[DESCUENTO])), ((B17*(1+IFERROR(VLOOKUP($D$2,COLORES[],2,FALSE),0)))+G17) *(1-_xlfn.XLOOKUP(1,(DESC_PROV[LINEA]=$B$2)*(DESC_PROV[LISTA]=$C$2),DESC_PROV[DESCUENTO])) *(1+VLOOKUP($C$2,LISTAS[],2,FALSE)) *(1+VLOOKUP($C$2,LISTAS[],3,FALSE)) ) /5,0)*5,0)} -> 58290 | Q17: {=IFERROR( ROUND( IF($A$2="COSTO", ((B17*(1+IFERROR(VLOOKUP($D$2,COLORES[],2,FALSE),0)))+H17) *(1-_xlfn.XLOOKUP(1,(DESC_PROV[LINEA]=$B$2)*(DESC_PROV[LISTA]=$C$2),DESC_PROV[DESCUENTO])), ((B17*(1+IFERROR(VLOOKUP($D$2,COLORES[],2,FALSE),0)))+H17) *(1-_xlfn.XLOOKUP(1,(DESC_PROV[LINEA]=$B$2)*(DESC_PROV[LISTA]=$C$2),DESC_PROV[DESCUENTO])) *(1+VLOOKUP($C$2,LISTAS[],2,FALSE)) *(1+VLOOKUP($C$2,LISTAS[],3,FALSE)) ) /5,0)*5,0)} -> 87560
A18: 80x50 | B18: 40888 | C18: 7186 | D18: 8688 | E18: 11503 | F18: 24788 | G18: 9575 | H18: 37109 | K18: 80x50 | L18: {=IFERROR( ROUND( IF($A$2="COSTO", ((B18*(1+IFERROR(VLOOKUP($D$2,COLORES[],2,FALSE),0)))+C18) *(1-_xlfn.XLOOKUP(1,(DESC_PROV[LINEA]=$B$2)*(DESC_PROV[LISTA]=$C$2),DESC_PROV[DESCUENTO])), ((B18*(1+IFERROR(VLOOKUP($D$2,COLORES[],2,FALSE),0)))+C18) *(1-_xlfn.XLOOKUP(1,(DESC_PROV[LINEA]=$B$2)*(DESC_PROV[LISTA]=$C$2),DESC_PROV[DESCUENTO])) *(1+VLOOKUP($C$2,LISTAS[],2,FALSE)) *(1+VLOOKUP($C$2,LISTAS[],3,FALSE)) ) /5,0)*5,0)} -> 59620 | M18: {=IFERROR( ROUND( IF($A$2="COSTO", ((B18*(1+IFERROR(VLOOKUP($D$2,COLORES[],2,FALSE),0)))+D18) *(1-_xlfn.XLOOKUP(1,(DESC_PROV[LINEA]=$B$2)*(DESC_PROV[LISTA]=$C$2),DESC_PROV[DESCUENTO])), ((B18*(1+IFERROR(VLOOKUP($D$2,COLORES[],2,FALSE),0)))+D18) *(1-_xlfn.XLOOKUP(1,(DESC_PROV[LINEA]=$B$2)*(DESC_PROV[LISTA]=$C$2),DESC_PROV[DESCUENTO])) *(1+VLOOKUP($C$2,LISTAS[],2,FALSE)) *(1+VLOOKUP($C$2,LISTAS[],3,FALSE)) ) /5,0)*5,0)} -> 61485 | N18: {=IFERROR( ROUND( IF($A$2="COSTO", ((B18*(1+IFERROR(VLOOKUP($D$2,COLORES[],2,FALSE),0)))+E18) *(1-_xlfn.XLOOKUP(1,(DESC_PROV[LINEA]=$B$2)*(DESC_PROV[LISTA]=$C$2),DESC_PROV[DESCUENTO])), ((B18*(1+IFERROR(VLOOKUP($D$2,COLORES[],2,FALSE),0)))+E18) *(1-_xlfn.XLOOKUP(1,(DESC_PROV[LINEA]=$B$2)*(DESC_PROV[LISTA]=$C$2),DESC_PROV[DESCUENTO])) *(1+VLOOKUP($C$2,LISTAS[],2,FALSE)) *(1+VLOOKUP($C$2,LISTAS[],3,FALSE)) ) /5,0)*5,0)} -> 64975 | O18: {=IFERROR( ROUND( IF($A$2="COSTO", ((B18*(1+IFERROR(VLOOKUP($D$2,COLORES[],2,FALSE),0)))+F18) *(1-_xlfn.XLOOKUP(1,(DESC_PROV[LINEA]=$B$2)*(DESC_PROV[LISTA]=$C$2),DESC_PROV[DESCUENTO])), ((B18*(1+IFERROR(VLOOKUP($D$2,COLORES[],2,FALSE),0)))+F18) *(1-_xlfn.XLOOKUP(1,(DESC_PROV[LINEA]=$B$2)*(DESC_PROV[LISTA]=$C$2),DESC_PROV[DESCUENTO])) *(1+VLOOKUP($C$2,LISTAS[],2,FALSE)) *(1+VLOOKUP($C$2,LISTAS[],3,FALSE)) ) /5,0)*5,0)} -> 81450 | P18: {=IFERROR( ROUND( IF($A$2="COSTO", ((B18*(1+IFERROR(VLOOKUP($D$2,COLORES[],2,FALSE),0)))+G18) *(1-_xlfn.XLOOKUP(1,(DESC_PROV[LINEA]=$B$2)*(DESC_PROV[LISTA]=$C$2),DESC_PROV[DESCUENTO])), ((B18*(1+IFERROR(VLOOKUP($D$2,COLORES[],2,FALSE),0)))+G18) *(1-_xlfn.XLOOKUP(1,(DESC_PROV[LINEA]=$B$2)*(DESC_PROV[LISTA]=$C$2),DESC_PROV[DESCUENTO])) *(1+VLOOKUP($C$2,LISTAS[],2,FALSE)) *(1+VLOOKUP($C$2,LISTAS[],3,FALSE)) ) /5,0)*5,0)} -> 62585 | Q18: {=IFERROR( ROUND( IF($A$2="COSTO", ((B18*(1+IFERROR(VLOOKUP($D$2,COLORES[],2,FALSE),0)))+H18) *(1-_xlfn.XLOOKUP(1,(DESC_PROV[LINEA]=$B$2)*(DESC_PROV[LISTA]=$C$2),DESC_PROV[DESCUENTO])), ((B18*(1+IFERROR(VLOOKUP($D$2,COLORES[],2,FALSE),0)))+H18) *(1-_xlfn.XLOOKUP(1,(DESC_PROV[LINEA]=$B$2)*(DESC_PROV[LISTA]=$C$2),DESC_PROV[DESCUENTO])) *(1+VLOOKUP($C$2,LISTAS[],2,FALSE)) *(1+VLOOKUP($C$2,LISTAS[],3,FALSE)) ) /5,0)*5,0)} -> 96730
... A75: 100x150 | B75: 66027 | C75: 32336 | D75: 39168 | E75: 51712 | F75: 111596 | G75: 43096 | H75: 153278 | K75: 100x150 | L75: {=IFERROR( ROUND( IF($A$2="COSTO", ((B75*(1+IFERROR(VLOOKUP($D$2,COLORES[],2,FALSE),0)))+C75) *(1-_xlfn.XLOOKUP(1,(DESC_PROV[LINEA]=$B$2)*(DESC_PROV[LISTA]=$C$2),DESC_PROV[DESCUENTO])), ((B75*(1+IFERROR(VLOOKUP($D$2,COLORES[],2,FALSE),0)))+C75) *(1-_xlfn.XLOOKUP(1,(DESC_PROV[LINEA]=$B$2)*(DESC_PROV[LISTA]=$C$2),DESC_PROV[DESCUENTO])) *(1+VLOOKUP($C$2,LISTAS[],2,FALSE)) *(1+VLOOKUP($C$2,LISTAS[],3,FALSE)) ) /5,0)*5,0)} -> 121990 | M75: {=IFERROR( ROUND( IF($A$2="COSTO", ((B75*(1+IFERROR(VLOOKUP($D$2,COLORES[],2,FALSE),0)))+D75) *(1-_xlfn.XLOOKUP(1,(DESC_PROV[LINEA]=$B$2)*(DESC_PROV[LISTA]=$C$2),DESC_PROV[DESCUENTO])), ((B75*(1+IFERROR(VLOOKUP($D$2,COLORES[],2,FALSE),0)))+D75) *(1-_xlfn.XLOOKUP(1,(DESC_PROV[LINEA]=$B$2)*(DESC_PROV[LISTA]=$C$2),DESC_PROV[DESCUENTO])) *(1+VLOOKUP($C$2,LISTAS[],2,FALSE)) *(1+VLOOKUP($C$2,LISTAS[],3,FALSE)) ) /5,0)*5,0)} -> 130465 | N75: {=IFERROR( ROUND( IF($A$2="COSTO", ((B75*(1+IFERROR(VLOOKUP($D$2,COLORES[],2,FALSE),0)))+E75) *(1-_xlfn.XLOOKUP(1,(DESC_PROV[LINEA]=$B$2)*(DESC_PROV[LISTA]=$C$2),DESC_PROV[DESCUENTO])), ((B75*(1+IFERROR(VLOOKUP($D$2,COLORES[],2,FALSE),0)))+E75) *(1-_xlfn.XLOOKUP(1,(DESC_PROV[LINEA]=$B$2)*(DESC_PROV[LISTA]=$C$2),DESC_PROV[DESCUENTO])) *(1+VLOOKUP($C$2,LISTAS[],2,FALSE)) *(1+VLOOKUP($C$2,LISTAS[],3,FALSE)) ) /5,0)*5,0)} -> 146020 | O75: {=IFERROR( ROUND( IF($A$2="COSTO", ((B75*(1+IFERROR(VLOOKUP($D$2,COLORES[],2,FALSE),0)))+F75) *(1-_xlfn.XLOOKUP(1,(DESC_PROV[LINEA]=$B$2)*(DESC_PROV[LISTA]=$C$2),DESC_PROV[DESCUENTO])), ((B75*(1+IFERROR(VLOOKUP($D$2,COLORES[],2,FALSE),0)))+F75) *(1-_xlfn.XLOOKUP(1,(DESC_PROV[LINEA]=$B$2)*(DESC_PROV[LISTA]=$C$2),DESC_PROV[DESCUENTO])) *(1+VLOOKUP($C$2,LISTAS[],2,FALSE)) *(1+VLOOKUP($C$2,LISTAS[],3,FALSE)) ) /5,0)*5,0)} -> 220290 | P75: {=IFERROR( ROUND( IF($A$2="COSTO", ((B75*(1+IFERROR(VLOOKUP($D$2,COLORES[],2,FALSE),0)))+G75) *(1-_xlfn.XLOOKUP(1,(DESC_PROV[LINEA]=$B$2)*(DESC_PROV[LISTA]=$C$2),DESC_PROV[DESCUENTO])), ((B75*(1+IFERROR(VLOOKUP($D$2,COLORES[],2,FALSE),0)))+G75) *(1-_xlfn.XLOOKUP(1,(DESC_PROV[LINEA]=$B$2)*(DESC_PROV[LISTA]=$C$2),DESC_PROV[DESCUENTO])) *(1+VLOOKUP($C$2,LISTAS[],2,FALSE)) *(1+VLOOKUP($C$2,LISTAS[],3,FALSE)) ) /5,0)*5,0)} -> 135335 | Q75: {=IFERROR( ROUND( IF($A$2="COSTO", ((B75*(1+IFERROR(VLOOKUP($D$2,COLORES[],2,FALSE),0)))+H75) *(1-_xlfn.XLOOKUP(1,(DESC_PROV[LINEA]=$B$2)*(DESC_PROV[LISTA]=$C$2),DESC_PROV[DESCUENTO])), ((B75*(1+IFERROR(VLOOKUP($D$2,COLORES[],2,FALSE),0)))+H75) *(1-_xlfn.XLOOKUP(1,(DESC_PROV[LINEA]=$B$2)*(DESC_PROV[LISTA]=$C$2),DESC_PROV[DESCUENTO])) *(1+VLOOKUP($C$2,LISTAS[],2,FALSE)) *(1+VLOOKUP($C$2,LISTAS[],3,FALSE)) ) /5,0)*5,0)} -> 271980

Sheet puertas herrero
A1: MODO | B1: LINEA | C1: LISTA | D1: COLOR | E1: ANCHO
A2: =CONTROL!B4 -> VENTA | B2: HERRERO | C2: =CONTROL!C4 -> AMARILLA | D2: =CONTROL!D4 -> BLANCO | E2: 0.8
A4: PUERTAS HERRERO | J4: PUERTAS HERRERO
B5: s/vidrio | C5: v/3mm | D5: v/4mm | E5: v/5mm | F5: v/fantasia | G5: v/esmerilado | H5: V3+3 | K5: v/3mm | L5: v/4mm | M5: v/5mm | N5: v/fantasia | O5: v/esmerilado | P5: V3+3
A6: modelo 1 | B6: 122701 | C6: 0 | D6: 24077 | E6: 31709 | F6: 26500 | G6: 68616 | H6: 102678 | J6: modelo 1 | K6: {=IFERROR( ROUND( IF($A$2="COSTO", ((B6*(1+IFERROR(VLOOKUP($D$2,COLORES[],2,FALSE),0)) + C6) *IF($E$2=0.8,1,IF($E$2=0.7,1-7%,1+10%))) *(1-_xlfn.XLOOKUP(1,(DESC_PROV[LINEA]=$B$2)*(DESC_PROV[LISTA]=$C$2),DESC_PROV[DESCUENTO])), ((B6*(1+IFERROR(VLOOKUP($D$2,COLORES[],2,FALSE),0)) + C6) *IF($E$2=0.8,1,IF($E$2=0.7,1-7%,1+10%))) *(1-_xlfn.XLOOKUP(1,(DESC_PROV[LINEA]=$B$2)*(DESC_PROV[LISTA]=$C$2),DESC_PROV[DESCUENTO])) *(1+VLOOKUP($C$2,LISTAS[],2,FALSE)) *(1+VLOOKUP($C$2,LISTAS[],3,FALSE)) ) /5,0)*5,0)} -> 152175 | L6: - | M6: {=IFERROR( ROUND( IF($A$2="COSTO", ((B6*(1+IFERROR(VLOOKUP($D$2,COLORES[],2,FALSE),0)) + E6) *IF($E$2=0.8,1,IF($E$2=0.7,1-7%,1+10%))) *(1-_xlfn.XLOOKUP(1,(DESC_PROV[LINEA]=$B$2)*(DESC_PROV[LISTA]=$C$2),DESC_PROV[DESCUENTO])), ((B6*(1+IFERROR(VLOOKUP($D$2,COLORES[],2,FALSE),0)) + E6) *IF($E$2=0.8,1,IF($E$2=0.7,1-7%,1+10%))) *(1-_xlfn.XLOOKUP(1,(DESC_PROV[LINEA]=$B$2)*(DESC_PROV[LISTA]=$C$2),DESC_PROV[DESCUENTO])) *(1+VLOOKUP($C$2,LISTAS[],2,FALSE)) *(1+VLOOKUP($C$2,LISTAS[],3,FALSE)) ) /5,0)*5,0)} -> 191500 | N6: {=IFERROR( ROUND( IF($A$2="COSTO", ((B6*(1+IFERROR(VLOOKUP($D$2,COLORES[],2,FALSE),0)) + F6) *IF($E$2=0.8,1,IF($E$2=0.7,1-7%,1+10%))) *(1-_xlfn.XLOOKUP(1,(DESC_PROV[LINEA]=$B$2)*(DESC_PROV[LISTA]=$C$2),DESC_PROV[DESCUENTO])), ((B6*(1+IFERROR(VLOOKUP($D$2,COLORES[],2,FALSE),0)) + F6) *IF($E$2=0.8,1,IF($E$2=0.7,1-7%,1+10%))) *(1-_xlfn.XLOOKUP(1,(DESC_PROV[LINEA]=$B$2)*(DESC_PROV[LISTA]=$C$2),DESC_PROV[DESCUENTO])) *(1+VLOOKUP($C$2,LISTAS[],2,FALSE)) *(1+VLOOKUP($C$2,LISTAS[],3,FALSE)) ) /5,0)*5,0)} -> 185040 | O6: {=IFERROR( ROUND( IF($A$2="COSTO", ((B6*(1+IFERROR(VLOOKUP($D$2,COLORES[],2,FALSE),0)) + G6) *IF($E$2=0.8,1,IF($E$2=0.7,1-7%,1+10%))) *(1-_xlfn.XLOOKUP(1,(DESC_PROV[LINEA]=$B$2)*(DESC_PROV[LISTA]=$C$2),DESC_PROV[DESCUENTO])), ((B6*(1+IFERROR(VLOOKUP($D$2,COLORES[],2,FALSE),0)) + G6) *IF($E$2=0.8,1,IF($E$2=0.7,1-7%,1+10%))) *(1-_xlfn.XLOOKUP(1,(DESC_PROV[LINEA]=$B$2)*(DESC_PROV[LISTA]=$C$2),DESC_PROV[DESCUENTO])) *(1+VLOOKUP($C$2,LISTAS[],2,FALSE)) *(1+VLOOKUP($C$2,LISTAS[],3,FALSE)) ) /5,0)*5,0)} -> 237270 | P6: {=IFERROR( ROUND( IF($A$2="COSTO", ((B6*(1+IFERROR(VLOOKUP($D$2,COLORES[],2,FALSE),0)) + H6) *IF($E$2=0.8,1,IF($E$2=0.7,1-7%,1+10%))) *(1-_xlfn.XLOOKUP(1,(DESC_PROV[LINEA]=$B$2)*(DESC_PROV[LISTA]=$C$2),DESC_PROV[DESCUENTO])), ((B6*(1+IFERROR(VLOOKUP($D$2,COLORES[],2,FALSE),0)) + H6) *IF($E$2=0.8,1,IF($E$2=0.7,1-7%,1+10%))) *(1-_xlfn.XLOOKUP(1,(DESC_PROV[LINEA]=$B$2)*(DESC_PROV[LISTA]=$C$2),DESC_PROV[DESCUENTO])) *(1+VLOOKUP($C$2,LISTAS[],2,FALSE)) *(1+VLOOKUP($C$2,LISTAS[],3,FALSE)) ) /5,0)*5,0)} -> 279515
A7: modelo 1 vr | B7: 162622 | C7: 0 | D7: 24077 | E7: 0 | F7: 26500 | G7: 68616 | H7: 0 | J7: modelo 1 vr | K7: {=IFERROR( ROUND( IF($A$2="COSTO", ((B7*(1+IFERROR(VLOOKUP($D$2,COLORES[],2,FALSE),0)) + C7) *IF($E$2=0.8,1,IF($E$2=0.7,1-7%,1+10%))) *(1-_xlfn.XLOOKUP(1,(DESC_PROV[LINEA]=$B$2)*(DESC_PROV[LISTA]=$C$2),DESC_PROV[DESCUENTO])), ((B7*(1+IFERROR(VLOOKUP($D$2,COLORES[],2,FALSE),0)) + C7) *IF($E$2=0.8,1,IF($E$2=0.7,1-7%,1+10%))) *(1-_xlfn.XLOOKUP(1,(DESC_PROV[LINEA]=$B$2)*(DESC_PROV[LISTA]=$C$2),DESC_PROV[DESCUENTO])) *(1+VLOOKUP($C$2,LISTAS[],2,FALSE)) *(1+VLOOKUP($C$2,LISTAS[],3,FALSE)) ) /5,0)*5,0)} -> 201685 | L7: - | M7: {=IFERROR( ROUND( IF($A$2="COSTO", ((B7*(1+IFERROR(VLOOKUP($D$2,COLORES[],2,FALSE),0)) + E7) *IF($E$2=0.8,1,IF($E$2=0.7,1-7%,1+10%))) *(1-_xlfn.XLOOKUP(1,(DESC_PROV[LINEA]=$B$2)*(DESC_PROV[LISTA]=$C$2),DESC_PROV[DESCUENTO])), ((B7*(1+IFERROR(VLOOKUP($D$2,COLORES[],2,FALSE),0)) + E7) *IF($E$2=0.8,1,IF($E$2=0.7,1-7%,1+10%))) *(1-_xlfn.XLOOKUP(1,(DESC_PROV[LINEA]=$B$2)*(DESC_PROV[LISTA]=$C$2),DESC_PROV[DESCUENTO])) *(1+VLOOKUP($C$2,LISTAS[],2,FALSE)) *(1+VLOOKUP($C$2,LISTAS[],3,FALSE)) ) /5,0)*5,0)} -> 201685 | N7: {=IFERROR( ROUND( IF($A$2="COSTO", ((B7*(1+IFERROR(VLOOKUP($D$2,COLORES[],2,FALSE),0)) + F7) *IF($E$2=0.8,1,IF($E$2=0.7,1-7%,1+10%))) *(1-_xlfn.XLOOKUP(1,(DESC_PROV[LINEA]=$B$2)*(DESC_PROV[LISTA]=$C$2),DESC_PROV[DESCUENTO])), ((B7*(1+IFERROR(VLOOKUP($D$2,COLORES[],2,FALSE),0)) + F7) *IF($E$2=0.8,1,IF($E$2=0.7,1-7%,1+10%))) *(1-_xlfn.XLOOKUP(1,(DESC_PROV[LINEA]=$B$2)*(DESC_PROV[LISTA]=$C$2),DESC_PROV[DESCUENTO])) *(1+VLOOKUP($C$2,LISTAS[],2,FALSE)) *(1+VLOOKUP($C$2,LISTAS[],3,FALSE)) ) /5,0)*5,0)} -> 234550 | O7: {=IFERROR( ROUND( IF($A$2="COSTO", ((B7*(1+IFERROR(VLOOKUP($D$2,COLORES[],2,FALSE),0)) + G7) *IF($E$2=0.8,1,IF($E$2=0.7,1-7%,1+10%))) *(1-_xlfn.XLOOKUP(1,(DESC_PROV[LINEA]=$B$2)*(DESC_PROV[LISTA]=$C$2),DESC_PROV[DESCUENTO])), ((B7*(1+IFERROR(VLOOKUP($D$2,COLORES[],2,FALSE),0)) + G7) *IF($E$2=0.8,1,IF($E$2=0.7,1-7%,1+10%))) *(1-_xlfn.XLOOKUP(1,(DESC_PROV[LINEA]=$B$2)*(DESC_PROV[LISTA]=$C$2),DESC_PROV[DESCUENTO])) *(1+VLOOKUP($C$2,LISTAS[],2,FALSE)) *(1+VLOOKUP($C$2,LISTAS[],3,FALSE)) ) /5,0)*5,0)} -> 286780 | P7: {=IFERROR( ROUND( IF($A$2="COSTO", ((B7*(1+IFERROR(VLOOKUP($D$2,COLORES[],2,FALSE),0)) + H7) *IF($E$2=0.8,1,IF($E$2=0.7,1-7%,1+10%))) *(1-_xlfn.XLOOKUP(1,(DESC_PROV[LINEA]=$B$2)*(DESC_PROV[LISTA]=$C$2),DESC_PROV[DESCUENTO])), ((B7*(1+IFERROR(VLOOKUP($D$2,COLORES[],2,FALSE),0)) + H7) *IF($E$2=0.8,1,IF($E$2=0.7,1-7%,1+10%))) *(1-_xlfn.XLOOKUP(1,(DESC_PROV[LINEA]=$B$2)*(DESC_PROV[LISTA]=$C$2),DESC_PROV[DESCUENTO])) *(1+VLOOKUP($C$2,LISTAS[],2,FALSE)) *(1+VLOOKUP($C$2,LISTAS[],3,FALSE)) ) /5,0)*5,0)} -> 201685
A8: modelo 2 | B8: 129329 | C8: 18819 | D8: 22817 | E8: 30037 | F8: 25104 | G8: 65006 | H8: 83034 | J8: modelo 2 | K8: {=IFERROR( ROUND( IF($A$2="COSTO", ((B8*(1+IFERROR(VLOOKUP($D$2,COLORES[],2,FALSE),0)) + C8) *IF($E$2=0.8,1,IF($E$2=0.7,1-7%,1+10%))) *(1-_xlfn.XLOOKUP(1,(DESC_PROV[LINEA]=$B$2)*(DESC_PROV[LISTA]=$C$2),DESC_PROV[DESCUENTO])), ((B8*(1+IFERROR(VLOOKUP($D$2,COLORES[],2,FALSE),0)) + C8) *IF($E$2=0.8,1,IF($E$2=0.7,1-7%,1+10%))) *(1-_xlfn.XLOOKUP(1,(DESC_PROV[LINEA]=$B$2)*(DESC_PROV[LISTA]=$C$2),DESC_PROV[DESCUENTO])) *(1+VLOOKUP($C$2,LISTAS[],2,FALSE)) *(1+VLOOKUP($C$2,LISTAS[],3,FALSE)) ) /5,0)*5,0)} -> 183735 | L8: {=IFERROR( ROUND( IF($A$2="COSTO", ((B8*(1+IFERROR(VLOOKUP($D$2,COLORES[],2,FALSE),0)) + D8) *(1+($E$2-0.8))) *(1-_xlfn.XLOOKUP(1,(DESC_PROV[LINEA]=$B$2)*(DESC_PROV[LISTA]=$C$2),DESC_PROV[DESCUENTO])), ((B8*(1+IFERROR(VLOOKUP($D$2,COLORES[],2,FALSE),0)) + D8) *(1+($E$2-0.8))) *(1-_xlfn.XLOOKUP(1,(DESC_PROV[LINEA]=$B$2)*(DESC_PROV[LISTA]=$C$2),DESC_PROV[DESCUENTO])) *(1+VLOOKUP($C$2,LISTAS[],2,FALSE)) *(1+VLOOKUP($C$2,LISTAS[],3,FALSE)) ) /5,0)*5,0)} -> 188690 | M8: {=IFERROR( ROUND( IF($A$2="COSTO", ((B8*(1+IFERROR(VLOOKUP($D$2,COLORES[],2,FALSE),0)) + E8) *IF($E$2=0.8,1,IF($E$2=0.7,1-7%,1+10%))) *(1-_xlfn.XLOOKUP(1,(DESC_PROV[LINEA]=$B$2)*(DESC_PROV[LISTA]=$C$2),DESC_PROV[DESCUENTO])), ((B8*(1+IFERROR(VLOOKUP($D$2,COLORES[],2,FALSE),0)) + E8) *IF($E$2=0.8,1,IF($E$2=0.7,1-7%,1+10%))) *(1-_xlfn.XLOOKUP(1,(DESC_PROV[LINEA]=$B$2)*(DESC_PROV[LISTA]=$C$2),DESC_PROV[DESCUENTO])) *(1+VLOOKUP($C$2,LISTAS[],2,FALSE)) *(1+VLOOKUP($C$2,LISTAS[],3,FALSE)) ) /5,0)*5,0)} -> 197645 | N8: {=IFERROR( ROUND( IF($A$2="COSTO", ((B8*(1+IFERROR(VLOOKUP($D$2,COLORES[],2,FALSE),0)) + F8) *IF($E$2=0.8,1,IF($E$2=0.7,1-7%,1+10%))) *(1-_xlfn.XLOOKUP(1,(DESC_PROV[LINEA]=$B$2)*(DESC_PROV[LISTA]=$C$2),DESC_PROV[DESCUENTO])), ((B8*(1+IFERROR(VLOOKUP($D$2,COLORES[],2,FALSE),0)) + F8) *IF($E$2=0.8,1,IF($E$2=0.7,1-7%,1+10%))) *(1-_xlfn.XLOOKUP(1,(DESC_PROV[LINEA]=$B$2)*(DESC_PROV[LISTA]=$C$2),DESC_PROV[DESCUENTO])) *(1+VLOOKUP($C$2,LISTAS[],2,FALSE)) *(1+VLOOKUP($C$2,LISTAS[],3,FALSE)) ) /5,0)*5,0)} -> 191530 | O8: {=IFERROR( ROUND( IF($A$2="COSTO", ((B8*(1+IFERROR(VLOOKUP($D$2,COLORES[],2,FALSE),0)) + G8) *IF($E$2=0.8,1,IF($E$2=0.7,1-7%,1+10%))) *(1-_xlfn.XLOOKUP(1,(DESC_PROV[LINEA]=$B$2)*(DESC_PROV[LISTA]=$C$2),DESC_PROV[DESCUENTO])), ((B8*(1+IFERROR(VLOOKUP($D$2,COLORES[],2,FALSE),0)) + G8) *IF($E$2=0.8,1,IF($E$2=0.7,1-7%,1+10%))) *(1-_xlfn.XLOOKUP(1,(DESC_PROV[LINEA]=$B$2)*(DESC_PROV[LISTA]=$C$2),DESC_PROV[DESCUENTO])) *(1+VLOOKUP($C$2,LISTAS[],2,FALSE)) *(1+VLOOKUP($C$2,LISTAS[],3,FALSE)) ) /5,0)*5,0)} -> 241015 | P8: {=IFERROR( ROUND( IF($A$2="COSTO", ((B8*(1+IFERROR(VLOOKUP($D$2,COLORES[],2,FALSE),0)) + H8) *IF($E$2=0.8,1,IF($E$2=0.7,1-7%,1+10%))) *(1-_xlfn.XLOOKUP(1,(DESC_PROV[LINEA]=$B$2)*(DESC_PROV[LISTA]=$C$2),DESC_PROV[DESCUENTO])), ((B8*(1+IFERROR(VLOOKUP($D$2,COLORES[],2,FALSE),0)) + H8) *IF($E$2=0.8,1,IF($E$2=0.7,1-7%,1+10%))) *(1-_xlfn.XLOOKUP(1,(DESC_PROV[LINEA]=$B$2)*(DESC_PROV[LISTA]=$C$2),DESC_PROV[DESCUENTO])) *(1+VLOOKUP($C$2,LISTAS[],2,FALSE)) *(1+VLOOKUP($C$2,LISTAS[],3,FALSE)) ) /5,0)*5,0)} -> 263375
A9: modelo 3 | B9: 171098 | C9: 9410 | D9: 11408 | E9: 15018 | F9: 12552 | G9: 32503 | H9: 41517 | J9: modelo 3 | K9: {=IFERROR( ROUND( IF($A$2="COSTO", ((B9*(1+IFERROR(VLOOKUP($D$2,COLORES[],2,FALSE),0)) + C9) *IF($E$2=0.8,1,IF($E$2=0.7,1-7%,1+10%))) *(1-_xlfn.XLOOKUP(1,(DESC_PROV[LINEA]=$B$2)*(DESC_PROV[LISTA]=$C$2),DESC_PROV[DESCUENTO])), ((B9*(1+IFERROR(VLOOKUP($D$2,COLORES[],2,FALSE),0)) + C9) *IF($E$2=0.8,1,IF($E$2=0.7,1-7%,1+10%))) *(1-_xlfn.XLOOKUP(1,(DESC_PROV[LINEA]=$B$2)*(DESC_PROV[LISTA]=$C$2),DESC_PROV[DESCUENTO])) *(1+VLOOKUP($C$2,LISTAS[],2,FALSE)) *(1+VLOOKUP($C$2,LISTAS[],3,FALSE)) ) /5,0)*5,0)} -> 223865 | L9: {=IFERROR( ROUND( IF($A$2="COSTO", ((B9*(1+IFERROR(VLOOKUP($D$2,COLORES[],2,FALSE),0)) + D9) *(1+($E$2-0.8))) *(1-_xlfn.XLOOKUP(1,(DESC_PROV[LINEA]=$B$2)*(DESC_PROV[LISTA]=$C$2),DESC_PROV[DESCUENTO])), ((B9*(1+IFERROR(VLOOKUP($D$2,COLORES[],2,FALSE),0)) + D9) *(1+($E$2-0.8))) *(1-_xlfn.XLOOKUP(1,(DESC_PROV[LINEA]=$B$2)*(DESC_PROV[LISTA]=$C$2),DESC_PROV[DESCUENTO])) *(1+VLOOKUP($C$2,LISTAS[],2,FALSE)) *(1+VLOOKUP($C$2,LISTAS[],3,FALSE)) ) /5,0)*5,0)} -> 226345 | M9: {=IFERROR( ROUND( IF($A$2="COSTO", ((B9*(1+IFERROR(VLOOKUP($D$2,COLORES[],2,FALSE),0)) + E9) *IF($E$2=0.8,1,IF($E$2=0.7,1-7%,1+10%))) *(1-_xlfn.XLOOKUP(1,(DESC_PROV[LINEA]=$B$2)*(DESC_PROV[LISTA]=$C$2),DESC_PROV[DESCUENTO])), ((B9*(1+IFERROR(VLOOKUP($D$2,COLORES[],2,FALSE),0)) + E9) *IF($E$2=0.8,1,IF($E$2=0.7,1-7%,1+10%))) *(1-_xlfn.XLOOKUP(1,(DESC_PROV[LINEA]=$B$2)*(DESC_PROV[LISTA]=$C$2),DESC_PROV[DESCUENTO])) *(1+VLOOKUP($C$2,LISTAS[],2,FALSE)) *(1+VLOOKUP($C$2,LISTAS[],3,FALSE)) ) /5,0)*5,0)} -> 230820 | N9: {=IFERROR( ROUND( IF($A$2="COSTO", ((B9*(1+IFERROR(VLOOKUP($D$2,COLORES[],2,FALSE),0)) + F9) *IF($E$2=0.8,1,IF($E$2=0.7,1-7%,1+10%))) *(1-_xlfn.XLOOKUP(1,(DESC_PROV[LINEA]=$B$2)*(DESC_PROV[LISTA]=$C$2),DESC_PROV[DESCUENTO])), ((B9*(1+IFERROR(VLOOKUP($D$2,COLORES[],2,FALSE),0)) + F9) *IF($E$2=0.8,1,IF($E$2=0.7,1-7%,1+10%))) *(1-_xlfn.XLOOKUP(1,(DESC_PROV[LINEA]=$B$2)*(DESC_PROV[LISTA]=$C$2),DESC_PROV[DESCUENTO])) *(1+VLOOKUP($C$2,LISTAS[],2,FALSE)) *(1+VLOOKUP($C$2,LISTAS[],3,FALSE)) ) /5,0)*5,0)} -> 227765 | O9: {=IFERROR( ROUND( IF($A$2="COSTO", ((B9*(1+IFERROR(VLOOKUP($D$2,COLORES[],2,FALSE),0)) + G9) *IF($E$2=0.8,1,IF($E$2=0.7,1-7%,1+10%))) *(1-_xlfn.XLOOKUP(1,(DESC_PROV[LINEA]=$B$2)*(DESC_PROV[LISTA]=$C$2),DESC_PROV[DESCUENTO])), ((B9*(1+IFERROR(VLOOKUP($D$2,COLORES[],2,FALSE),0)) + G9) *IF($E$2=0.8,1,IF($E$2=0.7,1-7%,1+10%))) *(1-_xlfn.XLOOKUP(1,(DESC_PROV[LINEA]=$B$2)*(DESC_PROV[LISTA]=$C$2),DESC_PROV[DESCUENTO])) *(1+VLOOKUP($C$2,LISTAS[],2,FALSE)) *(1+VLOOKUP($C$2,LISTAS[],3,FALSE)) ) /5,0)*5,0)} -> 252505 | P9: {=IFERROR( ROUND( IF($A$2="COSTO", ((B9*(1+IFERROR(VLOOKUP($D$2,COLORES[],2,FALSE),0)) + H9) *IF($E$2=0.8,1,IF($E$2=0.7,1-7%,1+10%))) *(1-_xlfn.XLOOKUP(1,(DESC_PROV[LINEA]=$B$2)*(DESC_PROV[LISTA]=$C$2),DESC_PROV[DESCUENTO])), ((B9*(1+IFERROR(VLOOKUP($D$2,COLORES[],2,FALSE),0)) + H9) *IF($E$2=0.8,1,IF($E$2=0.7,1-7%,1+10%))) *(1-_xlfn.XLOOKUP(1,(DESC_PROV[LINEA]=$B$2)*(DESC_PROV[LISTA]=$C$2),DESC_PROV[DESCUENTO])) *(1+VLOOKUP($C$2,LISTAS[],2,FALSE)) *(1+VLOOKUP($C$2,LISTAS[],3,FALSE)) ) /5,0)*5,0)} -> 263685
A10: modelo 3 vr | B10: 195833 | C10: 9410 | D10: 0 | E10: 0 | F10: 12552 | G10: 32503 | H10: 0 | J10: modelo 3 vr | K10: {=IFERROR( ROUND( IF($A$2="COSTO", ((B10*(1+IFERROR(VLOOKUP($D$2,COLORES[],2,FALSE),0)) + C10) *IF($E$2=0.8,1,IF($E$2=0.7,1-7%,1+10%))) *(1-_xlfn.XLOOKUP(1,(DESC_PROV[LINEA]=$B$2)*(DESC_PROV[LISTA]=$C$2),DESC_PROV[DESCUENTO])), ((B10*(1+IFERROR(VLOOKUP($D$2,COLORES[],2,FALSE),0)) + C10) *IF($E$2=0.8,1,IF($E$2=0.7,1-7%,1+10%))) *(1-_xlfn.XLOOKUP(1,(DESC_PROV[LINEA]=$B$2)*(DESC_PROV[LISTA]=$C$2),DESC_PROV[DESCUENTO])) *(1+VLOOKUP($C$2,LISTAS[],2,FALSE)) *(1+VLOOKUP($C$2,LISTAS[],3,FALSE)) ) /5,0)*5,0)} -> 254540 | L10: {=IFERROR( ROUND( IF($A$2="COSTO", ((B10*(1+IFERROR(VLOOKUP($D$2,COLORES[],2,FALSE),0)) + D10) *(1+($E$2-0.8))) *(1-_xlfn.XLOOKUP(1,(DESC_PROV[LINEA]=$B$2)*(DESC_PROV[LISTA]=$C$2),DESC_PROV[DESCUENTO])), ((B10*(1+IFERROR(VLOOKUP($D$2,COLORES[],2,FALSE),0)) + D10) *(1+($E$2-0.8))) *(1-_xlfn.XLOOKUP(1,(DESC_PROV[LINEA]=$B$2)*(DESC_PROV[LISTA]=$C$2),DESC_PROV[DESCUENTO])) *(1+VLOOKUP($C$2,LISTAS[],2,FALSE)) *(1+VLOOKUP($C$2,LISTAS[],3,FALSE)) ) /5,0)*5,0)} -> 242870 | M10: {=IFERROR( ROUND( IF($A$2="COSTO", ((B10*(1+IFERROR(VLOOKUP($D$2,COLORES[],2,FALSE),0)) + E10) *IF($E$2=0.8,1,IF($E$2=0.7,1-7%,1+10%))) *(1-_xlfn.XLOOKUP(1,(DESC_PROV[LINEA]=$B$2)*(DESC_PROV[LISTA]=$C$2),DESC_PROV[DESCUENTO])), ((B10*(1+IFERROR(VLOOKUP($D$2,COLORES[],2,FALSE),0)) + E10) *IF($E$2=0.8,1,IF($E$2=0.7,1-7%,1+10%))) *(1-_xlfn.XLOOKUP(1,(DESC_PROV[LINEA]=$B$2)*(DESC_PROV[LISTA]=$C$2),DESC_PROV[DESCUENTO])) *(1+VLOOKUP($C$2,LISTAS[],2,FALSE)) *(1+VLOOKUP($C$2,LISTAS[],3,FALSE)) ) /5,0)*5,0)} -> 242870 | N10: {=IFERROR( ROUND( IF($A$2="COSTO", ((B10*(1+IFERROR(VLOOKUP($D$2,COLORES[],2,FALSE),0)) + F10) *IF($E$2=0.8,1,IF($E$2=0.7,1-7%,1+10%))) *(1-_xlfn.XLOOKUP(1,(DESC_PROV[LINEA]=$B$2)*(DESC_PROV[LISTA]=$C$2),DESC_PROV[DESCUENTO])), ((B10*(1+IFERROR(VLOOKUP($D$2,COLORES[],2,FALSE),0)) + F10) *IF($E$2=0.8,1,IF($E$2=0.7,1-7%,1+10%))) *(1-_xlfn.XLOOKUP(1,(DESC_PROV[LINEA]=$B$2)*(DESC_PROV[LISTA]=$C$2),DESC_PROV[DESCUENTO])) *(1+VLOOKUP($C$2,LISTAS[],2,FALSE)) *(1+VLOOKUP($C$2,LISTAS[],3,FALSE)) ) /5,0)*5,0)} -> 258440 | O10: {=IFERROR( ROUND( IF($A$2="COSTO", ((B10*(1+IFERROR(VLOOKUP($D$2,COLORES[],2,FALSE),0)) + G10) *IF($E$2=0.8,1,IF($E$2=0.7,1-7%,1+10%))) *(1-_xlfn.XLOOKUP(1,(DESC_PROV[LINEA]=$B$2)*(DESC_PROV[LISTA]=$C$2),DESC_PROV[DESCUENTO])), ((B10*(1+IFERROR(VLOOKUP($D$2,COLORES[],2,FALSE),0)) + G10) *IF($E$2=0.8,1,IF($E$2=0.7,1-7%,1+10%))) *(1-_xlfn.XLOOKUP(1,(DESC_PROV[LINEA]=$B$2)*(DESC_PROV[LISTA]=$C$2),DESC_PROV[DESCUENTO])) *(1+VLOOKUP($C$2,LISTAS[],2,FALSE)) *(1+VLOOKUP($C$2,LISTAS[],3,FALSE)) ) /5,0)*5,0)} -> 283180 | P10: {=IFERROR( ROUND( IF($A$2="COSTO", ((B10*(1+IFERROR(VLOOKUP($D$2,COLORES[],2,FALSE),0)) + H10) *IF($E$2=0.8,1,IF($E$2=0.7,1-7%,1+10%))) *(1-_xlfn.XLOOKUP(1,(DESC_PROV[LINEA]=$B$2)*(DESC_PROV[LISTA]=$C$2),DESC_PROV[DESCUENTO])), ((B10*(1+IFERROR(VLOOKUP($D$2,COLORES[],2,FALSE),0)) + H10) *IF($E$2=0.8,1,IF($E$2=0.7,1-7%,1+10%))) *(1-_xlfn.XLOOKUP(1,(DESC_PROV[LINEA]=$B$2)*(DESC_PROV[LISTA]=$C$2),DESC_PROV[DESCUENTO])) *(1+VLOOKUP($C$2,LISTAS[],2,FALSE)) *(1+VLOOKUP($C$2,LISTAS[],3,FALSE)) ) /5,0)*5,0)} -> 242870
A11: modelo 4 | B11: 191983 | C11: 5258 | D11: 6335 | E11: 8346 | F11: 6974 | G11: 18056 | H11: 23064 | J11: modelo 4 | K11: {=IFERROR( ROUND( IF($A$2="COSTO", ((B11*(1+IFERROR(VLOOKUP($D$2,COLORES[],2,FALSE),0)) + C11) *IF($E$2=0.8,1,IF($E$2=0.7,1-7%,1+10%))) *(1-_xlfn.XLOOKUP(1,(DESC_PROV[LINEA]=$B$2)*(DESC_PROV[LISTA]=$C$2),DESC_PROV[DESCUENTO])), ((B11*(1+IFERROR(VLOOKUP($D$2,COLORES[],2,FALSE),0)) + C11) *IF($E$2=0.8,1,IF($E$2=0.7,1-7%,1+10%))) *(1-_xlfn.XLOOKUP(1,(DESC_PROV[LINEA]=$B$2)*(DESC_PROV[LISTA]=$C$2),DESC_PROV[DESCUENTO])) *(1+VLOOKUP($C$2,LISTAS[],2,FALSE)) *(1+VLOOKUP($C$2,LISTAS[],3,FALSE)) ) /5,0)*5,0)} -> 244620 | L11: {=IFERROR( ROUND( IF($A$2="COSTO", ((B11*(1+IFERROR(VLOOKUP($D$2,COLORES[],2,FALSE),0)) + D11) *(1+($E$2-0.8))) *(1-_xlfn.XLOOKUP(1,(DESC_PROV[LINEA]=$B$2)*(DESC_PROV[LISTA]=$C$2),DESC_PROV[DESCUENTO])), ((B11*(1+IFERROR(VLOOKUP($D$2,COLORES[],2,FALSE),0)) + D11) *(1+($E$2-0.8))) *(1-_xlfn.XLOOKUP(1,(DESC_PROV[LINEA]=$B$2)*(DESC_PROV[LISTA]=$C$2),DESC_PROV[DESCUENTO])) *(1+VLOOKUP($C$2,LISTAS[],2,FALSE)) *(1+VLOOKUP($C$2,LISTAS[],3,FALSE)) ) /5,0)*5,0)} -> 245955 | M11: {=IFERROR( ROUND( IF($A$2="COSTO", ((B11*(1+IFERROR(VLOOKUP($D$2,COLORES[],2,FALSE),0)) + E11) *IF($E$2=0.8,1,IF($E$2=0.7,1-7%,1+10%))) *(1-_xlfn.XLOOKUP(1,(DESC_PROV[LINEA]=$B$2)*(DESC_PROV[LISTA]=$C$2),DESC_PROV[DESCUENTO])), ((B11*(1+IFERROR(VLOOKUP($D$2,COLORES[],2,FALSE),0)) + E11) *IF($E$2=0.8,1,IF($E$2=0.7,1-7%,1+10%))) *(1-_xlfn.XLOOKUP(1,(DESC_PROV[LINEA]=$B$2)*(DESC_PROV[LISTA]=$C$2),DESC_PROV[DESCUENTO])) *(1+VLOOKUP($C$2,LISTAS[],2,FALSE)) *(1+VLOOKUP($C$2,LISTAS[],3,FALSE)) ) /5,0)*5,0)} -> 248450 | N11: {=IFERROR( ROUND( IF($A$2="COSTO", ((B11*(1+IFERROR(VLOOKUP($D$2,COLORES[],2,FALSE),0)) + F11) *IF($E$2=0.8,1,IF($E$2=0.7,1-7%,1+10%))) *(1-_xlfn.XLOOKUP(1,(DESC_PROV[LINEA]=$B$2)*(DESC_PROV[LISTA]=$C$2),DESC_PROV[DESCUENTO])), ((B11*(1+IFERROR(VLOOKUP($D$2,COLORES[],2,FALSE),0)) + F11) *IF($E$2=0.8,1,IF($E$2=0.7,1-7%,1+10%))) *(1-_xlfn.XLOOKUP(1,(DESC_PROV[LINEA]=$B$2)*(DESC_PROV[LISTA]=$C$2),DESC_PROV[DESCUENTO])) *(1+VLOOKUP($C$2,LISTAS[],2,FALSE)) *(1+VLOOKUP($C$2,LISTAS[],3,FALSE)) ) /5,0)*5,0)} -> 246745 | O11: {=IFERROR( ROUND( IF($A$2="COSTO", ((B11*(1+IFERROR(VLOOKUP($D$2,COLORES[],2,FALSE),0)) + G11) *IF($E$2=0.8,1,IF($E$2=0.7,1-7%,1+10%))) *(1-_xlfn.XLOOKUP(1,(DESC_PROV[LINEA]=$B$2)*(DESC_PROV[LISTA]=$C$2),DESC_PROV[DESCUENTO])), ((B11*(1+IFERROR(VLOOKUP($D$2,COLORES[],2,FALSE),0)) + G11) *IF($E$2=0.8,1,IF($E$2=0.7,1-7%,1+10%))) *(1-_xlfn.XLOOKUP(1,(DESC_PROV[LINEA]=$B$2)*(DESC_PROV[LISTA]=$C$2),DESC_PROV[DESCUENTO])) *(1+VLOOKUP($C$2,LISTAS[],2,FALSE)) *(1+VLOOKUP($C$2,LISTAS[],3,FALSE)) ) /5,0)*5,0)} -> 260490 | P11: {=IFERROR( ROUND( IF($A$2="COSTO", ((B11*(1+IFERROR(VLOOKUP($D$2,COLORES[],2,FALSE),0)) + H11) *IF($E$2=0.8,1,IF($E$2=0.7,1-7%,1+10%))) *(1-_xlfn.XLOOKUP(1,(DESC_PROV[LINEA]=$B$2)*(DESC_PROV[LISTA]=$C$2),DESC_PROV[DESCUENTO])), ((B11*(1+IFERROR(VLOOKUP($D$2,COLORES[],2,FALSE),0)) + H11) *IF($E$2=0.8,1,IF($E$2=0.7,1-7%,1+10%))) *(1-_xlfn.XLOOKUP(1,(DESC_PROV[LINEA]=$B$2)*(DESC_PROV[LISTA]=$C$2),DESC_PROV[DESCUENTO])) *(1+VLOOKUP($C$2,LISTAS[],2,FALSE)) *(1+VLOOKUP($C$2,LISTAS[],3,FALSE)) ) /5,0)*5,0)} -> 266700
A12: modelo 4 vr | B12: 208415 | C12: 5258 | D12: 0 | E12: 0 | F12: 6974 | G12: 18056 | H12: 0 | J12: modelo 4 vr | K12: {=IFERROR( ROUND( IF($A$2="COSTO", ((B12*(1+IFERROR(VLOOKUP($D$2,COLORES[],2,FALSE),0)) + C12) *IF($E$2=0.8,1,IF($E$2=0.7,1-7%,1+10%))) *(1-_xlfn.XLOOKUP(1,(DESC_PROV[LINEA]=$B$2)*(DESC_PROV[LISTA]=$C$2),DESC_PROV[DESCUENTO])), ((B12*(1+IFERROR(VLOOKUP($D$2,COLORES[],2,FALSE),0)) + C12) *IF($E$2=0.8,1,IF($E$2=0.7,1-7%,1+10%))) *(1-_xlfn.XLOOKUP(1,(DESC_PROV[LINEA]=$B$2)*(DESC_PROV[LISTA]=$C$2),DESC_PROV[DESCUENTO])) *(1+VLOOKUP($C$2,LISTAS[],2,FALSE)) *(1+VLOOKUP($C$2,LISTAS[],3,FALSE)) ) /5,0)*5,0)} -> 264995 | L12: {=IFERROR( ROUND( IF($A$2="COSTO", ((B12*(1+IFERROR(VLOOKUP($D$2,COLORES[],2,FALSE),0)) + D12) *(1+($E$2-0.8))) *(1-_xlfn.XLOOKUP(1,(DESC_PROV[LINEA]=$B$2)*(DESC_PROV[LISTA]=$C$2),DESC_PROV[DESCUENTO])), ((B12*(1+IFERROR(VLOOKUP($D$2,COLORES[],2,FALSE),0)) + D12) *(1+($E$2-0.8))) *(1-_xlfn.XLOOKUP(1,(DESC_PROV[LINEA]=$B$2)*(DESC_PROV[LISTA]=$C$2),DESC_PROV[DESCUENTO])) *(1+VLOOKUP($C$2,LISTAS[],2,FALSE)) *(1+VLOOKUP($C$2,LISTAS[],3,FALSE)) ) /5,0)*5,0)} -> 258475 | M12: {=IFERROR( ROUND( IF($A$2="COSTO", ((B12*(1+IFERROR(VLOOKUP($D$2,COLORES[],2,FALSE),0)) + E12) *IF($E$2=0.8,1,IF($E$2=0.7,1-7%,1+10%))) *(1-_xlfn.XLOOKUP(1,(DESC_PROV[LINEA]=$B$2)*(DESC_PROV[LISTA]=$C$2),DESC_PROV[DESCUENTO])), ((B12*(1+IFERROR(VLOOKUP($D$2,COLORES[],2,FALSE),0)) + E12) *IF($E$2=0.8,1,IF($E$2=0.7,1-7%,1+10%))) *(1-_xlfn.XLOOKUP(1,(DESC_PROV[LINEA]=$B$2)*(DESC_PROV[LISTA]=$C$2),DESC_PROV[DESCUENTO])) *(1+VLOOKUP($C$2,LISTAS[],2,FALSE)) *(1+VLOOKUP($C$2,LISTAS[],3,FALSE)) ) /5,0)*5,0)} -> 258475 | N12: {=IFERROR( ROUND( IF($A$2="COSTO", ((B12*(1+IFERROR(VLOOKUP($D$2,COLORES[],2,FALSE),0)) + F12) *IF($E$2=0.8,1,IF($E$2=0.7,1-7%,1+10%))) *(1-_xlfn.XLOOKUP(1,(DESC_PROV[LINEA]=$B$2)*(DESC_PROV[LISTA]=$C$2),DESC_PROV[DESCUENTO])), ((B12*(1+IFERROR(VLOOKUP($D$2,COLORES[],2,FALSE),0)) + F12) *IF($E$2=0.8,1,IF($E$2=0.7,1-7%,1+10%))) *(1-_xlfn.XLOOKUP(1,(DESC_PROV[LINEA]=$B$2)*(DESC_PROV[LISTA]=$C$2),DESC_PROV[DESCUENTO])) *(1+VLOOKUP($C$2,LISTAS[],2,FALSE)) *(1+VLOOKUP($C$2,LISTAS[],3,FALSE)) ) /5,0)*5,0)} -> 267125 | O12: {=IFERROR( ROUND( IF($A$2="COSTO", ((B12*(1+IFERROR(VLOOKUP($D$2,COLORES[],2,FALSE),0)) + G12) *IF($E$2=0.8,1,IF($E$2=0.7,1-7%,1+10%))) *(1-_xlfn.XLOOKUP(1,(DESC_PROV[LINEA]=$B$2)*(DESC_PROV[LISTA]=$C$2),DESC_PROV[DESCUENTO])), ((B12*(1+IFERROR(VLOOKUP($D$2,COLORES[],2,FALSE),0)) + G12) *IF($E$2=0.8,1,IF($E$2=0.7,1-7%,1+10%))) *(1-_xlfn.XLOOKUP(1,(DESC_PROV[LINEA]=$B$2)*(DESC_PROV[LISTA]=$C$2),DESC_PROV[DESCUENTO])) *(1+VLOOKUP($C$2,LISTAS[],2,FALSE)) *(1+VLOOKUP($C$2,LISTAS[],3,FALSE)) ) /5,0)*5,0)} -> 280870 | P12: {=IFERROR( ROUND( IF($A$2="COSTO", ((B12*(1+IFERROR(VLOOKUP($D$2,COLORES[],2,FALSE),0)) + H12) *IF($E$2=0.8,1,IF($E$2=0.7,1-7%,1+10%))) *(1-_xlfn.XLOOKUP(1,(DESC_PROV[LINEA]=$B$2)*(DESC_PROV[LISTA]=$C$2),DESC_PROV[DESCUENTO])), ((B12*(1+IFERROR(VLOOKUP($D$2,COLORES[],2,FALSE),0)) + H12) *IF($E$2=0.8,1,IF($E$2=0.7,1-7%,1+10%))) *(1-_xlfn.XLOOKUP(1,(DESC_PROV[LINEA]=$B$2)*(DESC_PROV[LISTA]=$C$2),DESC_PROV[DESCUENTO])) *(1+VLOOKUP($C$2,LISTAS[],2,FALSE)) *(1+VLOOKUP($C$2,LISTAS[],3,FALSE)) ) /5,0)*5,0)} -> 258475
A13: modelo 5 | B13: 206271 | C13: 0 | D13: 0 | E13: 0 | F13: 0 | G13: 0 | H13: 0 | J13: modelo 5 | K13: {=IFERROR( ROUND( IF($A$2="COSTO", ((B13*(1+IFERROR(VLOOKUP($D$2,COLORES[],2,FALSE),0)) + C13) *IF($E$2=0.8,1,IF($E$2=0.7,1-7%,1+10%))) *(1-_xlfn.XLOOKUP(1,(DESC_PROV[LINEA]=$B$2)*(DESC_PROV[LISTA]=$C$2),DESC_PROV[DESCUENTO])), ((B13*(1+IFERROR(VLOOKUP($D$2,COLORES[],2,FALSE),0)) + C13) *IF($E$2=0.8,1,IF($E$2=0.7,1-7%,1+10%))) *(1-_xlfn.XLOOKUP(1,(DESC_PROV[LINEA]=$B$2)*(DESC_PROV[LISTA]=$C$2),DESC_PROV[DESCUENTO])) *(1+VLOOKUP($C$2,LISTAS[],2,FALSE)) *(1+VLOOKUP($C$2,LISTAS[],3,FALSE)) *(1-CONFIG!$F$32) ) /5,0)*5,0)} -> 243025 | L13: - | M13: - | N13: - | O13: - | P13: -
A14: modelo 6 | B14: 190883 | C14: 9410 | D14: 11408 | E14: 15018 | F14: 12552 | G14: 32503 | H14: 41517 | J14: modelo 6 | K14: {=IFERROR( ROUND( IF($A$2="COSTO", ((B14*(1+IFERROR(VLOOKUP($D$2,COLORES[],2,FALSE),0)) + C14) *IF($E$2=0.8,1,IF($E$2=0.7,1-7%,1+10%))) *(1-_xlfn.XLOOKUP(1,(DESC_PROV[LINEA]=$B$2)*(DESC_PROV[LISTA]=$C$2),DESC_PROV[DESCUENTO])), ((B14*(1+IFERROR(VLOOKUP($D$2,COLORES[],2,FALSE),0)) + C14) *IF($E$2=0.8,1,IF($E$2=0.7,1-7%,1+10%))) *(1-_xlfn.XLOOKUP(1,(DESC_PROV[LINEA]=$B$2)*(DESC_PROV[LISTA]=$C$2),DESC_PROV[DESCUENTO])) *(1+VLOOKUP($C$2,LISTAS[],2,FALSE)) *(1+VLOOKUP($C$2,LISTAS[],3,FALSE)) ) /5,0)*5,0)} -> 248405 | L14: {=IFERROR( ROUND( IF($A$2="COSTO", ((B14*(1+IFERROR(VLOOKUP($D$2,COLORES[],2,FALSE),0)) + D14) *(1+($E$2-0.8))) *(1-_xlfn.XLOOKUP(1,(DESC_PROV[LINEA]=$B$2)*(DESC_PROV[LISTA]=$C$2),DESC_PROV[DESCUENTO])), ((B14*(1+IFERROR(VLOOKUP($D$2,COLORES[],2,FALSE),0)) + D14) *(1+($E$2-0.8))) *(1-_xlfn.XLOOKUP(1,(DESC_PROV[LINEA]=$B$2)*(DESC_PROV[LISTA]=$C$2),DESC_PROV[DESCUENTO])) *(1+VLOOKUP($C$2,LISTAS[],2,FALSE)) *(1+VLOOKUP($C$2,LISTAS[],3,FALSE)) ) /5,0)*5,0)} -> 250880 | M14: {=IFERROR( ROUND( IF($A$2="COSTO", ((B14*(1+IFERROR(VLOOKUP($D$2,COLORES[],2,FALSE),0)) + E14) *IF($E$2=0.8,1,IF($E$2=0.7,1-7%,1+10%))) *(1-_xlfn.XLOOKUP(1,(DESC_PROV[LINEA]=$B$2)*(DESC_PROV[LISTA]=$C$2),DESC_PROV[DESCUENTO])), ((B14*(1+IFERROR(VLOOKUP($D$2,COLORES[],2,FALSE),0)) + E14) *IF($E$2=0.8,1,IF($E$2=0.7,1-7%,1+10%))) *(1-_xlfn.XLOOKUP(1,(DESC_PROV[LINEA]=$B$2)*(DESC_PROV[LISTA]=$C$2),DESC_PROV[DESCUENTO])) *(1+VLOOKUP($C$2,LISTAS[],2,FALSE)) *(1+VLOOKUP($C$2,LISTAS[],3,FALSE)) ) /5,0)*5,0)} -> 255360 | N14: {=IFERROR( ROUND( IF($A$2="COSTO", ((B14*(1+IFERROR(VLOOKUP($D$2,COLORES[],2,FALSE),0)) + F14) *IF($E$2=0.8,1,IF($E$2=0.7,1-7%,1+10%))) *(1-_xlfn.XLOOKUP(1,(DESC_PROV[LINEA]=$B$2)*(DESC_PROV[LISTA]=$C$2),DESC_PROV[DESCUENTO])), ((B14*(1+IFERROR(VLOOKUP($D$2,COLORES[],2,FALSE),0)) + F14) *IF($E$2=0.8,1,IF($E$2=0.7,1-7%,1+10%))) *(1-_xlfn.XLOOKUP(1,(DESC_PROV[LINEA]=$B$2)*(DESC_PROV[LISTA]=$C$2),DESC_PROV[DESCUENTO])) *(1+VLOOKUP($C$2,LISTAS[],2,FALSE)) *(1+VLOOKUP($C$2,LISTAS[],3,FALSE)) ) /5,0)*5,0)} -> 252300 | O14: {=IFERROR( ROUND( IF($A$2="COSTO", ((B14*(1+IFERROR(VLOOKUP($D$2,COLORES[],2,FALSE),0)) + G14) *IF($E$2=0.8,1,IF($E$2=0.7,1-7%,1+10%))) *(1-_xlfn.XLOOKUP(1,(DESC_PROV[LINEA]=$B$2)*(DESC_PROV[LISTA]=$C$2),DESC_PROV[DESCUENTO])), ((B14*(1+IFERROR(VLOOKUP($D$2,COLORES[],2,FALSE),0)) + G14) *IF($E$2=0.8,1,IF($E$2=0.7,1-7%,1+10%))) *(1-_xlfn.XLOOKUP(1,(DESC_PROV[LINEA]=$B$2)*(DESC_PROV[LISTA]=$C$2),DESC_PROV[DESCUENTO])) *(1+VLOOKUP($C$2,LISTAS[],2,FALSE)) *(1+VLOOKUP($C$2,LISTAS[],3,FALSE)) ) /5,0)*5,0)} -> 277045 | P14: {=IFERROR( ROUND( IF($A$2="COSTO", ((B14*(1+IFERROR(VLOOKUP($D$2,COLORES[],2,FALSE),0)) + H14) *IF($E$2=0.8,1,IF($E$2=0.7,1-7%,1+10%))) *(1-_xlfn.XLOOKUP(1,(DESC_PROV[LINEA]=$B$2)*(DESC_PROV[LISTA]=$C$2),DESC_PROV[DESCUENTO])), ((B14*(1+IFERROR(VLOOKUP($D$2,COLORES[],2,FALSE),0)) + H14) *IF($E$2=0.8,1,IF($E$2=0.7,1-7%,1+10%))) *(1-_xlfn.XLOOKUP(1,(DESC_PROV[LINEA]=$B$2)*(DESC_PROV[LISTA]=$C$2),DESC_PROV[DESCUENTO])) *(1+VLOOKUP($C$2,LISTAS[],2,FALSE)) *(1+VLOOKUP($C$2,LISTAS[],3,FALSE)) ) /5,0)*5,0)} -> 288220
A15: modelo 7 | B15: 201875 | C15: 5258 | D15: 6335 | E15: 8346 | F15: 6974 | G15: 18056 | H15: 23064 | J15: modelo 7 | K15: {=IFERROR( ROUND( IF($A$2="COSTO", ((B15*(1+IFERROR(VLOOKUP($D$2,COLORES[],2,FALSE),0)) + C15) *IF($E$2=0.8,1,IF($E$2=0.7,1-7%,1+10%))) *(1-_xlfn.XLOOKUP(1,(DESC_PROV[LINEA]=$B$2)*(DESC_PROV[LISTA]=$C$2),DESC_PROV[DESCUENTO])), ((B15*(1+IFERROR(VLOOKUP($D$2,COLORES[],2,FALSE),0)) + C15) *IF($E$2=0.8,1,IF($E$2=0.7,1-7%,1+10%))) *(1-_xlfn.XLOOKUP(1,(DESC_PROV[LINEA]=$B$2)*(DESC_PROV[LISTA]=$C$2),DESC_PROV[DESCUENTO])) *(1+VLOOKUP($C$2,LISTAS[],2,FALSE)) *(1+VLOOKUP($C$2,LISTAS[],3,FALSE)) ) /5,0)*5,0)} -> 256885 | L15: {=IFERROR( ROUND( IF($A$2="COSTO", ((B15*(1+IFERROR(VLOOKUP($D$2,COLORES[],2,FALSE),0)) + D15) *(1+($E$2-0.8))) *(1-_xlfn.XLOOKUP(1,(DESC_PROV[LINEA]=$B$2)*(DESC_PROV[LISTA]=$C$2),DESC_PROV[DESCUENTO])), ((B15*(1+IFERROR(VLOOKUP($D$2,COLORES[],2,FALSE),0)) + D15) *(1+($E$2-0.8))) *(1-_xlfn.XLOOKUP(1,(DESC_PROV[LINEA]=$B$2)*(DESC_PROV[LISTA]=$C$2),DESC_PROV[DESCUENTO])) *(1+VLOOKUP($C$2,LISTAS[],2,FALSE)) *(1+VLOOKUP($C$2,LISTAS[],3,FALSE)) ) /5,0)*5,0)} -> 258220 | M15: {=IFERROR( ROUND( IF($A$2="COSTO", ((B15*(1+IFERROR(VLOOKUP($D$2,COLORES[],2,FALSE),0)) + E15) *IF($E$2=0.8,1,IF($E$2=0.7,1-7%,1+10%))) *(1-_xlfn.XLOOKUP(1,(DESC_PROV[LINEA]=$B$2)*(DESC_PROV[LISTA]=$C$2),DESC_PROV[DESCUENTO])), ((B15*(1+IFERROR(VLOOKUP($D$2,COLORES[],2,FALSE),0)) + E15) *IF($E$2=0.8,1,IF($E$2=0.7,1-7%,1+10%))) *(1-_xlfn.XLOOKUP(1,(DESC_PROV[LINEA]=$B$2)*(DESC_PROV[LISTA]=$C$2),DESC_PROV[DESCUENTO])) *(1+VLOOKUP($C$2,LISTAS[],2,FALSE)) *(1+VLOOKUP($C$2,LISTAS[],3,FALSE)) ) /5,0)*5,0)} -> 260715 | N15: {=IFERROR( ROUND( IF($A$2="COSTO", ((B15*(1+IFERROR(VLOOKUP($D$2,COLORES[],2,FALSE),0)) + F15) *IF($E$2=0.8,1,IF($E$2=0.7,1-7%,1+10%))) *(1-_xlfn.XLOOKUP(1,(DESC_PROV[LINEA]=$B$2)*(DESC_PROV[LISTA]=$C$2),DESC_PROV[DESCUENTO])), ((B15*(1+IFERROR(VLOOKUP($D$2,COLORES[],2,FALSE),0)) + F15) *IF($E$2=0.8,1,IF($E$2=0.7,1-7%,1+10%))) *(1-_xlfn.XLOOKUP(1,(DESC_PROV[LINEA]=$B$2)*(DESC_PROV[LISTA]=$C$2),DESC_PROV[DESCUENTO])) *(1+VLOOKUP($C$2,LISTAS[],2,FALSE)) *(1+VLOOKUP($C$2,LISTAS[],3,FALSE)) ) /5,0)*5,0)} -> 259015 | O15: {=IFERROR( ROUND( IF($A$2="COSTO", ((B15*(1+IFERROR(VLOOKUP($D$2,COLORES[],2,FALSE),0)) + G15) *IF($E$2=0.8,1,IF($E$2=0.7,1-7%,1+10%))) *(1-_xlfn.XLOOKUP(1,(DESC_PROV[LINEA]=$B$2)*(DESC_PROV[LISTA]=$C$2),DESC_PROV[DESCUENTO])), ((B15*(1+IFERROR(VLOOKUP($D$2,COLORES[],2,FALSE),0)) + G15) *IF($E$2=0.8,1,IF($E$2=0.7,1-7%,1+10%))) *(1-_xlfn.XLOOKUP(1,(DESC_PROV[LINEA]=$B$2)*(DESC_PROV[LISTA]=$C$2),DESC_PROV[DESCUENTO])) *(1+VLOOKUP($C$2,LISTAS[],2,FALSE)) *(1+VLOOKUP($C$2,LISTAS[],3,FALSE)) ) /5,0)*5,0)} -> 272760 | P15: {=IFERROR( ROUND( IF($A$2="COSTO", ((B15*(1+IFERROR(VLOOKUP($D$2,COLORES[],2,FALSE),0)) + H15) *IF($E$2=0.8,1,IF($E$2=0.7,1-7%,1+10%))) *(1-_xlfn.XLOOKUP(1,(DESC_PROV[LINEA]=$B$2)*(DESC_PROV[LISTA]=$C$2),DESC_PROV[DESCUENTO])), ((B15*(1+IFERROR(VLOOKUP($D$2,COLORES[],2,FALSE),0)) + H15) *IF($E$2=0.8,1,IF($E$2=0.7,1-7%,1+10%))) *(1-_xlfn.XLOOKUP(1,(DESC_PROV[LINEA]=$B$2)*(DESC_PROV[LISTA]=$C$2),DESC_PROV[DESCUENTO])) *(1+VLOOKUP($C$2,LISTAS[],2,FALSE)) *(1+VLOOKUP($C$2,LISTAS[],3,FALSE)) ) /5,0)*5,0)} -> 278970
A16: modelo 8 | B16: 144718 | C16: 21033 | D16: 25338 | E16: 33382 | F16: 27896 | G16: 72226 | H16: 92257 | J16: modelo 8 | K16: {=IFERROR( ROUND( IF($A$2="COSTO", ((B16*(1+IFERROR(VLOOKUP($D$2,COLORES[],2,FALSE),0)) + C16) *IF($E$2=0.8,1,IF($E$2=0.7,1-7%,1+10%))) *(1-_xlfn.XLOOKUP(1,(DESC_PROV[LINEA]=$B$2)*(DESC_PROV[LISTA]=$C$2),DESC_PROV[DESCUENTO])), ((B16*(1+IFERROR(VLOOKUP($D$2,COLORES[],2,FALSE),0)) + C16) *IF($E$2=0.8,1,IF($E$2=0.7,1-7%,1+10%))) *(1-_xlfn.XLOOKUP(1,(DESC_PROV[LINEA]=$B$2)*(DESC_PROV[LISTA]=$C$2),DESC_PROV[DESCUENTO])) *(1+VLOOKUP($C$2,LISTAS[],2,FALSE)) *(1+VLOOKUP($C$2,LISTAS[],3,FALSE)) ) /5,0)*5,0)} -> 205565 | L16: {=IFERROR( ROUND( IF($A$2="COSTO", ((B16*(1+IFERROR(VLOOKUP($D$2,COLORES[],2,FALSE),0)) + D16) *(1+($E$2-0.8))) *(1-_xlfn.XLOOKUP(1,(DESC_PROV[LINEA]=$B$2)*(DESC_PROV[LISTA]=$C$2),DESC_PROV[DESCUENTO])), ((B16*(1+IFERROR(VLOOKUP($D$2,COLORES[],2,FALSE),0)) + D16) *(1+($E$2-0.8))) *(1-_xlfn.XLOOKUP(1,(DESC_PROV[LINEA]=$B$2)*(DESC_PROV[LISTA]=$C$2),DESC_PROV[DESCUENTO])) *(1+VLOOKUP($C$2,LISTAS[],2,FALSE)) *(1+VLOOKUP($C$2,LISTAS[],3,FALSE)) ) /5,0)*5,0)} -> 210905 | M16: {=IFERROR( ROUND( IF($A$2="COSTO", ((B16*(1+IFERROR(VLOOKUP($D$2,COLORES[],2,FALSE),0)) + E16) *IF($E$2=0.8,1,IF($E$2=0.7,1-7%,1+10%))) *(1-_xlfn.XLOOKUP(1,(DESC_PROV[LINEA]=$B$2)*(DESC_PROV[LISTA]=$C$2),DESC_PROV[DESCUENTO])), ((B16*(1+IFERROR(VLOOKUP($D$2,COLORES[],2,FALSE),0)) + E16) *IF($E$2=0.8,1,IF($E$2=0.7,1-7%,1+10%))) *(1-_xlfn.XLOOKUP(1,(DESC_PROV[LINEA]=$B$2)*(DESC_PROV[LISTA]=$C$2),DESC_PROV[DESCUENTO])) *(1+VLOOKUP($C$2,LISTAS[],2,FALSE)) *(1+VLOOKUP($C$2,LISTAS[],3,FALSE)) ) /5,0)*5,0)} -> 220880 | N16: {=IFERROR( ROUND( IF($A$2="COSTO", ((B16*(1+IFERROR(VLOOKUP($D$2,COLORES[],2,FALSE),0)) + F16) *IF($E$2=0.8,1,IF($E$2=0.7,1-7%,1+10%))) *(1-_xlfn.XLOOKUP(1,(DESC_PROV[LINEA]=$B$2)*(DESC_PROV[LISTA]=$C$2),DESC_PROV[DESCUENTO])), ((B16*(1+IFERROR(VLOOKUP($D$2,COLORES[],2,FALSE),0)) + F16) *IF($E$2=0.8,1,IF($E$2=0.7,1-7%,1+10%))) *(1-_xlfn.XLOOKUP(1,(DESC_PROV[LINEA]=$B$2)*(DESC_PROV[LISTA]=$C$2),DESC_PROV[DESCUENTO])) *(1+VLOOKUP($C$2,LISTAS[],2,FALSE)) *(1+VLOOKUP($C$2,LISTAS[],3,FALSE)) ) /5,0)*5,0)} -> 214075 | O16: {=IFERROR( ROUND( IF($A$2="COSTO", ((B16*(1+IFERROR(VLOOKUP($D$2,COLORES[],2,FALSE),0)) + G16) *IF($E$2=0.8,1,IF($E$2=0.7,1-7%,1+10%))) *(1-_xlfn.XLOOKUP(1,(DESC_PROV[LINEA]=$B$2)*(DESC_PROV[LISTA]=$C$2),DESC_PROV[DESCUENTO])), ((B16*(1+IFERROR(VLOOKUP($D$2,COLORES[],2,FALSE),0)) + G16) *IF($E$2=0.8,1,IF($E$2=0.7,1-7%,1+10%))) *(1-_xlfn.XLOOKUP(1,(DESC_PROV[LINEA]=$B$2)*(DESC_PROV[LISTA]=$C$2),DESC_PROV[DESCUENTO])) *(1+VLOOKUP($C$2,LISTAS[],2,FALSE)) *(1+VLOOKUP($C$2,LISTAS[],3,FALSE)) ) /5,0)*5,0)} -> 269055 | P16: {=IFERROR( ROUND( IF($A$2="COSTO", ((B16*(1+IFERROR(VLOOKUP($D$2,COLORES[],2,FALSE),0)) + H16) *IF($E$2=0.8,1,IF($E$2=0.7,1-7%,1+10%))) *(1-_xlfn.XLOOKUP(1,(DESC_PROV[LINEA]=$B$2)*(DESC_PROV[LISTA]=$C$2),DESC_PROV[DESCUENTO])), ((B16*(1+IFERROR(VLOOKUP($D$2,COLORES[],2,FALSE),0)) + H16) *IF($E$2=0.8,1,IF($E$2=0.7,1-7%,1+10%))) *(1-_xlfn.XLOOKUP(1,(DESC_PROV[LINEA]=$B$2)*(DESC_PROV[LISTA]=$C$2),DESC_PROV[DESCUENTO])) *(1+VLOOKUP($C$2,LISTAS[],2,FALSE)) *(1+VLOOKUP($C$2,LISTAS[],3,FALSE)) ) /5,0)*5,0)} -> 293895
A17: modelo 9 | B17: 195280 | C17: 6624 | D17: 8026 | E17: 10572 | F17: 8856 | G17: 22878 | H17: 29219 | J17: modelo 9 | K17: {=IFERROR( ROUND( IF($A$2="COSTO", ((B17*(1+IFERROR(VLOOKUP($D$2,COLORES[],2,FALSE),0)) + C17) *IF($E$2=0.8,1,IF($E$2=0.7,1-7%,1+10%))) *(1-_xlfn.XLOOKUP(1,(DESC_PROV[LINEA]=$B$2)*(DESC_PROV[LISTA]=$C$2),DESC_PROV[DESCUENTO])), ((B17*(1+IFERROR(VLOOKUP($D$2,COLORES[],2,FALSE),0)) + C17) *IF($E$2=0.8,1,IF($E$2=0.7,1-7%,1+10%))) *(1-_xlfn.XLOOKUP(1,(DESC_PROV[LINEA]=$B$2)*(DESC_PROV[LISTA]=$C$2),DESC_PROV[DESCUENTO])) *(1+VLOOKUP($C$2,LISTAS[],2,FALSE)) *(1+VLOOKUP($C$2,LISTAS[],3,FALSE)) ) /5,0)*5,0)} -> 250400 | L17: {=IFERROR( ROUND( IF($A$2="COSTO", ((B17*(1+IFERROR(VLOOKUP($D$2,COLORES[],2,FALSE),0)) + D17) *(1+($E$2-0.8))) *(1-_xlfn.XLOOKUP(1,(DESC_PROV[LINEA]=$B$2)*(DESC_PROV[LISTA]=$C$2),DESC_PROV[DESCUENTO])), ((B17*(1+IFERROR(VLOOKUP($D$2,COLORES[],2,FALSE),0)) + D17) *(1+($E$2-0.8))) *(1-_xlfn.XLOOKUP(1,(DESC_PROV[LINEA]=$B$2)*(DESC_PROV[LISTA]=$C$2),DESC_PROV[DESCUENTO])) *(1+VLOOKUP($C$2,LISTAS[],2,FALSE)) *(1+VLOOKUP($C$2,LISTAS[],3,FALSE)) ) /5,0)*5,0)} -> 252140 | M17: {=IFERROR( ROUND( IF($A$2="COSTO", ((B17*(1+IFERROR(VLOOKUP($D$2,COLORES[],2,FALSE),0)) + E17) *IF($E$2=0.8,1,IF($E$2=0.7,1-7%,1+10%))) *(1-_xlfn.XLOOKUP(1,(DESC_PROV[LINEA]=$B$2)*(DESC_PROV[LISTA]=$C$2),DESC_PROV[DESCUENTO])), ((B17*(1+IFERROR(VLOOKUP($D$2,COLORES[],2,FALSE),0)) + E17) *IF($E$2=0.8,1,IF($E$2=0.7,1-7%,1+10%))) *(1-_xlfn.XLOOKUP(1,(DESC_PROV[LINEA]=$B$2)*(DESC_PROV[LISTA]=$C$2),DESC_PROV[DESCUENTO])) *(1+VLOOKUP($C$2,LISTAS[],2,FALSE)) *(1+VLOOKUP($C$2,LISTAS[],3,FALSE)) ) /5,0)*5,0)} -> 255300 | N17: {=IFERROR( ROUND( IF($A$2="COSTO", ((B17*(1+IFERROR(VLOOKUP($D$2,COLORES[],2,FALSE),0)) + F17) *IF($E$2=0.8,1,IF($E$2=0.7,1-7%,1+10%))) *(1-_xlfn.XLOOKUP(1,(DESC_PROV[LINEA]=$B$2)*(DESC_PROV[LISTA]=$C$2),DESC_PROV[DESCUENTO])), ((B17*(1+IFERROR(VLOOKUP($D$2,COLORES[],2,FALSE),0)) + F17) *IF($E$2=0.8,1,IF($E$2=0.7,1-7%,1+10%))) *(1-_xlfn.XLOOKUP(1,(DESC_PROV[LINEA]=$B$2)*(DESC_PROV[LISTA]=$C$2),DESC_PROV[DESCUENTO])) *(1+VLOOKUP($C$2,LISTAS[],2,FALSE)) *(1+VLOOKUP($C$2,LISTAS[],3,FALSE)) ) /5,0)*5,0)} -> 253170 | O17: {=IFERROR( ROUND( IF($A$2="COSTO", ((B17*(1+IFERROR(VLOOKUP($D$2,COLORES[],2,FALSE),0)) + G17) *IF($E$2=0.8,1,IF($E$2=0.7,1-7%,1+10%))) *(1-_xlfn.XLOOKUP(1,(DESC_PROV[LINEA]=$B$2)*(DESC_PROV[LISTA]=$C$2),DESC_PROV[DESCUENTO])), ((B17*(1+IFERROR(VLOOKUP($D$2,COLORES[],2,FALSE),0)) + G17) *IF($E$2=0.8,1,IF($E$2=0.7,1-7%,1+10%))) *(1-_xlfn.XLOOKUP(1,(DESC_PROV[LINEA]=$B$2)*(DESC_PROV[LISTA]=$C$2),DESC_PROV[DESCUENTO])) *(1+VLOOKUP($C$2,LISTAS[],2,FALSE)) *(1+VLOOKUP($C$2,LISTAS[],3,FALSE)) ) /5,0)*5,0)} -> 270560 | P17: {=IFERROR( ROUND( IF($A$2="COSTO", ((B17*(1+IFERROR(VLOOKUP($D$2,COLORES[],2,FALSE),0)) + H17) *IF($E$2=0.8,1,IF($E$2=0.7,1-7%,1+10%))) *(1-_xlfn.XLOOKUP(1,(DESC_PROV[LINEA]=$B$2)*(DESC_PROV[LISTA]=$C$2),DESC_PROV[DESCUENTO])), ((B17*(1+IFERROR(VLOOKUP($D$2,COLORES[],2,FALSE),0)) + H17) *IF($E$2=0.8,1,IF($E$2=0.7,1-7%,1+10%))) *(1-_xlfn.XLOOKUP(1,(DESC_PROV[LINEA]=$B$2)*(DESC_PROV[LISTA]=$C$2),DESC_PROV[DESCUENTO])) *(1+VLOOKUP($C$2,LISTAS[],2,FALSE)) *(1+VLOOKUP($C$2,LISTAS[],3,FALSE)) ) /5,0)*5,0)} -> 278425
A18: modelo 10 | B18: 207370 | C18: 3659 | D18: 5068 | E18: 6673 | F18: 5578 | G18: 14446 | H18: 18446 | J18: modelo 10 | K18: {=IFERROR( ROUND( IF($A$2="COSTO", ((B18*(1+IFERROR(VLOOKUP($D$2,COLORES[],2,FALSE),0)) + C18) *IF($E$2=0.8,1,IF($E$2=0.7,1-7%,1+10%))) *(1-_xlfn.XLOOKUP(1,(DESC_PROV[LINEA]=$B$2)*(DESC_PROV[LISTA]=$C$2),DESC_PROV[DESCUENTO])), ((B18*(1+IFERROR(VLOOKUP($D$2,COLORES[],2,FALSE),0)) + C18) *IF($E$2=0.8,1,IF($E$2=0.7,1-7%,1+10%))) *(1-_xlfn.XLOOKUP(1,(DESC_PROV[LINEA]=$B$2)*(DESC_PROV[LISTA]=$C$2),DESC_PROV[DESCUENTO])) *(1+VLOOKUP($C$2,LISTAS[],2,FALSE)) *(1+VLOOKUP($C$2,LISTAS[],3,FALSE)) ) /5,0)*5,0)} -> 261720 | L18: {=IFERROR( ROUND( IF($A$2="COSTO", ((B18*(1+IFERROR(VLOOKUP($D$2,COLORES[],2,FALSE),0)) + D18) *(1+($E$2-0.8))) *(1-_xlfn.XLOOKUP(1,(DESC_PROV[LINEA]=$B$2)*(DESC_PROV[LISTA]=$C$2),DESC_PROV[DESCUENTO])), ((B18*(1+IFERROR(VLOOKUP($D$2,COLORES[],2,FALSE),0)) + D18) *(1+($E$2-0.8))) *(1-_xlfn.XLOOKUP(1,(DESC_PROV[LINEA]=$B$2)*(DESC_PROV[LISTA]=$C$2),DESC_PROV[DESCUENTO])) *(1+VLOOKUP($C$2,LISTAS[],2,FALSE)) *(1+VLOOKUP($C$2,LISTAS[],3,FALSE)) ) /5,0)*5,0)} -> 263465 | M18: {=IFERROR( ROUND( IF($A$2="COSTO", ((B18*(1+IFERROR(VLOOKUP($D$2,COLORES[],2,FALSE),0)) + E18) *IF($E$2=0.8,1,IF($E$2=0.7,1-7%,1+10%))) *(1-_xlfn.XLOOKUP(1,(DESC_PROV[LINEA]=$B$2)*(DESC_PROV[LISTA]=$C$2),DESC_PROV[DESCUENTO])), ((B18*(1+IFERROR(VLOOKUP($D$2,COLORES[],2,FALSE),0)) + E18) *IF($E$2=0.8,1,IF($E$2=0.7,1-7%,1+10%))) *(1-_xlfn.XLOOKUP(1,(DESC_PROV[LINEA]=$B$2)*(DESC_PROV[LISTA]=$C$2),DESC_PROV[DESCUENTO])) *(1+VLOOKUP($C$2,LISTAS[],2,FALSE)) *(1+VLOOKUP($C$2,LISTAS[],3,FALSE)) ) /5,0)*5,0)} -> 265455 | N18: {=IFERROR( ROUND( IF($A$2="COSTO", ((B18*(1+IFERROR(VLOOKUP($D$2,COLORES[],2,FALSE),0)) + F18) *IF($E$2=0.8,1,IF($E$2=0.7,1-7%,1+10%))) *(1-_xlfn.XLOOKUP(1,(DESC_PROV[LINEA]=$B$2)*(DESC_PROV[LISTA]=$C$2),DESC_PROV[DESCUENTO])), ((B18*(1+IFERROR(VLOOKUP($D$2,COLORES[],2,FALSE),0)) + F18) *IF($E$2=0.8,1,IF($E$2=0.7,1-7%,1+10%))) *(1-_xlfn.XLOOKUP(1,(DESC_PROV[LINEA]=$B$2)*(DESC_PROV[LISTA]=$C$2),DESC_PROV[DESCUENTO])) *(1+VLOOKUP($C$2,LISTAS[],2,FALSE)) *(1+VLOOKUP($C$2,LISTAS[],3,FALSE)) ) /5,0)*5,0)} -> 264100 | O18: {=IFERROR( ROUND( IF($A$2="COSTO", ((B18*(1+IFERROR(VLOOKUP($D$2,COLORES[],2,FALSE),0)) + G18) *IF($E$2=0.8,1,IF($E$2=0.7,1-7%,1+10%))) *(1-_xlfn.XLOOKUP(1,(DESC_PROV[LINEA]=$B$2)*(DESC_PROV[LISTA]=$C$2),DESC_PROV[DESCUENTO])), ((B18*(1+IFERROR(VLOOKUP($D$2,COLORES[],2,FALSE),0)) + G18) *IF($E$2=0.8,1,IF($E$2=0.7,1-7%,1+10%))) *(1-_xlfn.XLOOKUP(1,(DESC_PROV[LINEA]=$B$2)*(DESC_PROV[LISTA]=$C$2),DESC_PROV[DESCUENTO])) *(1+VLOOKUP($C$2,LISTAS[],2,FALSE)) *(1+VLOOKUP($C$2,LISTAS[],3,FALSE)) ) /5,0)*5,0)} -> 275095 | P18: {=IFERROR( ROUND( IF($A$2="COSTO", ((B18*(1+IFERROR(VLOOKUP($D$2,COLORES[],2,FALSE),0)) + H18) *IF($E$2=0.8,1,IF($E$2=0.7,1-7%,1+10%))) *(1-_xlfn.XLOOKUP(1,(DESC_PROV[LINEA]=$B$2)*(DESC_PROV[LISTA]=$C$2),DESC_PROV[DESCUENTO])), ((B18*(1+IFERROR(VLOOKUP($D$2,COLORES[],2,FALSE),0)) + H18) *IF($E$2=0.8,1,IF($E$2=0.7,1-7%,1+10%))) *(1-_xlfn.XLOOKUP(1,(DESC_PROV[LINEA]=$B$2)*(DESC_PROV[LISTA]=$C$2),DESC_PROV[DESCUENTO])) *(1+VLOOKUP($C$2,LISTAS[],2,FALSE)) *(1+VLOOKUP($C$2,LISTAS[],3,FALSE)) ) /5,0)*5,0)} -> 280055
A19: modelo 10 vr | B19: 223579 | C19: 3659 | D19: 0 | E19: 0 | F19: 5578 | G19: 14446 | H19: 0 | J19: modelo 10 vr | K19: {=IFERROR( ROUND( IF($A$2="COSTO", ((B19*(1+IFERROR(VLOOKUP($D$2,COLORES[],2,FALSE),0)) + C19) *IF($E$2=0.8,1,IF($E$2=0.7,1-7%,1+10%))) *(1-_xlfn.XLOOKUP(1,(DESC_PROV[LINEA]=$B$2)*(DESC_PROV[LISTA]=$C$2),DESC_PROV[DESCUENTO])), ((B19*(1+IFERROR(VLOOKUP($D$2,COLORES[],2,FALSE),0)) + C19) *IF($E$2=0.8,1,IF($E$2=0.7,1-7%,1+10%))) *(1-_xlfn.XLOOKUP(1,(DESC_PROV[LINEA]=$B$2)*(DESC_PROV[LISTA]=$C$2),DESC_PROV[DESCUENTO])) *(1+VLOOKUP($C$2,LISTAS[],2,FALSE)) *(1+VLOOKUP($C$2,LISTAS[],3,FALSE)) ) /5,0)*5,0)} -> 281820 | L19: {=IFERROR( ROUND( IF($A$2="COSTO", ((B19*(1+IFERROR(VLOOKUP($D$2,COLORES[],2,FALSE),0)) + D19) *(1+($E$2-0.8))) *(1-_xlfn.XLOOKUP(1,(DESC_PROV[LINEA]=$B$2)*(DESC_PROV[LISTA]=$C$2),DESC_PROV[DESCUENTO])), ((B19*(1+IFERROR(VLOOKUP($D$2,COLORES[],2,FALSE),0)) + D19) *(1+($E$2-0.8))) *(1-_xlfn.XLOOKUP(1,(DESC_PROV[LINEA]=$B$2)*(DESC_PROV[LISTA]=$C$2),DESC_PROV[DESCUENTO])) *(1+VLOOKUP($C$2,LISTAS[],2,FALSE)) *(1+VLOOKUP($C$2,LISTAS[],3,FALSE)) ) /5,0)*5,0)} -> 277285 | M19: {=IFERROR( ROUND( IF($A$2="COSTO", ((B19*(1+IFERROR(VLOOKUP($D$2,COLORES[],2,FALSE),0)) + E19) *IF($E$2=0.8,1,IF($E$2=0.7,1-7%,1+10%))) *(1-_xlfn.XLOOKUP(1,(DESC_PROV[LINEA]=$B$2)*(DESC_PROV[LISTA]=$C$2),DESC_PROV[DESCUENTO])), ((B19*(1+IFERROR(VLOOKUP($D$2,COLORES[],2,FALSE),0)) + E19) *IF($E$2=0.8,1,IF($E$2=0.7,1-7%,1+10%))) *(1-_xlfn.XLOOKUP(1,(DESC_PROV[LINEA]=$B$2)*(DESC_PROV[LISTA]=$C$2),DESC_PROV[DESCUENTO])) *(1+VLOOKUP($C$2,LISTAS[],2,FALSE)) *(1+VLOOKUP($C$2,LISTAS[],3,FALSE)) ) /5,0)*5,0)} -> 277285 | N19: {=IFERROR( ROUND( IF($A$2="COSTO", ((B19*(1+IFERROR(VLOOKUP($D$2,COLORES[],2,FALSE),0)) + F19) *IF($E$2=0.8,1,IF($E$2=0.7,1-7%,1+10%))) *(1-_xlfn.XLOOKUP(1,(DESC_PROV[LINEA]=$B$2)*(DESC_PROV[LISTA]=$C$2),DESC_PROV[DESCUENTO])), ((B19*(1+IFERROR(VLOOKUP($D$2,COLORES[],2,FALSE),0)) + F19) *IF($E$2=0.8,1,IF($E$2=0.7,1-7%,1+10%))) *(1-_xlfn.XLOOKUP(1,(DESC_PROV[LINEA]=$B$2)*(DESC_PROV[LISTA]=$C$2),DESC_PROV[DESCUENTO])) *(1+VLOOKUP($C$2,LISTAS[],2,FALSE)) *(1+VLOOKUP($C$2,LISTAS[],3,FALSE)) ) /5,0)*5,0)} -> 284200 | O19: {=IFERROR( ROUND( IF($A$2="COSTO", ((B19*(1+IFERROR(VLOOKUP($D$2,COLORES[],2,FALSE),0)) + G19) *IF($E$2=0.8,1,IF($E$2=0.7,1-7%,1+10%))) *(1-_xlfn.XLOOKUP(1,(DESC_PROV[LINEA]=$B$2)*(DESC_PROV[LISTA]=$C$2),DESC_PROV[DESCUENTO])), ((B19*(1+IFERROR(VLOOKUP($D$2,COLORES[],2,FALSE),0)) + G19) *IF($E$2=0.8,1,IF($E$2=0.7,1-7%,1+10%))) *(1-_xlfn.XLOOKUP(1,(DESC_PROV[LINEA]=$B$2)*(DESC_PROV[LISTA]=$C$2),DESC_PROV[DESCUENTO])) *(1+VLOOKUP($C$2,LISTAS[],2,FALSE)) *(1+VLOOKUP($C$2,LISTAS[],3,FALSE)) ) /5,0)*5,0)} -> 295200 | P19: {=IFERROR( ROUND( IF($A$2="COSTO", ((B19*(1+IFERROR(VLOOKUP($D$2,COLORES[],2,FALSE),0)) + H19) *IF($E$2=0.8,1,IF($E$2=0.7,1-7%,1+10%))) *(1-_xlfn.XLOOKUP(1,(DESC_PROV[LINEA]=$B$2)*(DESC_PROV[LISTA]=$C$2),DESC_PROV[DESCUENTO])), ((B19*(1+IFERROR(VLOOKUP($D$2,COLORES[],2,FALSE),0)) + H19) *IF($E$2=0.8,1,IF($E$2=0.7,1-7%,1+10%))) *(1-_xlfn.XLOOKUP(1,(DESC_PROV[LINEA]=$B$2)*(DESC_PROV[LISTA]=$C$2),DESC_PROV[DESCUENTO])) *(1+VLOOKUP($C$2,LISTAS[],2,FALSE)) *(1+VLOOKUP($C$2,LISTAS[],3,FALSE)) ) /5,0)*5,0)} -> 277285
A20: modelo 11 | B20: 180990 | C20: 14643 | D20: 19004 | E20: 25031 | F20: 20922 | G20: 54175 | H20: 69199 | J20: modelo 11 | K20: {=IFERROR( ROUND( IF($A$2="COSTO", ((B20*(1+IFERROR(VLOOKUP($D$2,COLORES[],2,FALSE),0)) + C20) *IF($E$2=0.8,1,IF($E$2=0.7,1-7%,1+10%))) *(1-_xlfn.XLOOKUP(1,(DESC_PROV[LINEA]=$B$2)*(DESC_PROV[LISTA]=$C$2),DESC_PROV[DESCUENTO])), ((B20*(1+IFERROR(VLOOKUP($D$2,COLORES[],2,FALSE),0)) + C20) *IF($E$2=0.8,1,IF($E$2=0.7,1-7%,1+10%))) *(1-_xlfn.XLOOKUP(1,(DESC_PROV[LINEA]=$B$2)*(DESC_PROV[LISTA]=$C$2),DESC_PROV[DESCUENTO])) *(1+VLOOKUP($C$2,LISTAS[],2,FALSE)) *(1+VLOOKUP($C$2,LISTAS[],3,FALSE)) ) /5,0)*5,0)} -> 242625 | L20: {=IFERROR( ROUND( IF($A$2="COSTO", ((B20*(1+IFERROR(VLOOKUP($D$2,COLORES[],2,FALSE),0)) + D20) *(1+($E$2-0.8))) *(1-_xlfn.XLOOKUP(1,(DESC_PROV[LINEA]=$B$2)*(DESC_PROV[LISTA]=$C$2),DESC_PROV[DESCUENTO])), ((B20*(1+IFERROR(VLOOKUP($D$2,COLORES[],2,FALSE),0)) + D20) *(1+($E$2-0.8))) *(1-_xlfn.XLOOKUP(1,(DESC_PROV[LINEA]=$B$2)*(DESC_PROV[LISTA]=$C$2),DESC_PROV[DESCUENTO])) *(1+VLOOKUP($C$2,LISTAS[],2,FALSE)) *(1+VLOOKUP($C$2,LISTAS[],3,FALSE)) ) /5,0)*5,0)} -> 248035 | M20: {=IFERROR( ROUND( IF($A$2="COSTO", ((B20*(1+IFERROR(VLOOKUP($D$2,COLORES[],2,FALSE),0)) + E20) *IF($E$2=0.8,1,IF($E$2=0.7,1-7%,1+10%))) *(1-_xlfn.XLOOKUP(1,(DESC_PROV[LINEA]=$B$2)*(DESC_PROV[LISTA]=$C$2),DESC_PROV[DESCUENTO])), ((B20*(1+IFERROR(VLOOKUP($D$2,COLORES[],2,FALSE),0)) + E20) *IF($E$2=0.8,1,IF($E$2=0.7,1-7%,1+10%))) *(1-_xlfn.XLOOKUP(1,(DESC_PROV[LINEA]=$B$2)*(DESC_PROV[LISTA]=$C$2),DESC_PROV[DESCUENTO])) *(1+VLOOKUP($C$2,LISTAS[],2,FALSE)) *(1+VLOOKUP($C$2,LISTAS[],3,FALSE)) ) /5,0)*5,0)} -> 255505 | N20: {=IFERROR( ROUND( IF($A$2="COSTO", ((B20*(1+IFERROR(VLOOKUP($D$2,COLORES[],2,FALSE),0)) + F20) *IF($E$2=0.8,1,IF($E$2=0.7,1-7%,1+10%))) *(1-_xlfn.XLOOKUP(1,(DESC_PROV[LINEA]=$B$2)*(DESC_PROV[LISTA]=$C$2),DESC_PROV[DESCUENTO])), ((B20*(1+IFERROR(VLOOKUP($D$2,COLORES[],2,FALSE),0)) + F20) *IF($E$2=0.8,1,IF($E$2=0.7,1-7%,1+10%))) *(1-_xlfn.XLOOKUP(1,(DESC_PROV[LINEA]=$B$2)*(DESC_PROV[LISTA]=$C$2),DESC_PROV[DESCUENTO])) *(1+VLOOKUP($C$2,LISTAS[],2,FALSE)) *(1+VLOOKUP($C$2,LISTAS[],3,FALSE)) ) /5,0)*5,0)} -> 250410 | O20: {=IFERROR( ROUND( IF($A$2="COSTO", ((B20*(1+IFERROR(VLOOKUP($D$2,COLORES[],2,FALSE),0)) + G20) *IF($E$2=0.8,1,IF($E$2=0.7,1-7%,1+10%))) *(1-_xlfn.XLOOKUP(1,(DESC_PROV[LINEA]=$B$2)*(DESC_PROV[LISTA]=$C$2),DESC_PROV[DESCUENTO])), ((B20*(1+IFERROR(VLOOKUP($D$2,COLORES[],2,FALSE),0)) + G20) *IF($E$2=0.8,1,IF($E$2=0.7,1-7%,1+10%))) *(1-_xlfn.XLOOKUP(1,(DESC_PROV[LINEA]=$B$2)*(DESC_PROV[LISTA]=$C$2),DESC_PROV[DESCUENTO])) *(1+VLOOKUP($C$2,LISTAS[],2,FALSE)) *(1+VLOOKUP($C$2,LISTAS[],3,FALSE)) ) /5,0)*5,0)} -> 291650 | P20: {=IFERROR( ROUND( IF($A$2="COSTO", ((B20*(1+IFERROR(VLOOKUP($D$2,COLORES[],2,FALSE),0)) + H20) *IF($E$2=0.8,1,IF($E$2=0.7,1-7%,1+10%))) *(1-_xlfn.XLOOKUP(1,(DESC_PROV[LINEA]=$B$2)*(DESC_PROV[LISTA]=$C$2),DESC_PROV[DESCUENTO])), ((B20*(1+IFERROR(VLOOKUP($D$2,COLORES[],2,FALSE),0)) + H20) *IF($E$2=0.8,1,IF($E$2=0.7,1-7%,1+10%))) *(1-_xlfn.XLOOKUP(1,(DESC_PROV[LINEA]=$B$2)*(DESC_PROV[LISTA]=$C$2),DESC_PROV[DESCUENTO])) *(1+VLOOKUP($C$2,LISTAS[],2,FALSE)) *(1+VLOOKUP($C$2,LISTAS[],3,FALSE)) ) /5,0)*5,0)} -> 310285
A21: modelo 12 | B21: 150213 | C21: 14643 | D21: 19004 | E21: 25031 | F21: 20922 | G21: 54175 | H21: 69199 | J21: modelo 12 | K21: {=IFERROR( ROUND( IF($A$2="COSTO", ((B21*(1+IFERROR(VLOOKUP($D$2,COLORES[],2,FALSE),0)) + C21) *IF($E$2=0.8,1,IF($E$2=0.7,1-7%,1+10%))) *(1-_xlfn.XLOOKUP(1,(DESC_PROV[LINEA]=$B$2)*(DESC_PROV[LISTA]=$C$2),DESC_PROV[DESCUENTO])), ((B21*(1+IFERROR(VLOOKUP($D$2,COLORES[],2,FALSE),0)) + C21) *IF($E$2=0.8,1,IF($E$2=0.7,1-7%,1+10%))) *(1-_xlfn.XLOOKUP(1,(DESC_PROV[LINEA]=$B$2)*(DESC_PROV[LISTA]=$C$2),DESC_PROV[DESCUENTO])) *(1+VLOOKUP($C$2,LISTAS[],2,FALSE)) *(1+VLOOKUP($C$2,LISTAS[],3,FALSE)) ) /5,0)*5,0)} -> 204455 | L21: {=IFERROR( ROUND( IF($A$2="COSTO", ((B21*(1+IFERROR(VLOOKUP($D$2,COLORES[],2,FALSE),0)) + D21) *(1+($E$2-0.8))) *(1-_xlfn.XLOOKUP(1,(DESC_PROV[LINEA]=$B$2)*(DESC_PROV[LISTA]=$C$2),DESC_PROV[DESCUENTO])), ((B21*(1+IFERROR(VLOOKUP($D$2,COLORES[],2,FALSE),0)) + D21) *(1+($E$2-0.8))) *(1-_xlfn.XLOOKUP(1,(DESC_PROV[LINEA]=$B$2)*(DESC_PROV[LISTA]=$C$2),DESC_PROV[DESCUENTO])) *(1+VLOOKUP($C$2,LISTAS[],2,FALSE)) *(1+VLOOKUP($C$2,LISTAS[],3,FALSE)) ) /5,0)*5,0)} -> 209865 | M21: {=IFERROR( ROUND( IF($A$2="COSTO", ((B21*(1+IFERROR(VLOOKUP($D$2,COLORES[],2,FALSE),0)) + E21) *IF($E$2=0.8,1,IF($E$2=0.7,1-7%,1+10%))) *(1-_xlfn.XLOOKUP(1,(DESC_PROV[LINEA]=$B$2)*(DESC_PROV[LISTA]=$C$2),DESC_PROV[DESCUENTO])), ((B21*(1+IFERROR(VLOOKUP($D$2,COLORES[],2,FALSE),0)) + E21) *IF($E$2=0.8,1,IF($E$2=0.7,1-7%,1+10%))) *(1-_xlfn.XLOOKUP(1,(DESC_PROV[LINEA]=$B$2)*(DESC_PROV[LISTA]=$C$2),DESC_PROV[DESCUENTO])) *(1+VLOOKUP($C$2,LISTAS[],2,FALSE)) *(1+VLOOKUP($C$2,LISTAS[],3,FALSE)) ) /5,0)*5,0)} -> 217340 | N21: {=IFERROR( ROUND( IF($A$2="COSTO", ((B21*(1+IFERROR(VLOOKUP($D$2,COLORES[],2,FALSE),0)) + F21) *IF($E$2=0.8,1,IF($E$2=0.7,1-7%,1+10%))) *(1-_xlfn.XLOOKUP(1,(DESC_PROV[LINEA]=$B$2)*(DESC_PROV[LISTA]=$C$2),DESC_PROV[DESCUENTO])), ((B21*(1+IFERROR(VLOOKUP($D$2,COLORES[],2,FALSE),0)) + F21) *IF($E$2=0.8,1,IF($E$2=0.7,1-7%,1+10%))) *(1-_xlfn.XLOOKUP(1,(DESC_PROV[LINEA]=$B$2)*(DESC_PROV[LISTA]=$C$2),DESC_PROV[DESCUENTO])) *(1+VLOOKUP($C$2,LISTAS[],2,FALSE)) *(1+VLOOKUP($C$2,LISTAS[],3,FALSE)) ) /5,0)*5,0)} -> 212240 | O21: {=IFERROR( ROUND( IF($A$2="COSTO", ((B21*(1+IFERROR(VLOOKUP($D$2,COLORES[],2,FALSE),0)) + G21) *IF($E$2=0.8,1,IF($E$2=0.7,1-7%,1+10%))) *(1-_xlfn.XLOOKUP(1,(DESC_PROV[LINEA]=$B$2)*(DESC_PROV[LISTA]=$C$2),DESC_PROV[DESCUENTO])), ((B21*(1+IFERROR(VLOOKUP($D$2,COLORES[],2,FALSE),0)) + G21) *IF($E$2=0.8,1,IF($E$2=0.7,1-7%,1+10%))) *(1-_xlfn.XLOOKUP(1,(DESC_PROV[LINEA]=$B$2)*(DESC_PROV[LISTA]=$C$2),DESC_PROV[DESCUENTO])) *(1+VLOOKUP($C$2,LISTAS[],2,FALSE)) *(1+VLOOKUP($C$2,LISTAS[],3,FALSE)) ) /5,0)*5,0)} -> 253480 | P21: {=IFERROR( ROUND( IF($A$2="COSTO", ((B21*(1+IFERROR(VLOOKUP($D$2,COLORES[],2,FALSE),0)) + H21) *IF($E$2=0.8,1,IF($E$2=0.7,1-7%,1+10%))) *(1-_xlfn.XLOOKUP(1,(DESC_PROV[LINEA]=$B$2)*(DESC_PROV[LISTA]=$C$2),DESC_PROV[DESCUENTO])), ((B21*(1+IFERROR(VLOOKUP($D$2,COLORES[],2,FALSE),0)) + H21) *IF($E$2=0.8,1,IF($E$2=0.7,1-7%,1+10%))) *(1-_xlfn.XLOOKUP(1,(DESC_PROV[LINEA]=$B$2)*(DESC_PROV[LISTA]=$C$2),DESC_PROV[DESCUENTO])) *(1+VLOOKUP($C$2,LISTAS[],2,FALSE)) *(1+VLOOKUP($C$2,LISTAS[],3,FALSE)) ) /5,0)*5,0)} -> 272115
A22: modelo panel | B22: 283039 | C22: 0 | D22: 0 | E22: 0 | F22: 0 | G22: 0 | H22: 0 | J22: modelo panel | K22: {=IFERROR( ROUND( IF($A$2="COSTO", ((B22*(1+IFERROR(VLOOKUP($D$2,COLORES[],2,FALSE),0)) + C22) *IF($E$2=0.8,1,IF($E$2=0.7,1-7%,1+10%))) *(1-_xlfn.XLOOKUP(1,(DESC_PROV[LINEA]=$B$2)*(DESC_PROV[LISTA]=$C$2),DESC_PROV[DESCUENTO])), ((B22*(1+IFERROR(VLOOKUP($D$2,COLORES[],2,FALSE),0)) + C22) *IF($E$2=0.8,1,IF($E$2=0.7,1-7%,1+10%))) *(1-_xlfn.XLOOKUP(1,(DESC_PROV[LINEA]=$B$2)*(DESC_PROV[LISTA]=$C$2),DESC_PROV[DESCUENTO])) *(1+VLOOKUP($C$2,LISTAS[],2,FALSE)) *(1+VLOOKUP($C$2,LISTAS[],3,FALSE)) ) /5,0)*5,0)} -> 351025 | L22: {=IFERROR( ROUND( IF($A$2="COSTO", ((B22*(1+IFERROR(VLOOKUP($D$2,COLORES[],2,FALSE),0)) + D22) *(1+($E$2-0.8))) *(1-_xlfn.XLOOKUP(1,(DESC_PROV[LINEA]=$B$2)*(DESC_PROV[LISTA]=$C$2),DESC_PROV[DESCUENTO])), ((B22*(1+IFERROR(VLOOKUP($D$2,COLORES[],2,FALSE),0)) + D22) *(1+($E$2-0.8))) *(1-_xlfn.XLOOKUP(1,(DESC_PROV[LINEA]=$B$2)*(DESC_PROV[LISTA]=$C$2),DESC_PROV[DESCUENTO])) *(1+VLOOKUP($C$2,LISTAS[],2,FALSE)) *(1+VLOOKUP($C$2,LISTAS[],3,FALSE)) ) /5,0)*5,0)} -> 351025 | M22: {=IFERROR( ROUND( IF($A$2="COSTO", ((B22*(1+IFERROR(VLOOKUP($D$2,COLORES[],2,FALSE),0)) + E22) *IF($E$2=0.8,1,IF($E$2=0.7,1-7%,1+10%))) *(1-_xlfn.XLOOKUP(1,(DESC_PROV[LINEA]=$B$2)*(DESC_PROV[LISTA]=$C$2),DESC_PROV[DESCUENTO])), ((B22*(1+IFERROR(VLOOKUP($D$2,COLORES[],2,FALSE),0)) + E22) *IF($E$2=0.8,1,IF($E$2=0.7,1-7%,1+10%))) *(1-_xlfn.XLOOKUP(1,(DESC_PROV[LINEA]=$B$2)*(DESC_PROV[LISTA]=$C$2),DESC_PROV[DESCUENTO])) *(1+VLOOKUP($C$2,LISTAS[],2,FALSE)) *(1+VLOOKUP($C$2,LISTAS[],3,FALSE)) ) /5,0)*5,0)} -> 351025 | N22: {=IFERROR( ROUND( IF($A$2="COSTO", ((B22*(1+IFERROR(VLOOKUP($D$2,COLORES[],2,FALSE),0)) + F22) *IF($E$2=0.8,1,IF($E$2=0.7,1-7%,1+10%))) *(1-_xlfn.XLOOKUP(1,(DESC_PROV[LINEA]=$B$2)*(DESC_PROV[LISTA]=$C$2),DESC_PROV[DESCUENTO])), ((B22*(1+IFERROR(VLOOKUP($D$2,COLORES[],2,FALSE),0)) + F22) *IF($E$2=0.8,1,IF($E$2=0.7,1-7%,1+10%))) *(1-_xlfn.XLOOKUP(1,(DESC_PROV[LINEA]=$B$2)*(DESC_PROV[LISTA]=$C$2),DESC_PROV[DESCUENTO])) *(1+VLOOKUP($C$2,LISTAS[],2,FALSE)) *(1+VLOOKUP($C$2,LISTAS[],3,FALSE)) ) /5,0)*5,0)} -> 351025 | O22: {=IFERROR( ROUND( IF($A$2="COSTO", ((B22*(1+IFERROR(VLOOKUP($D$2,COLORES[],2,FALSE),0)) + G22) *IF($E$2=0.8,1,IF($E$2=0.7,1-7%,1+10%))) *(1-_xlfn.XLOOKUP(1,(DESC_PROV[LINEA]=$B$2)*(DESC_PROV[LISTA]=$C$2),DESC_PROV[DESCUENTO])), ((B22*(1+IFERROR(VLOOKUP($D$2,COLORES[],2,FALSE),0)) + G22) *IF($E$2=0.8,1,IF($E$2=0.7,1-7%,1+10%))) *(1-_xlfn.XLOOKUP(1,(DESC_PROV[LINEA]=$B$2)*(DESC_PROV[LISTA]=$C$2),DESC_PROV[DESCUENTO])) *(1+VLOOKUP($C$2,LISTAS[],2,FALSE)) *(1+VLOOKUP($C$2,LISTAS[],3,FALSE)) ) /5,0)*5,0)} -> 351025 | P22: {=IFERROR( ROUND( IF($A$2="COSTO", ((B22*(1+IFERROR(VLOOKUP($D$2,COLORES[],2,FALSE),0)) + H22) *IF($E$2=0.8,1,IF($E$2=0.7,1-7%,1+10%))) *(1-_xlfn.XLOOKUP(1,(DESC_PROV[LINEA]=$B$2)*(DESC_PROV[LISTA]=$C$2),DESC_PROV[DESCUENTO])), ((B22*(1+IFERROR(VLOOKUP($D$2,COLORES[],2,FALSE),0)) + H22) *IF($E$2=0.8,1,IF($E$2=0.7,1-7%,1+10%))) *(1-_xlfn.XLOOKUP(1,(DESC_PROV[LINEA]=$B$2)*(DESC_PROV[LISTA]=$C$2),DESC_PROV[DESCUENTO])) *(1+VLOOKUP($C$2,LISTAS[],2,FALSE)) *(1+VLOOKUP($C$2,LISTAS[],3,FALSE)) ) /5,0)*5,0)} -> 351025
A24: ADICIONALES | J24: ADICIONALES
A25: Barral curvo | B25: 18000 | D25: puerta de 90 + 10% | J25: Barral curvo | K25: {=IFERROR( ROUND( IF($A$2="COSTO", B25 *(1-_xlfn.XLOOKUP(1,(DESC_PROV[LINEA]=$B$2)*(DESC_PROV[LISTA]=$C$2),DESC_PROV[DESCUENTO])), B25 *(1-_xlfn.XLOOKUP(1,(DESC_PROV[LINEA]=$B$2)*(DESC_PROV[LISTA]=$C$2),DESC_PROV[DESCUENTO])) *(1+VLOOKUP($C$2,LISTAS[],2,FALSE)) *(1+VLOOKUP($C$2,LISTAS[],3,FALSE)) ) /5,0)*5,0)} -> 22325 | L25: puerta de 90 + 10%
A26: barral recto | B26: 18000 | D26: puerta de 70 -7% | J26: barral recto | K26: {=IFERROR( ROUND( IF($A$2="COSTO", B26 *(1-_xlfn.XLOOKUP(1,(DESC_PROV[LINEA]=$B$2)*(DESC_PROV[LISTA]=$C$2),DESC_PROV[DESCUENTO])), B26 *(1-_xlfn.XLOOKUP(1,(DESC_PROV[LINEA]=$B$2)*(DESC_PROV[LISTA]=$C$2),DESC_PROV[DESCUENTO])) *(1+VLOOKUP($C$2,LISTAS[],2,FALSE)) *(1+VLOOKUP($C$2,LISTAS[],3,FALSE)) ) /5,0)*5,0)} -> 22325 | L26: puerta de 70 -7%

Sheet medias puertas herrero
A1: MODO | B1: LINEA | C1: LISTA | D1: COLOR
A2: =CONTROL!B4 -> VENTA | B2: HERRERO | C2: =CONTROL!C4 -> AMARILLA | D2: =CONTROL!D4 -> BLANCO
A4: 1/2 PUERTA HERRERO | H4: 1/2 PUERTA HERRERO
A6: modelo | B6: s/vidrio | C6: v4mm | D6: V3+3 | E6: fantasia | F6: esmerilado | H6: modelo | I6: v4mm | J6: V3+3 | K6: Fantasia | L6: Esmerilado
A7: v/entero | B7: 99635 | C7: 16182 | D7: 69207 | E7: 17813 | F7: 46122 | H7: v/entero | I7: {=IFERROR( ROUND( IF($A$2="COSTO", ((B7*(1+IFERROR(VLOOKUP($D$2,COLORES[],2,FALSE),0)))+C7) *(1-IFERROR(_xlfn.XLOOKUP(1,(DESC_PROV[LINEA]=$B$2)*(DESC_PROV[LISTA]=$C$2),DESC_PROV[DESCUENTO]),0)), ((B7*(1+IFERROR(VLOOKUP($D$2,COLORES[],2,FALSE),0)))+C7) *(1-IFERROR(_xlfn.XLOOKUP(1,(DESC_PROV[LINEA]=$B$2)*(DESC_PROV[LISTA]=$C$2),DESC_PROV[DESCUENTO]),0)) *(1+VLOOKUP($C$2,LISTAS[],2,FALSE)) *(1+VLOOKUP($C$2,LISTAS[],3,FALSE)) ) /5,0)*5,0)} -> 143635 | J7: {=ROUND( IF($A$2="COSTO", ((B7*(1+IFERROR(VLOOKUP($D$2,COLORES[],2,FALSE),0)))+D7) *(1-IFERROR(_xlfn.XLOOKUP(1,(DESC_PROV[LINEA]=$B$2)*(DESC_PROV[LISTA]=$C$2),DESC_PROV[DESCUENTO]),0)), ((B7*(1+IFERROR(VLOOKUP($D$2,COLORES[],2,FALSE),0)))+D7) *(1-IFERROR(_xlfn.XLOOKUP(1,(DESC_PROV[LINEA]=$B$2)*(DESC_PROV[LISTA]=$C$2),DESC_PROV[DESCUENTO]),0)) *(1+VLOOKUP($C$2,LISTAS[],2,FALSE)) *(1+VLOOKUP($C$2,LISTAS[],3,FALSE)) ) /5,0)*5} -> 209400 | K7: {=ROUND( IF($A$2="COSTO", ((B7*(1+IFERROR(VLOOKUP($D$2,COLORES[],2,FALSE),0)))+E7) *(1-IFERROR(_xlfn.XLOOKUP(1,(DESC_PROV[LINEA]=$B$2)*(DESC_PROV[LISTA]=$C$2),DESC_PROV[DESCUENTO]),0)), ((B7*(1+IFERROR(VLOOKUP($D$2,COLORES[],2,FALSE),0)))+E7) *(1-IFERROR(_xlfn.XLOOKUP(1,(DESC_PROV[LINEA]=$B$2)*(DESC_PROV[LISTA]=$C$2),DESC_PROV[DESCUENTO]),0)) *(1+VLOOKUP($C$2,LISTAS[],2,FALSE)) *(1+VLOOKUP($C$2,LISTAS[],3,FALSE)) ) /5,0)*5} -> 145660 | L7: {=ROUND( IF($A$2="COSTO", ((B7*(1+IFERROR(VLOOKUP($D$2,COLORES[],2,FALSE),0)))+F7) *(1-IFERROR(_xlfn.XLOOKUP(1,(DESC_PROV[LINEA]=$B$2)*(DESC_PROV[LISTA]=$C$2),DESC_PROV[DESCUENTO]),0)), ((B7*(1+IFERROR(VLOOKUP($D$2,COLORES[],2,FALSE),0)))+F7) *(1-IFERROR(_xlfn.XLOOKUP(1,(DESC_PROV[LINEA]=$B$2)*(DESC_PROV[LISTA]=$C$2),DESC_PROV[DESCUENTO]),0)) *(1+VLOOKUP($C$2,LISTAS[],2,FALSE)) *(1+VLOOKUP($C$2,LISTAS[],3,FALSE)) ) /5,0)*5} -> 180770
A8: v/repartido | B8: 114030 | C8: 16182 | D8: 0 | E8: 17813 | F8: 46122 | H8: v/repartido | I8: {=IFERROR( ROUND( IF($A$2="COSTO", ((B8*(1+IFERROR(VLOOKUP($D$2,COLORES[],2,FALSE),0)))+C8) *(1-IFERROR(_xlfn.XLOOKUP(1,(DESC_PROV[LINEA]=$B$2)*(DESC_PROV[LISTA]=$C$2),DESC_PROV[DESCUENTO]),0)), ((B8*(1+IFERROR(VLOOKUP($D$2,COLORES[],2,FALSE),0)))+C8) *(1-IFERROR(_xlfn.XLOOKUP(1,(DESC_PROV[LINEA]=$B$2)*(DESC_PROV[LISTA]=$C$2),DESC_PROV[DESCUENTO]),0)) *(1+VLOOKUP($C$2,LISTAS[],2,FALSE)) *(1+VLOOKUP($C$2,LISTAS[],3,FALSE)) ) /5,0)*5,0)} -> 161490 | J8: {=ROUND( IF($A$2="COSTO", ((B8*(1+IFERROR(VLOOKUP($D$2,COLORES[],2,FALSE),0)))+D8) *(1-IFERROR(_xlfn.XLOOKUP(1,(DESC_PROV[LINEA]=$B$2)*(DESC_PROV[LISTA]=$C$2),DESC_PROV[DESCUENTO]),0)), ((B8*(1+IFERROR(VLOOKUP($D$2,COLORES[],2,FALSE),0)))+D8) *(1-IFERROR(_xlfn.XLOOKUP(1,(DESC_PROV[LINEA]=$B$2)*(DESC_PROV[LISTA]=$C$2),DESC_PROV[DESCUENTO]),0)) *(1+VLOOKUP($C$2,LISTAS[],2,FALSE)) *(1+VLOOKUP($C$2,LISTAS[],3,FALSE)) ) /5,0)*5} -> 141420 | K8: {=ROUND( IF($A$2="COSTO", ((B8*(1+IFERROR(VLOOKUP($D$2,COLORES[],2,FALSE),0)))+E8) *(1-IFERROR(_xlfn.XLOOKUP(1,(DESC_PROV[LINEA]=$B$2)*(DESC_PROV[LISTA]=$C$2),DESC_PROV[DESCUENTO]),0)), ((B8*(1+IFERROR(VLOOKUP($D$2,COLORES[],2,FALSE),0)))+E8) *(1-IFERROR(_xlfn.XLOOKUP(1,(DESC_PROV[LINEA]=$B$2)*(DESC_PROV[LISTA]=$C$2),DESC_PROV[DESCUENTO]),0)) *(1+VLOOKUP($C$2,LISTAS[],2,FALSE)) *(1+VLOOKUP($C$2,LISTAS[],3,FALSE)) ) /5,0)*5} -> 163510 | L8: {=ROUND( IF($A$2="COSTO", ((B8*(1+IFERROR(VLOOKUP($D$2,COLORES[],2,FALSE),0)))+F8) *(1-IFERROR(_xlfn.XLOOKUP(1,(DESC_PROV[LINEA]=$B$2)*(DESC_PROV[LISTA]=$C$2),DESC_PROV[DESCUENTO]),0)), ((B8*(1+IFERROR(VLOOKUP($D$2,COLORES[],2,FALSE),0)))+F8) *(1-IFERROR(_xlfn.XLOOKUP(1,(DESC_PROV[LINEA]=$B$2)*(DESC_PROV[LISTA]=$C$2),DESC_PROV[DESCUENTO]),0)) *(1+VLOOKUP($C$2,LISTAS[],2,FALSE)) *(1+VLOOKUP($C$2,LISTAS[],3,FALSE)) ) /5,0)*5} -> 198620
A9: 3/4 v entero | B9: 123971 | C9: 12772 | D9: 54639 | E9: 14062 | F9: 36413 | H9: 3/4 v entero | I9: {=IFERROR( ROUND( IF($A$2="COSTO", ((B9*(1+IFERROR(VLOOKUP($D$2,COLORES[],2,FALSE),0)))+C9) *(1-IFERROR(_xlfn.XLOOKUP(1,(DESC_PROV[LINEA]=$B$2)*(DESC_PROV[LISTA]=$C$2),DESC_PROV[DESCUENTO]),0)), ((B9*(1+IFERROR(VLOOKUP($D$2,COLORES[],2,FALSE),0)))+C9) *(1-IFERROR(_xlfn.XLOOKUP(1,(DESC_PROV[LINEA]=$B$2)*(DESC_PROV[LISTA]=$C$2),DESC_PROV[DESCUENTO]),0)) *(1+VLOOKUP($C$2,LISTAS[],2,FALSE)) *(1+VLOOKUP($C$2,LISTAS[],3,FALSE)) ) /5,0)*5,0)} -> 169590 | J9: {=ROUND( IF($A$2="COSTO", ((B9*(1+IFERROR(VLOOKUP($D$2,COLORES[],2,FALSE),0)))+D9) *(1-IFERROR(_xlfn.XLOOKUP(1,(DESC_PROV[LINEA]=$B$2)*(DESC_PROV[LISTA]=$C$2),DESC_PROV[DESCUENTO]),0)), ((B9*(1+IFERROR(VLOOKUP($D$2,COLORES[],2,FALSE),0)))+D9) *(1-IFERROR(_xlfn.XLOOKUP(1,(DESC_PROV[LINEA]=$B$2)*(DESC_PROV[LISTA]=$C$2),DESC_PROV[DESCUENTO]),0)) *(1+VLOOKUP($C$2,LISTAS[],2,FALSE)) *(1+VLOOKUP($C$2,LISTAS[],3,FALSE)) ) /5,0)*5} -> 221510 | K9: {=ROUND( IF($A$2="COSTO", ((B9*(1+IFERROR(VLOOKUP($D$2,COLORES[],2,FALSE),0)))+E9) *(1-IFERROR(_xlfn.XLOOKUP(1,(DESC_PROV[LINEA]=$B$2)*(DESC_PROV[LISTA]=$C$2),DESC_PROV[DESCUENTO]),0)), ((B9*(1+IFERROR(VLOOKUP($D$2,COLORES[],2,FALSE),0)))+E9) *(1-IFERROR(_xlfn.XLOOKUP(1,(DESC_PROV[LINEA]=$B$2)*(DESC_PROV[LISTA]=$C$2),DESC_PROV[DESCUENTO]),0)) *(1+VLOOKUP($C$2,LISTAS[],2,FALSE)) *(1+VLOOKUP($C$2,LISTAS[],3,FALSE)) ) /5,0)*5} -> 171190 | L9: {=ROUND( IF($A$2="COSTO", ((B9*(1+IFERROR(VLOOKUP($D$2,COLORES[],2,FALSE),0)))+F9) *(1-IFERROR(_xlfn.XLOOKUP(1,(DESC_PROV[LINEA]=$B$2)*(DESC_PROV[LISTA]=$C$2),DESC_PROV[DESCUENTO]),0)), ((B9*(1+IFERROR(VLOOKUP($D$2,COLORES[],2,FALSE),0)))+F9) *(1-IFERROR(_xlfn.XLOOKUP(1,(DESC_PROV[LINEA]=$B$2)*(DESC_PROV[LISTA]=$C$2),DESC_PROV[DESCUENTO]),0)) *(1+VLOOKUP($C$2,LISTAS[],2,FALSE)) *(1+VLOOKUP($C$2,LISTAS[],3,FALSE)) ) /5,0)*5} -> 198910
A10: 3/4 v repartido | B10: 138474 | C10: 12772 | D10: 0 | E10: 14062 | F10: 36413 | H10: 3/4 v repartido | I10: {=IFERROR( ROUND( IF($A$2="COSTO", ((B10*(1+IFERROR(VLOOKUP($D$2,COLORES[],2,FALSE),0)))+C10) *(1-IFERROR(_xlfn.XLOOKUP(1,(DESC_PROV[LINEA]=$B$2)*(DESC_PROV[LISTA]=$C$2),DESC_PROV[DESCUENTO]),0)), ((B10*(1+IFERROR(VLOOKUP($D$2,COLORES[],2,FALSE),0)))+C10) *(1-IFERROR(_xlfn.XLOOKUP(1,(DESC_PROV[LINEA]=$B$2)*(DESC_PROV[LISTA]=$C$2),DESC_PROV[DESCUENTO]),0)) *(1+VLOOKUP($C$2,LISTAS[],2,FALSE)) *(1+VLOOKUP($C$2,LISTAS[],3,FALSE)) ) /5,0)*5,0)} -> 187575 | J10: {=ROUND( IF($A$2="COSTO", ((B10*(1+IFERROR(VLOOKUP($D$2,COLORES[],2,FALSE),0)))+D10) *(1-IFERROR(_xlfn.XLOOKUP(1,(DESC_PROV[LINEA]=$B$2)*(DESC_PROV[LISTA]=$C$2),DESC_PROV[DESCUENTO]),0)), ((B10*(1+IFERROR(VLOOKUP($D$2,COLORES[],2,FALSE),0)))+D10) *(1-IFERROR(_xlfn.XLOOKUP(1,(DESC_PROV[LINEA]=$B$2)*(DESC_PROV[LISTA]=$C$2),DESC_PROV[DESCUENTO]),0)) *(1+VLOOKUP($C$2,LISTAS[],2,FALSE)) *(1+VLOOKUP($C$2,LISTAS[],3,FALSE)) ) /5,0)*5} -> 171735 | K10: {=ROUND( IF($A$2="COSTO", ((B10*(1+IFERROR(VLOOKUP($D$2,COLORES[],2,FALSE),0)))+E10) *(1-IFERROR(_xlfn.XLOOKUP(1,(DESC_PROV[LINEA]=$B$2)*(DESC_PROV[LISTA]=$C$2),DESC_PROV[DESCUENTO]),0)), ((B10*(1+IFERROR(VLOOKUP($D$2,COLORES[],2,FALSE),0)))+E10) *(1-IFERROR(_xlfn.XLOOKUP(1,(DESC_PROV[LINEA]=$B$2)*(DESC_PROV[LISTA]=$C$2),DESC_PROV[DESCUENTO]),0)) *(1+VLOOKUP($C$2,LISTAS[],2,FALSE)) *(1+VLOOKUP($C$2,LISTAS[],3,FALSE)) ) /5,0)*5} -> 189175 | L10: {=ROUND( IF($A$2="COSTO", ((B10*(1+IFERROR(VLOOKUP($D$2,COLORES[],2,FALSE),0)))+F10) *(1-IFERROR(_xlfn.XLOOKUP(1,(DESC_PROV[LINEA]=$B$2)*(DESC_PROV[LISTA]=$C$2),DESC_PROV[DESCUENTO]),0)), ((B10*(1+IFERROR(VLOOKUP($D$2,COLORES[],2,FALSE),0)))+F10) *(1-IFERROR(_xlfn.XLOOKUP(1,(DESC_PROV[LINEA]=$B$2)*(DESC_PROV[LISTA]=$C$2),DESC_PROV[DESCUENTO]),0)) *(1+VLOOKUP($C$2,LISTAS[],2,FALSE)) *(1+VLOOKUP($C$2,LISTAS[],3,FALSE)) ) /5,0)*5} -> 216895
A11: 1/2 v entero | B11: 150387 | C11: 8519 | D11: 36426 | E11: 9374 | F11: 24273 | H11: 1/2 v entero | I11: {=IFERROR( ROUND( IF($A$2="COSTO", ((B11*(1+IFERROR(VLOOKUP($D$2,COLORES[],2,FALSE),0)))+C11) *(1-IFERROR(_xlfn.XLOOKUP(1,(DESC_PROV[LINEA]=$B$2)*(DESC_PROV[LISTA]=$C$2),DESC_PROV[DESCUENTO]),0)), ((B11*(1+IFERROR(VLOOKUP($D$2,COLORES[],2,FALSE),0)))+C11) *(1-IFERROR(_xlfn.XLOOKUP(1,(DESC_PROV[LINEA]=$B$2)*(DESC_PROV[LISTA]=$C$2),DESC_PROV[DESCUENTO]),0)) *(1+VLOOKUP($C$2,LISTAS[],2,FALSE)) *(1+VLOOKUP($C$2,LISTAS[],3,FALSE)) ) /5,0)*5,0)} -> 197075 | J11: {=ROUND( IF($A$2="COSTO", ((B11*(1+IFERROR(VLOOKUP($D$2,COLORES[],2,FALSE),0)))+D11) *(1-IFERROR(_xlfn.XLOOKUP(1,(DESC_PROV[LINEA]=$B$2)*(DESC_PROV[LISTA]=$C$2),DESC_PROV[DESCUENTO]),0)), ((B11*(1+IFERROR(VLOOKUP($D$2,COLORES[],2,FALSE),0)))+D11) *(1-IFERROR(_xlfn.XLOOKUP(1,(DESC_PROV[LINEA]=$B$2)*(DESC_PROV[LISTA]=$C$2),DESC_PROV[DESCUENTO]),0)) *(1+VLOOKUP($C$2,LISTAS[],2,FALSE)) *(1+VLOOKUP($C$2,LISTAS[],3,FALSE)) ) /5,0)*5} -> 231685 | K11: {=ROUND( IF($A$2="COSTO", ((B11*(1+IFERROR(VLOOKUP($D$2,COLORES[],2,FALSE),0)))+E11) *(1-IFERROR(_xlfn.XLOOKUP(1,(DESC_PROV[LINEA]=$B$2)*(DESC_PROV[LISTA]=$C$2),DESC_PROV[DESCUENTO]),0)), ((B11*(1+IFERROR(VLOOKUP($D$2,COLORES[],2,FALSE),0)))+E11) *(1-IFERROR(_xlfn.XLOOKUP(1,(DESC_PROV[LINEA]=$B$2)*(DESC_PROV[LISTA]=$C$2),DESC_PROV[DESCUENTO]),0)) *(1+VLOOKUP($C$2,LISTAS[],2,FALSE)) *(1+VLOOKUP($C$2,LISTAS[],3,FALSE)) ) /5,0)*5} -> 198135 | L11: {=ROUND( IF($A$2="COSTO", ((B11*(1+IFERROR(VLOOKUP($D$2,COLORES[],2,FALSE),0)))+F11) *(1-IFERROR(_xlfn.XLOOKUP(1,(DESC_PROV[LINEA]=$B$2)*(DESC_PROV[LISTA]=$C$2),DESC_PROV[DESCUENTO]),0)), ((B11*(1+IFERROR(VLOOKUP($D$2,COLORES[],2,FALSE),0)))+F11) *(1-IFERROR(_xlfn.XLOOKUP(1,(DESC_PROV[LINEA]=$B$2)*(DESC_PROV[LISTA]=$C$2),DESC_PROV[DESCUENTO]),0)) *(1+VLOOKUP($C$2,LISTAS[],2,FALSE)) *(1+VLOOKUP($C$2,LISTAS[],3,FALSE)) ) /5,0)*5} -> 216615
A12: 1/2 v repartido | B12: 158256 | C12: 8519 | D12: 0 | E12: 9374 | F12: 24273 | H12: 1/2 v repartido | I12: {=IFERROR( ROUND( IF($A$2="COSTO", ((B12*(1+IFERROR(VLOOKUP($D$2,COLORES[],2,FALSE),0)))+C12) *(1-IFERROR(_xlfn.XLOOKUP(1,(DESC_PROV[LINEA]=$B$2)*(DESC_PROV[LISTA]=$C$2),DESC_PROV[DESCUENTO]),0)), ((B12*(1+IFERROR(VLOOKUP($D$2,COLORES[],2,FALSE),0)))+C12) *(1-IFERROR(_xlfn.XLOOKUP(1,(DESC_PROV[LINEA]=$B$2)*(DESC_PROV[LISTA]=$C$2),DESC_PROV[DESCUENTO]),0)) *(1+VLOOKUP($C$2,LISTAS[],2,FALSE)) *(1+VLOOKUP($C$2,LISTAS[],3,FALSE)) ) /5,0)*5,0)} -> 206835 | J12: {=ROUND( IF($A$2="COSTO", ((B12*(1+IFERROR(VLOOKUP($D$2,COLORES[],2,FALSE),0)))+D12) *(1-IFERROR(_xlfn.XLOOKUP(1,(DESC_PROV[LINEA]=$B$2)*(DESC_PROV[LISTA]=$C$2),DESC_PROV[DESCUENTO]),0)), ((B12*(1+IFERROR(VLOOKUP($D$2,COLORES[],2,FALSE),0)))+D12) *(1-IFERROR(_xlfn.XLOOKUP(1,(DESC_PROV[LINEA]=$B$2)*(DESC_PROV[LISTA]=$C$2),DESC_PROV[DESCUENTO]),0)) *(1+VLOOKUP($C$2,LISTAS[],2,FALSE)) *(1+VLOOKUP($C$2,LISTAS[],3,FALSE)) ) /5,0)*5} -> 196270 | K12: {=ROUND( IF($A$2="COSTO", ((B12*(1+IFERROR(VLOOKUP($D$2,COLORES[],2,FALSE),0)))+E12) *(1-IFERROR(_xlfn.XLOOKUP(1,(DESC_PROV[LINEA]=$B$2)*(DESC_PROV[LISTA]=$C$2),DESC_PROV[DESCUENTO]),0)), ((B12*(1+IFERROR(VLOOKUP($D$2,COLORES[],2,FALSE),0)))+E12) *(1-IFERROR(_xlfn.XLOOKUP(1,(DESC_PROV[LINEA]=$B$2)*(DESC_PROV[LISTA]=$C$2),DESC_PROV[DESCUENTO]),0)) *(1+VLOOKUP($C$2,LISTAS[],2,FALSE)) *(1+VLOOKUP($C$2,LISTAS[],3,FALSE)) ) /5,0)*5} -> 207895 | L12: {=ROUND( IF($A$2="COSTO", ((B12*(1+IFERROR(VLOOKUP($D$2,COLORES[],2,FALSE),0)))+F12) *(1-IFERROR(_xlfn.XLOOKUP(1,(DESC_PROV[LINEA]=$B$2)*(DESC_PROV[LISTA]=$C$2),DESC_PROV[DESCUENTO]),0)), ((B12*(1+IFERROR(VLOOKUP($D$2,COLORES[],2,FALSE),0)))+F12) *(1-IFERROR(_xlfn.XLOOKUP(1,(DESC_PROV[LINEA]=$B$2)*(DESC_PROV[LISTA]=$C$2),DESC_PROV[DESCUENTO]),0)) *(1+VLOOKUP($C$2,LISTAS[],2,FALSE)) *(1+VLOOKUP($C$2,LISTAS[],3,FALSE)) ) /5,0)*5} -> 226370
A13: 4 travezaños | B13: 119776 | C13: 21291 | D13: 91066 | E13: 23436 | F13: 60686 | H13: 4 travezaños | I13: {=IFERROR( ROUND( IF($A$2="COSTO", ((B13*(1+IFERROR(VLOOKUP($D$2,COLORES[],2,FALSE),0)))+C13) *(1-IFERROR(_xlfn.XLOOKUP(1,(DESC_PROV[LINEA]=$B$2)*(DESC_PROV[LISTA]=$C$2),DESC_PROV[DESCUENTO]),0)), ((B13*(1+IFERROR(VLOOKUP($D$2,COLORES[],2,FALSE),0)))+C13) *(1-IFERROR(_xlfn.XLOOKUP(1,(DESC_PROV[LINEA]=$B$2)*(DESC_PROV[LISTA]=$C$2),DESC_PROV[DESCUENTO]),0)) *(1+VLOOKUP($C$2,LISTAS[],2,FALSE)) *(1+VLOOKUP($C$2,LISTAS[],3,FALSE)) ) /5,0)*5,0)} -> 174950 | J13: {=ROUND( IF($A$2="COSTO", ((B13*(1+IFERROR(VLOOKUP($D$2,COLORES[],2,FALSE),0)))+D13) *(1-IFERROR(_xlfn.XLOOKUP(1,(DESC_PROV[LINEA]=$B$2)*(DESC_PROV[LISTA]=$C$2),DESC_PROV[DESCUENTO]),0)), ((B13*(1+IFERROR(VLOOKUP($D$2,COLORES[],2,FALSE),0)))+D13) *(1-IFERROR(_xlfn.XLOOKUP(1,(DESC_PROV[LINEA]=$B$2)*(DESC_PROV[LISTA]=$C$2),DESC_PROV[DESCUENTO]),0)) *(1+VLOOKUP($C$2,LISTAS[],2,FALSE)) *(1+VLOOKUP($C$2,LISTAS[],3,FALSE)) ) /5,0)*5} -> 261485 | K13: {=ROUND( IF($A$2="COSTO", ((B13*(1+IFERROR(VLOOKUP($D$2,COLORES[],2,FALSE),0)))+E13) *(1-IFERROR(_xlfn.XLOOKUP(1,(DESC_PROV[LINEA]=$B$2)*(DESC_PROV[LISTA]=$C$2),DESC_PROV[DESCUENTO]),0)), ((B13*(1+IFERROR(VLOOKUP($D$2,COLORES[],2,FALSE),0)))+E13) *(1-IFERROR(_xlfn.XLOOKUP(1,(DESC_PROV[LINEA]=$B$2)*(DESC_PROV[LISTA]=$C$2),DESC_PROV[DESCUENTO]),0)) *(1+VLOOKUP($C$2,LISTAS[],2,FALSE)) *(1+VLOOKUP($C$2,LISTAS[],3,FALSE)) ) /5,0)*5} -> 177610 | L13: {=ROUND( IF($A$2="COSTO", ((B13*(1+IFERROR(VLOOKUP($D$2,COLORES[],2,FALSE),0)))+F13) *(1-IFERROR(_xlfn.XLOOKUP(1,(DESC_PROV[LINEA]=$B$2)*(DESC_PROV[LISTA]=$C$2),DESC_PROV[DESCUENTO]),0)), ((B13*(1+IFERROR(VLOOKUP($D$2,COLORES[],2,FALSE),0)))+F13) *(1-IFERROR(_xlfn.XLOOKUP(1,(DESC_PROV[LINEA]=$B$2)*(DESC_PROV[LISTA]=$C$2),DESC_PROV[DESCUENTO]),0)) *(1+VLOOKUP($C$2,LISTAS[],2,FALSE)) *(1+VLOOKUP($C$2,LISTAS[],3,FALSE)) ) /5,0)*5} -> 223810
A14: 1 travesaño | B14: 110000 | C14: 18000 | D14: 60000 | E14: 17000 | F14: 46000 | H14: 1 travesaño | I14: {=IFERROR( ROUND( IF($A$2="COSTO", ((B14*(1+IFERROR(VLOOKUP($D$2,COLORES[],2,FALSE),0)))+C14) *(1-IFERROR(_xlfn.XLOOKUP(1,(DESC_PROV[LINEA]=$B$2)*(DESC_PROV[LISTA]=$C$2),DESC_PROV[DESCUENTO]),0)), ((B14*(1+IFERROR(VLOOKUP($D$2,COLORES[],2,FALSE),0)))+C14) *(1-IFERROR(_xlfn.XLOOKUP(1,(DESC_PROV[LINEA]=$B$2)*(DESC_PROV[LISTA]=$C$2),DESC_PROV[DESCUENTO]),0)) *(1+VLOOKUP($C$2,LISTAS[],2,FALSE)) *(1+VLOOKUP($C$2,LISTAS[],3,FALSE)) ) /5,0)*5,0)} -> 158745 | J14: {=ROUND( IF($A$2="COSTO", ((B14*(1+IFERROR(VLOOKUP($D$2,COLORES[],2,FALSE),0)))+D14) *(1-IFERROR(_xlfn.XLOOKUP(1,(DESC_PROV[LINEA]=$B$2)*(DESC_PROV[LISTA]=$C$2),DESC_PROV[DESCUENTO]),0)), ((B14*(1+IFERROR(VLOOKUP($D$2,COLORES[],2,FALSE),0)))+D14) *(1-IFERROR(_xlfn.XLOOKUP(1,(DESC_PROV[LINEA]=$B$2)*(DESC_PROV[LISTA]=$C$2),DESC_PROV[DESCUENTO]),0)) *(1+VLOOKUP($C$2,LISTAS[],2,FALSE)) *(1+VLOOKUP($C$2,LISTAS[],3,FALSE)) ) /5,0)*5} -> 210835 | K14: {=ROUND( IF($A$2="COSTO", ((B14*(1+IFERROR(VLOOKUP($D$2,COLORES[],2,FALSE),0)))+E14) *(1-IFERROR(_xlfn.XLOOKUP(1,(DESC_PROV[LINEA]=$B$2)*(DESC_PROV[LISTA]=$C$2),DESC_PROV[DESCUENTO]),0)), ((B14*(1+IFERROR(VLOOKUP($D$2,COLORES[],2,FALSE),0)))+E14) *(1-IFERROR(_xlfn.XLOOKUP(1,(DESC_PROV[LINEA]=$B$2)*(DESC_PROV[LISTA]=$C$2),DESC_PROV[DESCUENTO]),0)) *(1+VLOOKUP($C$2,LISTAS[],2,FALSE)) *(1+VLOOKUP($C$2,LISTAS[],3,FALSE)) ) /5,0)*5} -> 157505 | L14: {=ROUND( IF($A$2="COSTO", ((B14*(1+IFERROR(VLOOKUP($D$2,COLORES[],2,FALSE),0)))+F14) *(1-IFERROR(_xlfn.XLOOKUP(1,(DESC_PROV[LINEA]=$B$2)*(DESC_PROV[LISTA]=$C$2),DESC_PROV[DESCUENTO]),0)), ((B14*(1+IFERROR(VLOOKUP($D$2,COLORES[],2,FALSE),0)))+F14) *(1-IFERROR(_xlfn.XLOOKUP(1,(DESC_PROV[LINEA]=$B$2)*(DESC_PROV[LISTA]=$C$2),DESC_PROV[DESCUENTO]),0)) *(1+VLOOKUP($C$2,LISTAS[],2,FALSE)) *(1+VLOOKUP($C$2,LISTAS[],3,FALSE)) ) /5,0)*5} -> 193470

Sheet ventanas modena
A1: MODO | B1: LINEA | C1: LISTA | D1: COLOR
A2: =CONTROL!B4 -> VENTA | B2: MODENA | C2: =CONTROL!C4 -> AMARILLA | D2: =CONTROL!D4 -> BLANCO
A4: VENTANAS MODENA | K4: VENTANAS MODENA
A5: medidas | B5: sin vidrio | C5: guia | D5: mosq | E5: vidrio 3mm | F5: v/4mm | G5: v/5mm | H5: v/3+3 lam | I5: camara dvh | K5: medidas | L5: 3mm | M5: 4mm | N5: 5mm | O5: 3+3 | P5: Guia | Q5: Mosq | R5: DVH
A6: 60x40 | B6: 79094 | C6: 6146 | D6: 9900 | E6: 2231 | F6: 2704 | G6: 3560 | H6: 11145 | I6: 36118 | K6: 60x40 | L6: {=ROUND( IF($A$2="COSTO", ((B6*(1+IFERROR(VLOOKUP($D$2,COLORES[],2,FALSE),0)))+E6) *(1-IFERROR(_xlfn.XLOOKUP(1,(DESC_PROV[LINEA]=$B$2)*(DESC_PROV[LISTA]=$C$2),DESC_PROV[DESCUENTO]),0)), ((B6*(1+IFERROR(VLOOKUP($D$2,COLORES[],2,FALSE),0)))+E6) *(1-IFERROR(_xlfn.XLOOKUP(1,(DESC_PROV[LINEA]=$B$2)*(DESC_PROV[LISTA]=$C$2),DESC_PROV[DESCUENTO]),0)) *(1+VLOOKUP($C$2,LISTAS[],2,FALSE)) *(1+VLOOKUP($C$2,LISTAS[],3,FALSE)) ) /5,0)*5} -> 104220 | M6: {=ROUND( IF($A$2="COSTO", ((B6*(1+IFERROR(VLOOKUP($D$2,COLORES[],2,FALSE),0)))+F6) *(1-IFERROR(_xlfn.XLOOKUP(1,(DESC_PROV[LINEA]=$B$2)*(DESC_PROV[LISTA]=$C$2),DESC_PROV[DESCUENTO]),0)), ((B6*(1+IFERROR(VLOOKUP($D$2,COLORES[],2,FALSE),0)))+F6) *(1-IFERROR(_xlfn.XLOOKUP(1,(DESC_PROV[LINEA]=$B$2)*(DESC_PROV[LISTA]=$C$2),DESC_PROV[DESCUENTO]),0)) *(1+VLOOKUP($C$2,LISTAS[],2,FALSE)) *(1+VLOOKUP($C$2,LISTAS[],3,FALSE)) ) /5,0)*5} -> 104825 | N6: {=ROUND( IF($A$2="COSTO", ((B6*(1+IFERROR(VLOOKUP($D$2,COLORES[],2,FALSE),0)))+G6) *(1-IFERROR(_xlfn.XLOOKUP(1,(DESC_PROV[LINEA]=$B$2)*(DESC_PROV[LISTA]=$C$2),DESC_PROV[DESCUENTO]),0)), ((B6*(1+IFERROR(VLOOKUP($D$2,COLORES[],2,FALSE),0)))+G6) *(1-IFERROR(_xlfn.XLOOKUP(1,(DESC_PROV[LINEA]=$B$2)*(DESC_PROV[LISTA]=$C$2),DESC_PROV[DESCUENTO]),0)) *(1+VLOOKUP($C$2,LISTAS[],2,FALSE)) *(1+VLOOKUP($C$2,LISTAS[],3,FALSE)) ) /5,0)*5} -> 105925 | O6: {=ROUND( IF($A$2="COSTO", ((B6*(1+IFERROR(VLOOKUP($D$2,COLORES[],2,FALSE),0)))+H6) *(1-IFERROR(_xlfn.XLOOKUP(1,(DESC_PROV[LINEA]=$B$2)*(DESC_PROV[LISTA]=$C$2),DESC_PROV[DESCUENTO]),0)), ((B6*(1+IFERROR(VLOOKUP($D$2,COLORES[],2,FALSE),0)))+H6) *(1-IFERROR(_xlfn.XLOOKUP(1,(DESC_PROV[LINEA]=$B$2)*(DESC_PROV[LISTA]=$C$2),DESC_PROV[DESCUENTO]),0)) *(1+VLOOKUP($C$2,LISTAS[],2,FALSE)) *(1+VLOOKUP($C$2,LISTAS[],3,FALSE)) ) /5,0)*5} -> 115645 | P6: {=ROUND( IF($A$2="COSTO", (C6*(1+IFERROR(VLOOKUP($D$2,COLORES[],2,FALSE),0))) *(1-IFERROR(_xlfn.XLOOKUP(1,(DESC_PROV[LINEA]=$B$2)*(DESC_PROV[LISTA]=$C$2),DESC_PROV[DESCUENTO]),0)), (C6*(1+IFERROR(VLOOKUP($D$2,COLORES[],2,FALSE),0))) *(1-IFERROR(_xlfn.XLOOKUP(1,(DESC_PROV[LINEA]=$B$2)*(DESC_PROV[LISTA]=$C$2),DESC_PROV[DESCUENTO]),0)) *(1+VLOOKUP($C$2,LISTAS[],2,FALSE)) *(1+VLOOKUP($C$2,LISTAS[],3,FALSE)) ) /5,0)*5} -> 7875 | Q6: {=ROUND( IF($A$2="COSTO", (D6*(1+IFERROR(VLOOKUP($D$2,COLORES[],2,FALSE),0))) *(1-IFERROR(_xlfn.XLOOKUP(1,(DESC_PROV[LINEA]=$B$2)*(DESC_PROV[LISTA]=$C$2),DESC_PROV[DESCUENTO]),0)), (D6*(1+IFERROR(VLOOKUP($D$2,COLORES[],2,FALSE),0))) *(1-IFERROR(_xlfn.XLOOKUP(1,(DESC_PROV[LINEA]=$B$2)*(DESC_PROV[LISTA]=$C$2),DESC_PROV[DESCUENTO]),0)) *(1+VLOOKUP($C$2,LISTAS[],2,FALSE)) *(1+VLOOKUP($C$2,LISTAS[],4,FALSE)) ) /5,0)*5} -> 15615 | R6: {=ROUND( IF($A$2="COSTO", ((B6*(1+IFERROR(VLOOKUP($D$2,COLORES[],2,FALSE),0)))+(F6+I6+F6)) *(1-IFERROR(_xlfn.XLOOKUP(1,(DESC_PROV[LINEA]=$B$2)*(DESC_PROV[LISTA]=$C$2),DESC_PROV[DESCUENTO]),0)), ((B6*(1+IFERROR(VLOOKUP($D$2,COLORES[],2,FALSE),0)))+(F6+I6+F6)) *(1-IFERROR(_xlfn.XLOOKUP(1,(DESC_PROV[LINEA]=$B$2)*(DESC_PROV[LISTA]=$C$2),DESC_PROV[DESCUENTO]),0)) *(1+VLOOKUP($C$2,LISTAS[],2,FALSE)) *(1+VLOOKUP($C$2,LISTAS[],3,FALSE)) ) /5,0)*5} -> 154580
A7: 80x40 | B7: 86656 | C7: 6146 | D7: 11600 | E7: 3124 | F7: 3785 | G7: 4988 | H7: 15609 | I7: 41278 | K7: 80x40 | L7: {=ROUND( IF($A$2="COSTO", ((B7*(1+IFERROR(VLOOKUP($D$2,COLORES[],2,FALSE),0)))+E7) *(1-IFERROR(_xlfn.XLOOKUP(1,(DESC_PROV[LINEA]=$B$2)*(DESC_PROV[LISTA]=$C$2),DESC_PROV[DESCUENTO]),0)), ((B7*(1+IFERROR(VLOOKUP($D$2,COLORES[],2,FALSE),0)))+E7) *(1-IFERROR(_xlfn.XLOOKUP(1,(DESC_PROV[LINEA]=$B$2)*(DESC_PROV[LISTA]=$C$2),DESC_PROV[DESCUENTO]),0)) *(1+VLOOKUP($C$2,LISTAS[],2,FALSE)) *(1+VLOOKUP($C$2,LISTAS[],3,FALSE)) ) /5,0)*5} -> 115055 | M7: {=ROUND( IF($A$2="COSTO", ((B7*(1+IFERROR(VLOOKUP($D$2,COLORES[],2,FALSE),0)))+F7) *(1-IFERROR(_xlfn.XLOOKUP(1,(DESC_PROV[LINEA]=$B$2)*(DESC_PROV[LISTA]=$C$2),DESC_PROV[DESCUENTO]),0)), ((B7*(1+IFERROR(VLOOKUP($D$2,COLORES[],2,FALSE),0)))+F7) *(1-IFERROR(_xlfn.XLOOKUP(1,(DESC_PROV[LINEA]=$B$2)*(DESC_PROV[LISTA]=$C$2),DESC_PROV[DESCUENTO]),0)) *(1+VLOOKUP($C$2,LISTAS[],2,FALSE)) *(1+VLOOKUP($C$2,LISTAS[],3,FALSE)) ) /5,0)*5} -> 115905 | N7: {=ROUND( IF($A$2="COSTO", ((B7*(1+IFERROR(VLOOKUP($D$2,COLORES[],2,FALSE),0)))+G7) *(1-IFERROR(_xlfn.XLOOKUP(1,(DESC_PROV[LINEA]=$B$2)*(DESC_PROV[LISTA]=$C$2),DESC_PROV[DESCUENTO]),0)), ((B7*(1+IFERROR(VLOOKUP($D$2,COLORES[],2,FALSE),0)))+G7) *(1-IFERROR(_xlfn.XLOOKUP(1,(DESC_PROV[LINEA]=$B$2)*(DESC_PROV[LISTA]=$C$2),DESC_PROV[DESCUENTO]),0)) *(1+VLOOKUP($C$2,LISTAS[],2,FALSE)) *(1+VLOOKUP($C$2,LISTAS[],3,FALSE)) ) /5,0)*5} -> 117445 | O7: {=ROUND( IF($A$2="COSTO", ((B7*(1+IFERROR(VLOOKUP($D$2,COLORES[],2,FALSE),0)))+H7) *(1-IFERROR(_xlfn.XLOOKUP(1,(DESC_PROV[LINEA]=$B$2)*(DESC_PROV[LISTA]=$C$2),DESC_PROV[DESCUENTO]),0)), ((B7*(1+IFERROR(VLOOKUP($D$2,COLORES[],2,FALSE),0)))+H7) *(1-IFERROR(_xlfn.XLOOKUP(1,(DESC_PROV[LINEA]=$B$2)*(DESC_PROV[LISTA]=$C$2),DESC_PROV[DESCUENTO]),0)) *(1+VLOOKUP($C$2,LISTAS[],2,FALSE)) *(1+VLOOKUP($C$2,LISTAS[],3,FALSE)) ) /5,0)*5} -> 131055 | P7: {=ROUND( IF($A$2="COSTO", (C7*(1+IFERROR(VLOOKUP($D$2,COLORES[],2,FALSE),0))) *(1-IFERROR(_xlfn.XLOOKUP(1,(DESC_PROV[LINEA]=$B$2)*(DESC_PROV[LISTA]=$C$2),DESC_PROV[DESCUENTO]),0)), (C7*(1+IFERROR(VLOOKUP($D$2,COLORES[],2,FALSE),0))) *(1-IFERROR(_xlfn.XLOOKUP(1,(DESC_PROV[LINEA]=$B$2)*(DESC_PROV[LISTA]=$C$2),DESC_PROV[DESCUENTO]),0)) *(1+VLOOKUP($C$2,LISTAS[],2,FALSE)) *(1+VLOOKUP($C$2,LISTAS[],3,FALSE)) ) /5,0)*5} -> 7875 | Q7: {=ROUND( IF($A$2="COSTO", (D7*(1+IFERROR(VLOOKUP($D$2,COLORES[],2,FALSE),0))) *(1-IFERROR(_xlfn.XLOOKUP(1,(DESC_PROV[LINEA]=$B$2)*(DESC_PROV[LISTA]=$C$2),DESC_PROV[DESCUENTO]),0)), (D7*(1+IFERROR(VLOOKUP($D$2,COLORES[],2,FALSE),0))) *(1-IFERROR(_xlfn.XLOOKUP(1,(DESC_PROV[LINEA]=$B$2)*(DESC_PROV[LISTA]=$C$2),DESC_PROV[DESCUENTO]),0)) *(1+VLOOKUP($C$2,LISTAS[],2,FALSE)) *(1+VLOOKUP($C$2,LISTAS[],4,FALSE)) ) /5,0)*5} -> 18295 | R7: {=ROUND( IF($A$2="COSTO", ((B7*(1+IFERROR(VLOOKUP($D$2,COLORES[],2,FALSE),0)))+(F7+I7+F7)) *(1-IFERROR(_xlfn.XLOOKUP(1,(DESC_PROV[LINEA]=$B$2)*(DESC_PROV[LISTA]=$C$2),DESC_PROV[DESCUENTO]),0)), ((B7*(1+IFERROR(VLOOKUP($D$2,COLORES[],2,FALSE),0)))+(F7+I7+F7)) *(1-IFERROR(_xlfn.XLOOKUP(1,(DESC_PROV[LINEA]=$B$2)*(DESC_PROV[LISTA]=$C$2),DESC_PROV[DESCUENTO]),0)) *(1+VLOOKUP($C$2,LISTAS[],2,FALSE)) *(1+VLOOKUP($C$2,LISTAS[],3,FALSE)) ) /5,0)*5} -> 173655
A8: 100x40 | B8: 95394 | C8: 6146 | D8: 13300 | E8: 4016 | F8: 4872 | G8: 6410 | H8: 20067 | I8: 46437 | K8: 100x40 | L8: {=ROUND( IF($A$2="COSTO", ((B8*(1+IFERROR(VLOOKUP($D$2,COLORES[],2,FALSE),0)))+E8) *(1-IFERROR(_xlfn.XLOOKUP(1,(DESC_PROV[LINEA]=$B$2)*(DESC_PROV[LISTA]=$C$2),DESC_PROV[DESCUENTO]),0)), ((B8*(1+IFERROR(VLOOKUP($D$2,COLORES[],2,FALSE),0)))+E8) *(1-IFERROR(_xlfn.XLOOKUP(1,(DESC_PROV[LINEA]=$B$2)*(DESC_PROV[LISTA]=$C$2),DESC_PROV[DESCUENTO]),0)) *(1+VLOOKUP($C$2,LISTAS[],2,FALSE)) *(1+VLOOKUP($C$2,LISTAS[],3,FALSE)) ) /5,0)*5} -> 127400 | M8: {=ROUND( IF($A$2="COSTO", ((B8*(1+IFERROR(VLOOKUP($D$2,COLORES[],2,FALSE),0)))+F8) *(1-IFERROR(_xlfn.XLOOKUP(1,(DESC_PROV[LINEA]=$B$2)*(DESC_PROV[LISTA]=$C$2),DESC_PROV[DESCUENTO]),0)), ((B8*(1+IFERROR(VLOOKUP($D$2,COLORES[],2,FALSE),0)))+F8) *(1-IFERROR(_xlfn.XLOOKUP(1,(DESC_PROV[LINEA]=$B$2)*(DESC_PROV[LISTA]=$C$2),DESC_PROV[DESCUENTO]),0)) *(1+VLOOKUP($C$2,LISTAS[],2,FALSE)) *(1+VLOOKUP($C$2,LISTAS[],3,FALSE)) ) /5,0)*5} -> 128495 | N8: {=ROUND( IF($A$2="COSTO", ((B8*(1+IFERROR(VLOOKUP($D$2,COLORES[],2,FALSE),0)))+G8) *(1-IFERROR(_xlfn.XLOOKUP(1,(DESC_PROV[LINEA]=$B$2)*(DESC_PROV[LISTA]=$C$2),DESC_PROV[DESCUENTO]),0)), ((B8*(1+IFERROR(VLOOKUP($D$2,COLORES[],2,FALSE),0)))+G8) *(1-IFERROR(_xlfn.XLOOKUP(1,(DESC_PROV[LINEA]=$B$2)*(DESC_PROV[LISTA]=$C$2),DESC_PROV[DESCUENTO]),0)) *(1+VLOOKUP($C$2,LISTAS[],2,FALSE)) *(1+VLOOKUP($C$2,LISTAS[],3,FALSE)) ) /5,0)*5} -> 130465 | O8: {=ROUND( IF($A$2="COSTO", ((B8*(1+IFERROR(VLOOKUP($D$2,COLORES[],2,FALSE),0)))+H8) *(1-IFERROR(_xlfn.XLOOKUP(1,(DESC_PROV[LINEA]=$B$2)*(DESC_PROV[LISTA]=$C$2),DESC_PROV[DESCUENTO]),0)), ((B8*(1+IFERROR(VLOOKUP($D$2,COLORES[],2,FALSE),0)))+H8) *(1-IFERROR(_xlfn.XLOOKUP(1,(DESC_PROV[LINEA]=$B$2)*(DESC_PROV[LISTA]=$C$2),DESC_PROV[DESCUENTO]),0)) *(1+VLOOKUP($C$2,LISTAS[],2,FALSE)) *(1+VLOOKUP($C$2,LISTAS[],3,FALSE)) ) /5,0)*5} -> 147970 | P8: {=ROUND( IF($A$2="COSTO", (C8*(1+IFERROR(VLOOKUP($D$2,COLORES[],2,FALSE),0))) *(1-IFERROR(_xlfn.XLOOKUP(1,(DESC_PROV[LINEA]=$B$2)*(DESC_PROV[LISTA]=$C$2),DESC_PROV[DESCUENTO]),0)), (C8*(1+IFERROR(VLOOKUP($D$2,COLORES[],2,FALSE),0))) *(1-IFERROR(_xlfn.XLOOKUP(1,(DESC_PROV[LINEA]=$B$2)*(DESC_PROV[LISTA]=$C$2),DESC_PROV[DESCUENTO]),0)) *(1+VLOOKUP($C$2,LISTAS[],2,FALSE)) *(1+VLOOKUP($C$2,LISTAS[],3,FALSE)) ) /5,0)*5} -> 7875 | Q8: {=ROUND( IF($A$2="COSTO", (D8*(1+IFERROR(VLOOKUP($D$2,COLORES[],2,FALSE),0))) *(1-IFERROR(_xlfn.XLOOKUP(1,(DESC_PROV[LINEA]=$B$2)*(DESC_PROV[LISTA]=$C$2),DESC_PROV[DESCUENTO]),0)), (D8*(1+IFERROR(VLOOKUP($D$2,COLORES[],2,FALSE),0))) *(1-IFERROR(_xlfn.XLOOKUP(1,(DESC_PROV[LINEA]=$B$2)*(DESC_PROV[LISTA]=$C$2),DESC_PROV[DESCUENTO]),0)) *(1+VLOOKUP($C$2,LISTAS[],2,FALSE)) *(1+VLOOKUP($C$2,LISTAS[],4,FALSE)) ) /5,0)*5} -> 20980 | R8: {=ROUND( IF($A$2="COSTO", ((B8*(1+IFERROR(VLOOKUP($D$2,COLORES[],2,FALSE),0)))+(F8+I8+F8)) *(1-IFERROR(_xlfn.XLOOKUP(1,(DESC_PROV[LINEA]=$B$2)*(DESC_PROV[LISTA]=$C$2),DESC_PROV[DESCUENTO]),0)), ((B8*(1+IFERROR(VLOOKUP($D$2,COLORES[],2,FALSE),0)))+(F8+I8+F8)) *(1-IFERROR(_xlfn.XLOOKUP(1,(DESC_PROV[LINEA]=$B$2)*(DESC_PROV[LISTA]=$C$2),DESC_PROV[DESCUENTO]),0)) *(1+VLOOKUP($C$2,LISTAS[],2,FALSE)) *(1+VLOOKUP($C$2,LISTAS[],3,FALSE)) ) /5,0)*5} -> 194250
A9: 120x40 | B9: 104138 | C9: 6146 | D9: 15000 | E9: 4919 | F9: 5954 | G9: 7838 | H9: 24524 | I9: 51597 | K9: 120x40 | L9: {=ROUND( IF($A$2="COSTO", ((B9*(1+IFERROR(VLOOKUP($D$2,COLORES[],2,FALSE),0)))+E9) *(1-IFERROR(_xlfn.XLOOKUP(1,(DESC_PROV[LINEA]=$B$2)*(DESC_PROV[LISTA]=$C$2),DESC_PROV[DESCUENTO]),0)), ((B9*(1+IFERROR(VLOOKUP($D$2,COLORES[],2,FALSE),0)))+E9) *(1-IFERROR(_xlfn.XLOOKUP(1,(DESC_PROV[LINEA]=$B$2)*(DESC_PROV[LISTA]=$C$2),DESC_PROV[DESCUENTO]),0)) *(1+VLOOKUP($C$2,LISTAS[],2,FALSE)) *(1+VLOOKUP($C$2,LISTAS[],3,FALSE)) ) /5,0)*5} -> 139760 | M9: {=ROUND( IF($A$2="COSTO", ((B9*(1+IFERROR(VLOOKUP($D$2,COLORES[],2,FALSE),0)))+F9) *(1-IFERROR(_xlfn.XLOOKUP(1,(DESC_PROV[LINEA]=$B$2)*(DESC_PROV[LISTA]=$C$2),DESC_PROV[DESCUENTO]),0)), ((B9*(1+IFERROR(VLOOKUP($D$2,COLORES[],2,FALSE),0)))+F9) *(1-IFERROR(_xlfn.XLOOKUP(1,(DESC_PROV[LINEA]=$B$2)*(DESC_PROV[LISTA]=$C$2),DESC_PROV[DESCUENTO]),0)) *(1+VLOOKUP($C$2,LISTAS[],2,FALSE)) *(1+VLOOKUP($C$2,LISTAS[],3,FALSE)) ) /5,0)*5} -> 141085 | N9: {=ROUND( IF($A$2="COSTO", ((B9*(1+IFERROR(VLOOKUP($D$2,COLORES[],2,FALSE),0)))+G9) *(1-IFERROR(_xlfn.XLOOKUP(1,(DESC_PROV[LINEA]=$B$2)*(DESC_PROV[LISTA]=$C$2),DESC_PROV[DESCUENTO]),0)), ((B9*(1+IFERROR(VLOOKUP($D$2,COLORES[],2,FALSE),0)))+G9) *(1-IFERROR(_xlfn.XLOOKUP(1,(DESC_PROV[LINEA]=$B$2)*(DESC_PROV[LISTA]=$C$2),DESC_PROV[DESCUENTO]),0)) *(1+VLOOKUP($C$2,LISTAS[],2,FALSE)) *(1+VLOOKUP($C$2,LISTAS[],3,FALSE)) ) /5,0)*5} -> 143500 | O9: {=ROUND( IF($A$2="COSTO", ((B9*(1+IFERROR(VLOOKUP($D$2,COLORES[],2,FALSE),0)))+H9) *(1-IFERROR(_xlfn.XLOOKUP(1,(DESC_PROV[LINEA]=$B$2)*(DESC_PROV[LISTA]=$C$2),DESC_PROV[DESCUENTO]),0)), ((B9*(1+IFERROR(VLOOKUP($D$2,COLORES[],2,FALSE),0)))+H9) *(1-IFERROR(_xlfn.XLOOKUP(1,(DESC_PROV[LINEA]=$B$2)*(DESC_PROV[LISTA]=$C$2),DESC_PROV[DESCUENTO]),0)) *(1+VLOOKUP($C$2,LISTAS[],2,FALSE)) *(1+VLOOKUP($C$2,LISTAS[],3,FALSE)) ) /5,0)*5} -> 164885 | P9: {=ROUND( IF($A$2="COSTO", (C9*(1+IFERROR(VLOOKUP($D$2,COLORES[],2,FALSE),0))) *(1-IFERROR(_xlfn.XLOOKUP(1,(DESC_PROV[LINEA]=$B$2)*(DESC_PROV[LISTA]=$C$2),DESC_PROV[DESCUENTO]),0)), (C9*(1+IFERROR(VLOOKUP($D$2,COLORES[],2,FALSE),0))) *(1-IFERROR(_xlfn.XLOOKUP(1,(DESC_PROV[LINEA]=$B$2)*(DESC_PROV[LISTA]=$C$2),DESC_PROV[DESCUENTO]),0)) *(1+VLOOKUP($C$2,LISTAS[],2,FALSE)) *(1+VLOOKUP($C$2,LISTAS[],3,FALSE)) ) /5,0)*5} -> 7875 | Q9: {=ROUND( IF($A$2="COSTO", (D9*(1+IFERROR(VLOOKUP($D$2,COLORES[],2,FALSE),0))) *(1-IFERROR(_xlfn.XLOOKUP(1,(DESC_PROV[LINEA]=$B$2)*(DESC_PROV[LISTA]=$C$2),DESC_PROV[DESCUENTO]),0)), (D9*(1+IFERROR(VLOOKUP($D$2,COLORES[],2,FALSE),0))) *(1-IFERROR(_xlfn.XLOOKUP(1,(DESC_PROV[LINEA]=$B$2)*(DESC_PROV[LISTA]=$C$2),DESC_PROV[DESCUENTO]),0)) *(1+VLOOKUP($C$2,LISTAS[],2,FALSE)) *(1+VLOOKUP($C$2,LISTAS[],4,FALSE)) ) /5,0)*5} -> 23660 | R9: {=ROUND( IF($A$2="COSTO", ((B9*(1+IFERROR(VLOOKUP($D$2,COLORES[],2,FALSE),0)))+(F9+I9+F9)) *(1-IFERROR(_xlfn.XLOOKUP(1,(DESC_PROV[LINEA]=$B$2)*(DESC_PROV[LISTA]=$C$2),DESC_PROV[DESCUENTO]),0)), ((B9*(1+IFERROR(VLOOKUP($D$2,COLORES[],2,FALSE),0)))+(F9+I9+F9)) *(1-IFERROR(_xlfn.XLOOKUP(1,(DESC_PROV[LINEA]=$B$2)*(DESC_PROV[LISTA]=$C$2),DESC_PROV[DESCUENTO]),0)) *(1+VLOOKUP($C$2,LISTAS[],2,FALSE)) *(1+VLOOKUP($C$2,LISTAS[],3,FALSE)) ) /5,0)*5} -> 214840
A10: 150x40 | B10: 119019 | C10: 6146 | D10: 17550 | E10: 6248 | F10: 7571 | G10: 9970 | H10: 31211 | I10: 59337 | K10: 150x40 | L10: {=ROUND( IF($A$2="COSTO", ((B10*(1+IFERROR(VLOOKUP($D$2,COLORES[],2,FALSE),0)))+E10) *(1-IFERROR(_xlfn.XLOOKUP(1,(DESC_PROV[LINEA]=$B$2)*(DESC_PROV[LISTA]=$C$2),DESC_PROV[DESCUENTO]),0)), ((B10*(1+IFERROR(VLOOKUP($D$2,COLORES[],2,FALSE),0)))+E10) *(1-IFERROR(_xlfn.XLOOKUP(1,(DESC_PROV[LINEA]=$B$2)*(DESC_PROV[LISTA]=$C$2),DESC_PROV[DESCUENTO]),0)) *(1+VLOOKUP($C$2,LISTAS[],2,FALSE)) *(1+VLOOKUP($C$2,LISTAS[],3,FALSE)) ) /5,0)*5} -> 160535 | M10: {=ROUND( IF($A$2="COSTO", ((B10*(1+IFERROR(VLOOKUP($D$2,COLORES[],2,FALSE),0)))+F10) *(1-IFERROR(_xlfn.XLOOKUP(1,(DESC_PROV[LINEA]=$B$2)*(DESC_PROV[LISTA]=$C$2),DESC_PROV[DESCUENTO]),0)), ((B10*(1+IFERROR(VLOOKUP($D$2,COLORES[],2,FALSE),0)))+F10) *(1-IFERROR(_xlfn.XLOOKUP(1,(DESC_PROV[LINEA]=$B$2)*(DESC_PROV[LISTA]=$C$2),DESC_PROV[DESCUENTO]),0)) *(1+VLOOKUP($C$2,LISTAS[],2,FALSE)) *(1+VLOOKUP($C$2,LISTAS[],3,FALSE)) ) /5,0)*5} -> 162230 | N10: {=ROUND( IF($A$2="COSTO", ((B10*(1+IFERROR(VLOOKUP($D$2,COLORES[],2,FALSE),0)))+G10) *(1-IFERROR(_xlfn.XLOOKUP(1,(DESC_PROV[LINEA]=$B$2)*(DESC_PROV[LISTA]=$C$2),DESC_PROV[DESCUENTO]),0)), ((B10*(1+IFERROR(VLOOKUP($D$2,COLORES[],2,FALSE),0)))+G10) *(1-IFERROR(_xlfn.XLOOKUP(1,(DESC_PROV[LINEA]=$B$2)*(DESC_PROV[LISTA]=$C$2),DESC_PROV[DESCUENTO]),0)) *(1+VLOOKUP($C$2,LISTAS[],2,FALSE)) *(1+VLOOKUP($C$2,LISTAS[],3,FALSE)) ) /5,0)*5} -> 165305 | O10: {=ROUND( IF($A$2="COSTO", ((B10*(1+IFERROR(VLOOKUP($D$2,COLORES[],2,FALSE),0)))+H10) *(1-IFERROR(_xlfn.XLOOKUP(1,(DESC_PROV[LINEA]=$B$2)*(DESC_PROV[LISTA]=$C$2),DESC_PROV[DESCUENTO]),0)), ((B10*(1+IFERROR(VLOOKUP($D$2,COLORES[],2,FALSE),0)))+H10) *(1-IFERROR(_xlfn.XLOOKUP(1,(DESC_PROV[LINEA]=$B$2)*(DESC_PROV[LISTA]=$C$2),DESC_PROV[DESCUENTO]),0)) *(1+VLOOKUP($C$2,LISTAS[],2,FALSE)) *(1+VLOOKUP($C$2,LISTAS[],3,FALSE)) ) /5,0)*5} -> 192525 | P10: {=ROUND( IF($A$2="COSTO", (C10*(1+IFERROR(VLOOKUP($D$2,COLORES[],2,FALSE),0))) *(1-IFERROR(_xlfn.XLOOKUP(1,(DESC_PROV[LINEA]=$B$2)*(DESC_PROV[LISTA]=$C$2),DESC_PROV[DESCUENTO]),0)), (C10*(1+IFERROR(VLOOKUP($D$2,COLORES[],2,FALSE),0))) *(1-IFERROR(_xlfn.XLOOKUP(1,(DESC_PROV[LINEA]=$B$2)*(DESC_PROV[LISTA]=$C$2),DESC_PROV[DESCUENTO]),0)) *(1+VLOOKUP($C$2,LISTAS[],2,FALSE)) *(1+VLOOKUP($C$2,LISTAS[],3,FALSE)) ) /5,0)*5} -> 7875 | Q10: {=ROUND( IF($A$2="COSTO", (D10*(1+IFERROR(VLOOKUP($D$2,COLORES[],2,FALSE),0))) *(1-IFERROR(_xlfn.XLOOKUP(1,(DESC_PROV[LINEA]=$B$2)*(DESC_PROV[LISTA]=$C$2),DESC_PROV[DESCUENTO]),0)), (D10*(1+IFERROR(VLOOKUP($D$2,COLORES[],2,FALSE),0))) *(1-IFERROR(_xlfn.XLOOKUP(1,(DESC_PROV[LINEA]=$B$2)*(DESC_PROV[LISTA]=$C$2),DESC_PROV[DESCUENTO]),0)) *(1+VLOOKUP($C$2,LISTAS[],2,FALSE)) *(1+VLOOKUP($C$2,LISTAS[],4,FALSE)) ) /5,0)*5} -> 27680 | R10: {=ROUND( IF($A$2="COSTO", ((B10*(1+IFERROR(VLOOKUP($D$2,COLORES[],2,FALSE),0)))+(F10+I10+F10)) *(1-IFERROR(_xlfn.XLOOKUP(1,(DESC_PROV[LINEA]=$B$2)*(DESC_PROV[LISTA]=$C$2),DESC_PROV[DESCUENTO]),0)), ((B10*(1+IFERROR(VLOOKUP($D$2,COLORES[],2,FALSE),0)))+(F10+I10+F10)) *(1-IFERROR(_xlfn.XLOOKUP(1,(DESC_PROV[LINEA]=$B$2)*(DESC_PROV[LISTA]=$C$2),DESC_PROV[DESCUENTO]),0)) *(1+VLOOKUP($C$2,LISTAS[],2,FALSE)) *(1+VLOOKUP($C$2,LISTAS[],3,FALSE)) ) /5,0)*5} -> 247975
A11: 180x40 | B11: 134413 | C11: 6146 | D11: 20100 | E11: 7592 | F11: 9193 | G11: 12107 | H11: 37904 | I11: 67076 | K11: 180x40 | L11: {=ROUND( IF($A$2="COSTO", ((B11*(1+IFERROR(VLOOKUP($D$2,COLORES[],2,FALSE),0)))+E11) *(1-IFERROR(_xlfn.XLOOKUP(1,(DESC_PROV[LINEA]=$B$2)*(DESC_PROV[LISTA]=$C$2),DESC_PROV[DESCUENTO]),0)), ((B11*(1+IFERROR(VLOOKUP($D$2,COLORES[],2,FALSE),0)))+E11) *(1-IFERROR(_xlfn.XLOOKUP(1,(DESC_PROV[LINEA]=$B$2)*(DESC_PROV[LISTA]=$C$2),DESC_PROV[DESCUENTO]),0)) *(1+VLOOKUP($C$2,LISTAS[],2,FALSE)) *(1+VLOOKUP($C$2,LISTAS[],3,FALSE)) ) /5,0)*5} -> 181985 | M11: {=ROUND( IF($A$2="COSTO", ((B11*(1+IFERROR(VLOOKUP($D$2,COLORES[],2,FALSE),0)))+F11) *(1-IFERROR(_xlfn.XLOOKUP(1,(DESC_PROV[LINEA]=$B$2)*(DESC_PROV[LISTA]=$C$2),DESC_PROV[DESCUENTO]),0)), ((B11*(1+IFERROR(VLOOKUP($D$2,COLORES[],2,FALSE),0)))+F11) *(1-IFERROR(_xlfn.XLOOKUP(1,(DESC_PROV[LINEA]=$B$2)*(DESC_PROV[LISTA]=$C$2),DESC_PROV[DESCUENTO]),0)) *(1+VLOOKUP($C$2,LISTAS[],2,FALSE)) *(1+VLOOKUP($C$2,LISTAS[],3,FALSE)) ) /5,0)*5} -> 184035 | N11: {=ROUND( IF($A$2="COSTO", ((B11*(1+IFERROR(VLOOKUP($D$2,COLORES[],2,FALSE),0)))+G11) *(1-IFERROR(_xlfn.XLOOKUP(1,(DESC_PROV[LINEA]=$B$2)*(DESC_PROV[LISTA]=$C$2),DESC_PROV[DESCUENTO]),0)), ((B11*(1+IFERROR(VLOOKUP($D$2,COLORES[],2,FALSE),0)))+G11) *(1-IFERROR(_xlfn.XLOOKUP(1,(DESC_PROV[LINEA]=$B$2)*(DESC_PROV[LISTA]=$C$2),DESC_PROV[DESCUENTO]),0)) *(1+VLOOKUP($C$2,LISTAS[],2,FALSE)) *(1+VLOOKUP($C$2,LISTAS[],3,FALSE)) ) /5,0)*5} -> 187770 | O11: {=ROUND( IF($A$2="COSTO", ((B11*(1+IFERROR(VLOOKUP($D$2,COLORES[],2,FALSE),0)))+H11) *(1-IFERROR(_xlfn.XLOOKUP(1,(DESC_PROV[LINEA]=$B$2)*(DESC_PROV[LISTA]=$C$2),DESC_PROV[DESCUENTO]),0)), ((B11*(1+IFERROR(VLOOKUP($D$2,COLORES[],2,FALSE),0)))+H11) *(1-IFERROR(_xlfn.XLOOKUP(1,(DESC_PROV[LINEA]=$B$2)*(DESC_PROV[LISTA]=$C$2),DESC_PROV[DESCUENTO]),0)) *(1+VLOOKUP($C$2,LISTAS[],2,FALSE)) *(1+VLOOKUP($C$2,LISTAS[],3,FALSE)) ) /5,0)*5} -> 220830 | P11: {=ROUND( IF($A$2="COSTO", (C11*(1+IFERROR(VLOOKUP($D$2,COLORES[],2,FALSE),0))) *(1-IFERROR(_xlfn.XLOOKUP(1,(DESC_PROV[LINEA]=$B$2)*(DESC_PROV[LISTA]=$C$2),DESC_PROV[DESCUENTO]),0)), (C11*(1+IFERROR(VLOOKUP($D$2,COLORES[],2,FALSE),0))) *(1-IFERROR(_xlfn.XLOOKUP(1,(DESC_PROV[LINEA]=$B$2)*(DESC_PROV[LISTA]=$C$2),DESC_PROV[DESCUENTO]),0)) *(1+VLOOKUP($C$2,LISTAS[],2,FALSE)) *(1+VLOOKUP($C$2,LISTAS[],3,FALSE)) ) /5,0)*5} -> 7875 | Q11: {=ROUND( IF($A$2="COSTO", (D11*(1+IFERROR(VLOOKUP($D$2,COLORES[],2,FALSE),0))) *(1-IFERROR(_xlfn.XLOOKUP(1,(DESC_PROV[LINEA]=$B$2)*(DESC_PROV[LISTA]=$C$2),DESC_PROV[DESCUENTO]),0)), (D11*(1+IFERROR(VLOOKUP($D$2,COLORES[],2,FALSE),0))) *(1-IFERROR(_xlfn.XLOOKUP(1,(DESC_PROV[LINEA]=$B$2)*(DESC_PROV[LISTA]=$C$2),DESC_PROV[DESCUENTO]),0)) *(1+VLOOKUP($C$2,LISTAS[],2,FALSE)) *(1+VLOOKUP($C$2,LISTAS[],4,FALSE)) ) /5,0)*5} -> 31705 | R11: {=ROUND( IF($A$2="COSTO", ((B11*(1+IFERROR(VLOOKUP($D$2,COLORES[],2,FALSE),0)))+(F11+I11+F11)) *(1-IFERROR(_xlfn.XLOOKUP(1,(DESC_PROV[LINEA]=$B$2)*(DESC_PROV[LISTA]=$C$2),DESC_PROV[DESCUENTO]),0)), ((B11*(1+IFERROR(VLOOKUP($D$2,COLORES[],2,FALSE),0)))+(F11+I11+F11)) *(1-IFERROR(_xlfn.XLOOKUP(1,(DESC_PROV[LINEA]=$B$2)*(DESC_PROV[LISTA]=$C$2),DESC_PROV[DESCUENTO]),0)) *(1+VLOOKUP($C$2,LISTAS[],2,FALSE)) *(1+VLOOKUP($C$2,LISTAS[],3,FALSE)) ) /5,0)*5} -> 281780
A12: 200x40 | B12: 149738 | C12: 6146 | D12: 21800 | E12: 8484 | F12: 10280 | G12: 13529 | H12: 42368 | I12: 72236 | K12: 200x40 | L12: {=ROUND( IF($A$2="COSTO", ((B12*(1+IFERROR(VLOOKUP($D$2,COLORES[],2,FALSE),0)))+E12) *(1-IFERROR(_xlfn.XLOOKUP(1,(DESC_PROV[LINEA]=$B$2)*(DESC_PROV[LISTA]=$C$2),DESC_PROV[DESCUENTO]),0)), ((B12*(1+IFERROR(VLOOKUP($D$2,COLORES[],2,FALSE),0)))+E12) *(1-IFERROR(_xlfn.XLOOKUP(1,(DESC_PROV[LINEA]=$B$2)*(DESC_PROV[LISTA]=$C$2),DESC_PROV[DESCUENTO]),0)) *(1+VLOOKUP($C$2,LISTAS[],2,FALSE)) *(1+VLOOKUP($C$2,LISTAS[],3,FALSE)) ) /5,0)*5} -> 202770 | M12: {=ROUND( IF($A$2="COSTO", ((B12*(1+IFERROR(VLOOKUP($D$2,COLORES[],2,FALSE),0)))+F12) *(1-IFERROR(_xlfn.XLOOKUP(1,(DESC_PROV[LINEA]=$B$2)*(DESC_PROV[LISTA]=$C$2),DESC_PROV[DESCUENTO]),0)), ((B12*(1+IFERROR(VLOOKUP($D$2,COLORES[],2,FALSE),0)))+F12) *(1-IFERROR(_xlfn.XLOOKUP(1,(DESC_PROV[LINEA]=$B$2)*(DESC_PROV[LISTA]=$C$2),DESC_PROV[DESCUENTO]),0)) *(1+VLOOKUP($C$2,LISTAS[],2,FALSE)) *(1+VLOOKUP($C$2,LISTAS[],3,FALSE)) ) /5,0)*5} -> 205070 | N12: {=ROUND( IF($A$2="COSTO", ((B12*(1+IFERROR(VLOOKUP($D$2,COLORES[],2,FALSE),0)))+G12) *(1-IFERROR(_xlfn.XLOOKUP(1,(DESC_PROV[LINEA]=$B$2)*(DESC_PROV[LISTA]=$C$2),DESC_PROV[DESCUENTO]),0)), ((B12*(1+IFERROR(VLOOKUP($D$2,COLORES[],2,FALSE),0)))+G12) *(1-IFERROR(_xlfn.XLOOKUP(1,(DESC_PROV[LINEA]=$B$2)*(DESC_PROV[LISTA]=$C$2),DESC_PROV[DESCUENTO]),0)) *(1+VLOOKUP($C$2,LISTAS[],2,FALSE)) *(1+VLOOKUP($C$2,LISTAS[],3,FALSE)) ) /5,0)*5} -> 209235 | O12: {=ROUND( IF($A$2="COSTO", ((B12*(1+IFERROR(VLOOKUP($D$2,COLORES[],2,FALSE),0)))+H12) *(1-IFERROR(_xlfn.XLOOKUP(1,(DESC_PROV[LINEA]=$B$2)*(DESC_PROV[LISTA]=$C$2),DESC_PROV[DESCUENTO]),0)), ((B12*(1+IFERROR(VLOOKUP($D$2,COLORES[],2,FALSE),0)))+H12) *(1-IFERROR(_xlfn.XLOOKUP(1,(DESC_PROV[LINEA]=$B$2)*(DESC_PROV[LISTA]=$C$2),DESC_PROV[DESCUENTO]),0)) *(1+VLOOKUP($C$2,LISTAS[],2,FALSE)) *(1+VLOOKUP($C$2,LISTAS[],3,FALSE)) ) /5,0)*5} -> 246190 | P12: {=ROUND( IF($A$2="COSTO", (C12*(1+IFERROR(VLOOKUP($D$2,COLORES[],2,FALSE),0))) *(1-IFERROR(_xlfn.XLOOKUP(1,(DESC_PROV[LINEA]=$B$2)*(DESC_PROV[LISTA]=$C$2),DESC_PROV[DESCUENTO]),0)), (C12*(1+IFERROR(VLOOKUP($D$2,COLORES[],2,FALSE),0))) *(1-IFERROR(_xlfn.XLOOKUP(1,(DESC_PROV[LINEA]=$B$2)*(DESC_PROV[LISTA]=$C$2),DESC_PROV[DESCUENTO]),0)) *(1+VLOOKUP($C$2,LISTAS[],2,FALSE)) *(1+VLOOKUP($C$2,LISTAS[],3,FALSE)) ) /5,0)*5} -> 7875 | Q12: {=ROUND( IF($A$2="COSTO", (D12*(1+IFERROR(VLOOKUP($D$2,COLORES[],2,FALSE),0))) *(1-IFERROR(_xlfn.XLOOKUP(1,(DESC_PROV[LINEA]=$B$2)*(DESC_PROV[LISTA]=$C$2),DESC_PROV[DESCUENTO]),0)), (D12*(1+IFERROR(VLOOKUP($D$2,COLORES[],2,FALSE),0))) *(1-IFERROR(_xlfn.XLOOKUP(1,(DESC_PROV[LINEA]=$B$2)*(DESC_PROV[LISTA]=$C$2),DESC_PROV[DESCUENTO]),0)) *(1+VLOOKUP($C$2,LISTAS[],2,FALSE)) *(1+VLOOKUP($C$2,LISTAS[],4,FALSE)) ) /5,0)*5} -> 34385 | R12: {=ROUND( IF($A$2="COSTO", ((B12*(1+IFERROR(VLOOKUP($D$2,COLORES[],2,FALSE),0)))+(F12+I12+F12)) *(1-IFERROR(_xlfn.XLOOKUP(1,(DESC_PROV[LINEA]=$B$2)*(DESC_PROV[LISTA]=$C$2),DESC_PROV[DESCUENTO]),0)), ((B12*(1+IFERROR(VLOOKUP($D$2,COLORES[],2,FALSE),0)))+(F12+I12+F12)) *(1-IFERROR(_xlfn.XLOOKUP(1,(DESC_PROV[LINEA]=$B$2)*(DESC_PROV[LISTA]=$C$2),DESC_PROV[DESCUENTO]),0)) *(1+VLOOKUP($C$2,LISTAS[],2,FALSE)) *(1+VLOOKUP($C$2,LISTAS[],3,FALSE)) ) /5,0)*5} -> 310815
A13: 60x60 | B13: 89188 | C13: 9219 | D13: 13050 | E13: 3722 | F13: 4505 | G13: 5938 | H13: 18581 | I13: 46437 | K13: 60x60 | L13: {=ROUND( IF($A$2="COSTO", ((B13*(1+IFERROR(VLOOKUP($D$2,COLORES[],2,FALSE),0)))+E13) *(1-IFERROR(_xlfn.XLOOKUP(1,(DESC_PROV[LINEA]=$B$2)*(DESC_PROV[LISTA]=$C$2),DESC_PROV[DESCUENTO]),0)), ((B13*(1+IFERROR(VLOOKUP($D$2,COLORES[],2,FALSE),0)))+E13) *(1-IFERROR(_xlfn.XLOOKUP(1,(DESC_PROV[LINEA]=$B$2)*(DESC_PROV[LISTA]=$C$2),DESC_PROV[DESCUENTO]),0)) *(1+VLOOKUP($C$2,LISTAS[],2,FALSE)) *(1+VLOOKUP($C$2,LISTAS[],3,FALSE)) ) /5,0)*5} -> 119070 | M13: {=ROUND( IF($A$2="COSTO", ((B13*(1+IFERROR(VLOOKUP($D$2,COLORES[],2,FALSE),0)))+F13) *(1-IFERROR(_xlfn.XLOOKUP(1,(DESC_PROV[LINEA]=$B$2)*(DESC_PROV[LISTA]=$C$2),DESC_PROV[DESCUENTO]),0)), ((B13*(1+IFERROR(VLOOKUP($D$2,COLORES[],2,FALSE),0)))+F13) *(1-IFERROR(_xlfn.XLOOKUP(1,(DESC_PROV[LINEA]=$B$2)*(DESC_PROV[LISTA]=$C$2),DESC_PROV[DESCUENTO]),0)) *(1+VLOOKUP($C$2,LISTAS[],2,FALSE)) *(1+VLOOKUP($C$2,LISTAS[],3,FALSE)) ) /5,0)*5} -> 120070 | N13: {=ROUND( IF($A$2="COSTO", ((B13*(1+IFERROR(VLOOKUP($D$2,COLORES[],2,FALSE),0)))+G13) *(1-IFERROR(_xlfn.XLOOKUP(1,(DESC_PROV[LINEA]=$B$2)*(DESC_PROV[LISTA]=$C$2),DESC_PROV[DESCUENTO]),0)), ((B13*(1+IFERROR(VLOOKUP($D$2,COLORES[],2,FALSE),0)))+G13) *(1-IFERROR(_xlfn.XLOOKUP(1,(DESC_PROV[LINEA]=$B$2)*(DESC_PROV[LISTA]=$C$2),DESC_PROV[DESCUENTO]),0)) *(1+VLOOKUP($C$2,LISTAS[],2,FALSE)) *(1+VLOOKUP($C$2,LISTAS[],3,FALSE)) ) /5,0)*5} -> 121910 | O13: {=ROUND( IF($A$2="COSTO", ((B13*(1+IFERROR(VLOOKUP($D$2,COLORES[],2,FALSE),0)))+H13) *(1-IFERROR(_xlfn.XLOOKUP(1,(DESC_PROV[LINEA]=$B$2)*(DESC_PROV[LISTA]=$C$2),DESC_PROV[DESCUENTO]),0)), ((B13*(1+IFERROR(VLOOKUP($D$2,COLORES[],2,FALSE),0)))+H13) *(1-IFERROR(_xlfn.XLOOKUP(1,(DESC_PROV[LINEA]=$B$2)*(DESC_PROV[LISTA]=$C$2),DESC_PROV[DESCUENTO]),0)) *(1+VLOOKUP($C$2,LISTAS[],2,FALSE)) *(1+VLOOKUP($C$2,LISTAS[],3,FALSE)) ) /5,0)*5} -> 138110 | P13: {=ROUND( IF($A$2="COSTO", (C13*(1+IFERROR(VLOOKUP($D$2,COLORES[],2,FALSE),0))) *(1-IFERROR(_xlfn.XLOOKUP(1,(DESC_PROV[LINEA]=$B$2)*(DESC_PROV[LISTA]=$C$2),DESC_PROV[DESCUENTO]),0)), (C13*(1+IFERROR(VLOOKUP($D$2,COLORES[],2,FALSE),0))) *(1-IFERROR(_xlfn.XLOOKUP(1,(DESC_PROV[LINEA]=$B$2)*(DESC_PROV[LISTA]=$C$2),DESC_PROV[DESCUENTO]),0)) *(1+VLOOKUP($C$2,LISTAS[],2,FALSE)) *(1+VLOOKUP($C$2,LISTAS[],3,FALSE)) ) /5,0)*5} -> 11815 | Q13: {=ROUND( IF($A$2="COSTO", (D13*(1+IFERROR(VLOOKUP($D$2,COLORES[],2,FALSE),0))) *(1-IFERROR(_xlfn.XLOOKUP(1,(DESC_PROV[LINEA]=$B$2)*(DESC_PROV[LISTA]=$C$2),DESC_PROV[DESCUENTO]),0)), (D13*(1+IFERROR(VLOOKUP($D$2,COLORES[],2,FALSE),0))) *(1-IFERROR(_xlfn.XLOOKUP(1,(DESC_PROV[LINEA]=$B$2)*(DESC_PROV[LISTA]=$C$2),DESC_PROV[DESCUENTO]),0)) *(1+VLOOKUP($C$2,LISTAS[],2,FALSE)) *(1+VLOOKUP($C$2,LISTAS[],4,FALSE)) ) /5,0)*5} -> 20585 | R13: {=ROUND( IF($A$2="COSTO", ((B13*(1+IFERROR(VLOOKUP($D$2,COLORES[],2,FALSE),0)))+(F13+I13+F13)) *(1-IFERROR(_xlfn.XLOOKUP(1,(DESC_PROV[LINEA]=$B$2)*(DESC_PROV[LISTA]=$C$2),DESC_PROV[DESCUENTO]),0)), ((B13*(1+IFERROR(VLOOKUP($D$2,COLORES[],2,FALSE),0)))+(F13+I13+F13)) *(1-IFERROR(_xlfn.XLOOKUP(1,(DESC_PROV[LINEA]=$B$2)*(DESC_PROV[LISTA]=$C$2),DESC_PROV[DESCUENTO]),0)) *(1+VLOOKUP($C$2,LISTAS[],2,FALSE)) *(1+VLOOKUP($C$2,LISTAS[],3,FALSE)) ) /5,0)*5} -> 185355
A14: 80x60 | B14: 96781 | C14: 9219 | D14: 15000 | E14: 5208 | F14: 6311 | G14: 8311 | H14: 26010 | I14: 51597 | K14: 80x60 | L14: {=ROUND( IF($A$2="COSTO", ((B14*(1+IFERROR(VLOOKUP($D$2,COLORES[],2,FALSE),0)))+E14) *(1-IFERROR(_xlfn.XLOOKUP(1,(DESC_PROV[LINEA]=$B$2)*(DESC_PROV[LISTA]=$C$2),DESC_PROV[DESCUENTO]),0)), ((B14*(1+IFERROR(VLOOKUP($D$2,COLORES[],2,FALSE),0)))+E14) *(1-IFERROR(_xlfn.XLOOKUP(1,(DESC_PROV[LINEA]=$B$2)*(DESC_PROV[LISTA]=$C$2),DESC_PROV[DESCUENTO]),0)) *(1+VLOOKUP($C$2,LISTAS[],2,FALSE)) *(1+VLOOKUP($C$2,LISTAS[],3,FALSE)) ) /5,0)*5} -> 130705 | M14: {=ROUND( IF($A$2="COSTO", ((B14*(1+IFERROR(VLOOKUP($D$2,COLORES[],2,FALSE),0)))+F14) *(1-IFERROR(_xlfn.XLOOKUP(1,(DESC_PROV[LINEA]=$B$2)*(DESC_PROV[LISTA]=$C$2),DESC_PROV[DESCUENTO]),0)), ((B14*(1+IFERROR(VLOOKUP($D$2,COLORES[],2,FALSE),0)))+F14) *(1-IFERROR(_xlfn.XLOOKUP(1,(DESC_PROV[LINEA]=$B$2)*(DESC_PROV[LISTA]=$C$2),DESC_PROV[DESCUENTO]),0)) *(1+VLOOKUP($C$2,LISTAS[],2,FALSE)) *(1+VLOOKUP($C$2,LISTAS[],3,FALSE)) ) /5,0)*5} -> 132115 | N14: {=ROUND( IF($A$2="COSTO", ((B14*(1+IFERROR(VLOOKUP($D$2,COLORES[],2,FALSE),0)))+G14) *(1-IFERROR(_xlfn.XLOOKUP(1,(DESC_PROV[LINEA]=$B$2)*(DESC_PROV[LISTA]=$C$2),DESC_PROV[DESCUENTO]),0)), ((B14*(1+IFERROR(VLOOKUP($D$2,COLORES[],2,FALSE),0)))+G14) *(1-IFERROR(_xlfn.XLOOKUP(1,(DESC_PROV[LINEA]=$B$2)*(DESC_PROV[LISTA]=$C$2),DESC_PROV[DESCUENTO]),0)) *(1+VLOOKUP($C$2,LISTAS[],2,FALSE)) *(1+VLOOKUP($C$2,LISTAS[],3,FALSE)) ) /5,0)*5} -> 134680 | O14: {=ROUND( IF($A$2="COSTO", ((B14*(1+IFERROR(VLOOKUP($D$2,COLORES[],2,FALSE),0)))+H14) *(1-IFERROR(_xlfn.XLOOKUP(1,(DESC_PROV[LINEA]=$B$2)*(DESC_PROV[LISTA]=$C$2),DESC_PROV[DESCUENTO]),0)), ((B14*(1+IFERROR(VLOOKUP($D$2,COLORES[],2,FALSE),0)))+H14) *(1-IFERROR(_xlfn.XLOOKUP(1,(DESC_PROV[LINEA]=$B$2)*(DESC_PROV[LISTA]=$C$2),DESC_PROV[DESCUENTO]),0)) *(1+VLOOKUP($C$2,LISTAS[],2,FALSE)) *(1+VLOOKUP($C$2,LISTAS[],3,FALSE)) ) /5,0)*5} -> 157360 | P14: {=ROUND( IF($A$2="COSTO", (C14*(1+IFERROR(VLOOKUP($D$2,COLORES[],2,FALSE),0))) *(1-IFERROR(_xlfn.XLOOKUP(1,(DESC_PROV[LINEA]=$B$2)*(DESC_PROV[LISTA]=$C$2),DESC_PROV[DESCUENTO]),0)), (C14*(1+IFERROR(VLOOKUP($D$2,COLORES[],2,FALSE),0))) *(1-IFERROR(_xlfn.XLOOKUP(1,(DESC_PROV[LINEA]=$B$2)*(DESC_PROV[LISTA]=$C$2),DESC_PROV[DESCUENTO]),0)) *(1+VLOOKUP($C$2,LISTAS[],2,FALSE)) *(1+VLOOKUP($C$2,LISTAS[],3,FALSE)) ) /5,0)*5} -> 11815 | Q14: {=ROUND( IF($A$2="COSTO", (D14*(1+IFERROR(VLOOKUP($D$2,COLORES[],2,FALSE),0))) *(1-IFERROR(_xlfn.XLOOKUP(1,(DESC_PROV[LINEA]=$B$2)*(DESC_PROV[LISTA]=$C$2),DESC_PROV[DESCUENTO]),0)), (D14*(1+IFERROR(VLOOKUP($D$2,COLORES[],2,FALSE),0))) *(1-IFERROR(_xlfn.XLOOKUP(1,(DESC_PROV[LINEA]=$B$2)*(DESC_PROV[LISTA]=$C$2),DESC_PROV[DESCUENTO]),0)) *(1+VLOOKUP($C$2,LISTAS[],2,FALSE)) *(1+VLOOKUP($C$2,LISTAS[],4,FALSE)) ) /5,0)*5} -> 23660 | R14: {=ROUND( IF($A$2="COSTO", ((B14*(1+IFERROR(VLOOKUP($D$2,COLORES[],2,FALSE),0)))+(F14+I14+F14)) *(1-IFERROR(_xlfn.XLOOKUP(1,(DESC_PROV[LINEA]=$B$2)*(DESC_PROV[LISTA]=$C$2),DESC_PROV[DESCUENTO]),0)), ((B14*(1+IFERROR(VLOOKUP($D$2,COLORES[],2,FALSE),0)))+(F14+I14+F14)) *(1-IFERROR(_xlfn.XLOOKUP(1,(DESC_PROV[LINEA]=$B$2)*(DESC_PROV[LISTA]=$C$2),DESC_PROV[DESCUENTO]),0)) *(1+VLOOKUP($C$2,LISTAS[],2,FALSE)) *(1+VLOOKUP($C$2,LISTAS[],3,FALSE)) ) /5,0)*5} -> 206330
A15: 100x60 | B15: 105619 | C15: 9219 | D15: 16950 | E15: 6699 | F15: 8111 | G15: 10684 | H15: 33446 | I15: 56757 | K15: 100x60 | L15: {=ROUND( IF($A$2="COSTO", ((B15*(1+IFERROR(VLOOKUP($D$2,COLORES[],2,FALSE),0)))+E15) *(1-IFERROR(_xlfn.XLOOKUP(1,(DESC_PROV[LINEA]=$B$2)*(DESC_PROV[LISTA]=$C$2),DESC_PROV[DESCUENTO]),0)), ((B15*(1+IFERROR(VLOOKUP($D$2,COLORES[],2,FALSE),0)))+E15) *(1-IFERROR(_xlfn.XLOOKUP(1,(DESC_PROV[LINEA]=$B$2)*(DESC_PROV[LISTA]=$C$2),DESC_PROV[DESCUENTO]),0)) *(1+VLOOKUP($C$2,LISTAS[],2,FALSE)) *(1+VLOOKUP($C$2,LISTAS[],3,FALSE)) ) /5,0)*5} -> 143940 | M15: {=ROUND( IF($A$2="COSTO", ((B15*(1+IFERROR(VLOOKUP($D$2,COLORES[],2,FALSE),0)))+F15) *(1-IFERROR(_xlfn.XLOOKUP(1,(DESC_PROV[LINEA]=$B$2)*(DESC_PROV[LISTA]=$C$2),DESC_PROV[DESCUENTO]),0)), ((B15*(1+IFERROR(VLOOKUP($D$2,COLORES[],2,FALSE),0)))+F15) *(1-IFERROR(_xlfn.XLOOKUP(1,(DESC_PROV[LINEA]=$B$2)*(DESC_PROV[LISTA]=$C$2),DESC_PROV[DESCUENTO]),0)) *(1+VLOOKUP($C$2,LISTAS[],2,FALSE)) *(1+VLOOKUP($C$2,LISTAS[],3,FALSE)) ) /5,0)*5} -> 145750 | N15: {=ROUND( IF($A$2="COSTO", ((B15*(1+IFERROR(VLOOKUP($D$2,COLORES[],2,FALSE),0)))+G15) *(1-IFERROR(_xlfn.XLOOKUP(1,(DESC_PROV[LINEA]=$B$2)*(DESC_PROV[LISTA]=$C$2),DESC_PROV[DESCUENTO]),0)), ((B15*(1+IFERROR(VLOOKUP($D$2,COLORES[],2,FALSE),0)))+G15) *(1-IFERROR(_xlfn.XLOOKUP(1,(DESC_PROV[LINEA]=$B$2)*(DESC_PROV[LISTA]=$C$2),DESC_PROV[DESCUENTO]),0)) *(1+VLOOKUP($C$2,LISTAS[],2,FALSE)) *(1+VLOOKUP($C$2,LISTAS[],3,FALSE)) ) /5,0)*5} -> 149045 | O15: {=ROUND( IF($A$2="COSTO", ((B15*(1+IFERROR(VLOOKUP($D$2,COLORES[],2,FALSE),0)))+H15) *(1-IFERROR(_xlfn.XLOOKUP(1,(DESC_PROV[LINEA]=$B$2)*(DESC_PROV[LISTA]=$C$2),DESC_PROV[DESCUENTO]),0)), ((B15*(1+IFERROR(VLOOKUP($D$2,COLORES[],2,FALSE),0)))+H15) *(1-IFERROR(_xlfn.XLOOKUP(1,(DESC_PROV[LINEA]=$B$2)*(DESC_PROV[LISTA]=$C$2),DESC_PROV[DESCUENTO]),0)) *(1+VLOOKUP($C$2,LISTAS[],2,FALSE)) *(1+VLOOKUP($C$2,LISTAS[],3,FALSE)) ) /5,0)*5} -> 178215 | P15: {=ROUND( IF($A$2="COSTO", (C15*(1+IFERROR(VLOOKUP($D$2,COLORES[],2,FALSE),0))) *(1-IFERROR(_xlfn.XLOOKUP(1,(DESC_PROV[LINEA]=$B$2)*(DESC_PROV[LISTA]=$C$2),DESC_PROV[DESCUENTO]),0)), (C15*(1+IFERROR(VLOOKUP($D$2,COLORES[],2,FALSE),0))) *(1-IFERROR(_xlfn.XLOOKUP(1,(DESC_PROV[LINEA]=$B$2)*(DESC_PROV[LISTA]=$C$2),DESC_PROV[DESCUENTO]),0)) *(1+VLOOKUP($C$2,LISTAS[],2,FALSE)) *(1+VLOOKUP($C$2,LISTAS[],3,FALSE)) ) /5,0)*5} -> 11815 | Q15: {=ROUND( IF($A$2="COSTO", (D15*(1+IFERROR(VLOOKUP($D$2,COLORES[],2,FALSE),0))) *(1-IFERROR(_xlfn.XLOOKUP(1,(DESC_PROV[LINEA]=$B$2)*(DESC_PROV[LISTA]=$C$2),DESC_PROV[DESCUENTO]),0)), (D15*(1+IFERROR(VLOOKUP($D$2,COLORES[],2,FALSE),0))) *(1-IFERROR(_xlfn.XLOOKUP(1,(DESC_PROV[LINEA]=$B$2)*(DESC_PROV[LISTA]=$C$2),DESC_PROV[DESCUENTO]),0)) *(1+VLOOKUP($C$2,LISTAS[],2,FALSE)) *(1+VLOOKUP($C$2,LISTAS[],4,FALSE)) ) /5,0)*5} -> 26735 | R15: {=ROUND( IF($A$2="COSTO", ((B15*(1+IFERROR(VLOOKUP($D$2,COLORES[],2,FALSE),0)))+(F15+I15+F15)) *(1-IFERROR(_xlfn.XLOOKUP(1,(DESC_PROV[LINEA]=$B$2)*(DESC_PROV[LISTA]=$C$2),DESC_PROV[DESCUENTO]),0)), ((B15*(1+IFERROR(VLOOKUP($D$2,COLORES[],2,FALSE),0)))+(F15+I15+F15)) *(1-IFERROR(_xlfn.XLOOKUP(1,(DESC_PROV[LINEA]=$B$2)*(DESC_PROV[LISTA]=$C$2),DESC_PROV[DESCUENTO]),0)) *(1+VLOOKUP($C$2,LISTAS[],2,FALSE)) *(1+VLOOKUP($C$2,LISTAS[],3,FALSE)) ) /5,0)*5} -> 228880
A16: 120x60 | B16: 114369 | C16: 9219 | D16: 18900 | E16: 8185 | F16: 9917 | G16: 13057 | H16: 40876 | I16: 61916 | K16: 120x60 | L16: {=ROUND( IF($A$2="COSTO", ((B16*(1+IFERROR(VLOOKUP($D$2,COLORES[],2,FALSE),0)))+E16) *(1-IFERROR(_xlfn.XLOOKUP(1,(DESC_PROV[LINEA]=$B$2)*(DESC_PROV[LISTA]=$C$2),DESC_PROV[DESCUENTO]),0)), ((B16*(1+IFERROR(VLOOKUP($D$2,COLORES[],2,FALSE),0)))+E16) *(1-IFERROR(_xlfn.XLOOKUP(1,(DESC_PROV[LINEA]=$B$2)*(DESC_PROV[LISTA]=$C$2),DESC_PROV[DESCUENTO]),0)) *(1+VLOOKUP($C$2,LISTAS[],2,FALSE)) *(1+VLOOKUP($C$2,LISTAS[],3,FALSE)) ) /5,0)*5} -> 157060 | M16: {=ROUND( IF($A$2="COSTO", ((B16*(1+IFERROR(VLOOKUP($D$2,COLORES[],2,FALSE),0)))+F16) *(1-IFERROR(_xlfn.XLOOKUP(1,(DESC_PROV[LINEA]=$B$2)*(DESC_PROV[LISTA]=$C$2),DESC_PROV[DESCUENTO]),0)), ((B16*(1+IFERROR(VLOOKUP($D$2,COLORES[],2,FALSE),0)))+F16) *(1-IFERROR(_xlfn.XLOOKUP(1,(DESC_PROV[LINEA]=$B$2)*(DESC_PROV[LISTA]=$C$2),DESC_PROV[DESCUENTO]),0)) *(1+VLOOKUP($C$2,LISTAS[],2,FALSE)) *(1+VLOOKUP($C$2,LISTAS[],3,FALSE)) ) /5,0)*5} -> 159275 | N16: {=ROUND( IF($A$2="COSTO", ((B16*(1+IFERROR(VLOOKUP($D$2,COLORES[],2,FALSE),0)))+G16) *(1-IFERROR(_xlfn.XLOOKUP(1,(DESC_PROV[LINEA]=$B$2)*(DESC_PROV[LISTA]=$C$2),DESC_PROV[DESCUENTO]),0)), ((B16*(1+IFERROR(VLOOKUP($D$2,COLORES[],2,FALSE),0)))+G16) *(1-IFERROR(_xlfn.XLOOKUP(1,(DESC_PROV[LINEA]=$B$2)*(DESC_PROV[LISTA]=$C$2),DESC_PROV[DESCUENTO]),0)) *(1+VLOOKUP($C$2,LISTAS[],2,FALSE)) *(1+VLOOKUP($C$2,LISTAS[],3,FALSE)) ) /5,0)*5} -> 163300 | O16: {=ROUND( IF($A$2="COSTO", ((B16*(1+IFERROR(VLOOKUP($D$2,COLORES[],2,FALSE),0)))+H16) *(1-IFERROR(_xlfn.XLOOKUP(1,(DESC_PROV[LINEA]=$B$2)*(DESC_PROV[LISTA]=$C$2),DESC_PROV[DESCUENTO]),0)), ((B16*(1+IFERROR(VLOOKUP($D$2,COLORES[],2,FALSE),0)))+H16) *(1-IFERROR(_xlfn.XLOOKUP(1,(DESC_PROV[LINEA]=$B$2)*(DESC_PROV[LISTA]=$C$2),DESC_PROV[DESCUENTO]),0)) *(1+VLOOKUP($C$2,LISTAS[],2,FALSE)) *(1+VLOOKUP($C$2,LISTAS[],3,FALSE)) ) /5,0)*5} -> 198955 | P16: {=ROUND( IF($A$2="COSTO", (C16*(1+IFERROR(VLOOKUP($D$2,COLORES[],2,FALSE),0))) *(1-IFERROR(_xlfn.XLOOKUP(1,(DESC_PROV[LINEA]=$B$2)*(DESC_PROV[LISTA]=$C$2),DESC_PROV[DESCUENTO]),0)), (C16*(1+IFERROR(VLOOKUP($D$2,COLORES[],2,FALSE),0))) *(1-IFERROR(_xlfn.XLOOKUP(1,(DESC_PROV[LINEA]=$B$2)*(DESC_PROV[LISTA]=$C$2),DESC_PROV[DESCUENTO]),0)) *(1+VLOOKUP($C$2,LISTAS[],2,FALSE)) *(1+VLOOKUP($C$2,LISTAS[],3,FALSE)) ) /5,0)*5} -> 11815 | Q16: {=ROUND( IF($A$2="COSTO", (D16*(1+IFERROR(VLOOKUP($D$2,COLORES[],2,FALSE),0))) *(1-IFERROR(_xlfn.XLOOKUP(1,(DESC_PROV[LINEA]=$B$2)*(DESC_PROV[LISTA]=$C$2),DESC_PROV[DESCUENTO]),0)), (D16*(1+IFERROR(VLOOKUP($D$2,COLORES[],2,FALSE),0))) *(1-IFERROR(_xlfn.XLOOKUP(1,(DESC_PROV[LINEA]=$B$2)*(DESC_PROV[LISTA]=$C$2),DESC_PROV[DESCUENTO]),0)) *(1+VLOOKUP($C$2,LISTAS[],2,FALSE)) *(1+VLOOKUP($C$2,LISTAS[],4,FALSE)) ) /5,0)*5} -> 29810 | R16: {=ROUND( IF($A$2="COSTO", ((B16*(1+IFERROR(VLOOKUP($D$2,COLORES[],2,FALSE),0)))+(F16+I16+F16)) *(1-IFERROR(_xlfn.XLOOKUP(1,(DESC_PROV[LINEA]=$B$2)*(DESC_PROV[LISTA]=$C$2),DESC_PROV[DESCUENTO]),0)), ((B16*(1+IFERROR(VLOOKUP($D$2,COLORES[],2,FALSE),0)))+(F16+I16+F16)) *(1-IFERROR(_xlfn.XLOOKUP(1,(DESC_PROV[LINEA]=$B$2)*(DESC_PROV[LISTA]=$C$2),DESC_PROV[DESCUENTO]),0)) *(1+VLOOKUP($C$2,LISTAS[],2,FALSE)) *(1+VLOOKUP($C$2,LISTAS[],3,FALSE)) ) /5,0)*5} -> 251335
A17: 150x60 | B17: 129250 | C17: 9219 | D17: 21825 | E17: 10421 | F17: 12621 | G17: 16616 | H17: 52027 | I17: 69656 | K17: 150x60 | L17: {=ROUND( IF($A$2="COSTO", ((B17*(1+IFERROR(VLOOKUP($D$2,COLORES[],2,FALSE),0)))+E17) *(1-IFERROR(_xlfn.XLOOKUP(1,(DESC_PROV[LINEA]=$B$2)*(DESC_PROV[LISTA]=$C$2),DESC_PROV[DESCUENTO]),0)), ((B17*(1+IFERROR(VLOOKUP($D$2,COLORES[],2,FALSE),0)))+E17) *(1-IFERROR(_xlfn.XLOOKUP(1,(DESC_PROV[LINEA]=$B$2)*(DESC_PROV[LISTA]=$C$2),DESC_PROV[DESCUENTO]),0)) *(1+VLOOKUP($C$2,LISTAS[],2,FALSE)) *(1+VLOOKUP($C$2,LISTAS[],3,FALSE)) ) /5,0)*5} -> 178995 | M17: {=ROUND( IF($A$2="COSTO", ((B17*(1+IFERROR(VLOOKUP($D$2,COLORES[],2,FALSE),0)))+F17) *(1-IFERROR(_xlfn.XLOOKUP(1,(DESC_PROV[LINEA]=$B$2)*(DESC_PROV[LISTA]=$C$2),DESC_PROV[DESCUENTO]),0)), ((B17*(1+IFERROR(VLOOKUP($D$2,COLORES[],2,FALSE),0)))+F17) *(1-IFERROR(_xlfn.XLOOKUP(1,(DESC_PROV[LINEA]=$B$2)*(DESC_PROV[LISTA]=$C$2),DESC_PROV[DESCUENTO]),0)) *(1+VLOOKUP($C$2,LISTAS[],2,FALSE)) *(1+VLOOKUP($C$2,LISTAS[],3,FALSE)) ) /5,0)*5} -> 181815 | N17: {=ROUND( IF($A$2="COSTO", ((B17*(1+IFERROR(VLOOKUP($D$2,COLORES[],2,FALSE),0)))+G17) *(1-IFERROR(_xlfn.XLOOKUP(1,(DESC_PROV[LINEA]=$B$2)*(DESC_PROV[LISTA]=$C$2),DESC_PROV[DESCUENTO]),0)), ((B17*(1+IFERROR(VLOOKUP($D$2,COLORES[],2,FALSE),0)))+G17) *(1-IFERROR(_xlfn.XLOOKUP(1,(DESC_PROV[LINEA]=$B$2)*(DESC_PROV[LISTA]=$C$2),DESC_PROV[DESCUENTO]),0)) *(1+VLOOKUP($C$2,LISTAS[],2,FALSE)) *(1+VLOOKUP($C$2,LISTAS[],3,FALSE)) ) /5,0)*5} -> 186935 | O17: {=ROUND( IF($A$2="COSTO", ((B17*(1+IFERROR(VLOOKUP($D$2,COLORES[],2,FALSE),0)))+H17) *(1-IFERROR(_xlfn.XLOOKUP(1,(DESC_PROV[LINEA]=$B$2)*(DESC_PROV[LISTA]=$C$2),DESC_PROV[DESCUENTO]),0)), ((B17*(1+IFERROR(VLOOKUP($D$2,COLORES[],2,FALSE),0)))+H17) *(1-IFERROR(_xlfn.XLOOKUP(1,(DESC_PROV[LINEA]=$B$2)*(DESC_PROV[LISTA]=$C$2),DESC_PROV[DESCUENTO]),0)) *(1+VLOOKUP($C$2,LISTAS[],2,FALSE)) *(1+VLOOKUP($C$2,LISTAS[],3,FALSE)) ) /5,0)*5} -> 232315 | P17: {=ROUND( IF($A$2="COSTO", (C17*(1+IFERROR(VLOOKUP($D$2,COLORES[],2,FALSE),0))) *(1-IFERROR(_xlfn.XLOOKUP(1,(DESC_PROV[LINEA]=$B$2)*(DESC_PROV[LISTA]=$C$2),DESC_PROV[DESCUENTO]),0)), (C17*(1+IFERROR(VLOOKUP($D$2,COLORES[],2,FALSE),0))) *(1-IFERROR(_xlfn.XLOOKUP(1,(DESC_PROV[LINEA]=$B$2)*(DESC_PROV[LISTA]=$C$2),DESC_PROV[DESCUENTO]),0)) *(1+VLOOKUP($C$2,LISTAS[],2,FALSE)) *(1+VLOOKUP($C$2,LISTAS[],3,FALSE)) ) /5,0)*5} -> 11815 | Q17: {=ROUND( IF($A$2="COSTO", (D17*(1+IFERROR(VLOOKUP($D$2,COLORES[],2,FALSE),0))) *(1-IFERROR(_xlfn.XLOOKUP(1,(DESC_PROV[LINEA]=$B$2)*(DESC_PROV[LISTA]=$C$2),DESC_PROV[DESCUENTO]),0)), (D17*(1+IFERROR(VLOOKUP($D$2,COLORES[],2,FALSE),0))) *(1-IFERROR(_xlfn.XLOOKUP(1,(DESC_PROV[LINEA]=$B$2)*(DESC_PROV[LISTA]=$C$2),DESC_PROV[DESCUENTO]),0)) *(1+VLOOKUP($C$2,LISTAS[],2,FALSE)) *(1+VLOOKUP($C$2,LISTAS[],4,FALSE)) ) /5,0)*5} -> 34425 | R17: {=ROUND( IF($A$2="COSTO", ((B17*(1+IFERROR(VLOOKUP($D$2,COLORES[],2,FALSE),0)))+(F17+I17+F17)) *(1-IFERROR(_xlfn.XLOOKUP(1,(DESC_PROV[LINEA]=$B$2)*(DESC_PROV[LISTA]=$C$2),DESC_PROV[DESCUENTO]),0)), ((B17*(1+IFERROR(VLOOKUP($D$2,COLORES[],2,FALSE),0)))+(F17+I17+F17)) *(1-IFERROR(_xlfn.XLOOKUP(1,(DESC_PROV[LINEA]=$B$2)*(DESC_PROV[LISTA]=$C$2),DESC_PROV[DESCUENTO]),0)) *(1+VLOOKUP($C$2,LISTAS[],2,FALSE)) *(1+VLOOKUP($C$2,LISTAS[],3,FALSE)) ) /5,0)*5} -> 287255
... A58: 240x200 | B58: 292225 | C58: 30730 | D58: 68400 | E58: 68465 | F58: 78787 | G58: 103745 | H58: 324786 | I58: 165110 | K58: 240x200 | L58: {=ROUND( IF($A$2="COSTO", ((B58*(1+IFERROR(VLOOKUP($D$2,COLORES[],2,FALSE),0)))+E58) *(1-IFERROR(_xlfn.XLOOKUP(1,(DESC_PROV[LINEA]=$B$2)*(DESC_PROV[LISTA]=$C$2),DESC_PROV[DESCUENTO]),0)), ((B58*(1+IFERROR(VLOOKUP($D$2,COLORES[],2,FALSE),0)))+E58) *(1-IFERROR(_xlfn.XLOOKUP(1,(DESC_PROV[LINEA]=$B$2)*(DESC_PROV[LISTA]=$C$2),DESC_PROV[DESCUENTO]),0)) *(1+VLOOKUP($C$2,LISTAS[],2,FALSE)) *(1+VLOOKUP($C$2,LISTAS[],3,FALSE)) ) /5,0)*5} -> 462240 | M58: {=ROUND( IF($A$2="COSTO", ((B58*(1+IFERROR(VLOOKUP($D$2,COLORES[],2,FALSE),0)))+F58) *(1-IFERROR(_xlfn.XLOOKUP(1,(DESC_PROV[LINEA]=$B$2)*(DESC_PROV[LISTA]=$C$2),DESC_PROV[DESCUENTO]),0)), ((B58*(1+IFERROR(VLOOKUP($D$2,COLORES[],2,FALSE),0)))+F58) *(1-IFERROR(_xlfn.XLOOKUP(1,(DESC_PROV[LINEA]=$B$2)*(DESC_PROV[LISTA]=$C$2),DESC_PROV[DESCUENTO]),0)) *(1+VLOOKUP($C$2,LISTAS[],2,FALSE)) *(1+VLOOKUP($C$2,LISTAS[],3,FALSE)) ) /5,0)*5} -> 475465 | N58: {=ROUND( IF($A$2="COSTO", ((B58*(1+IFERROR(VLOOKUP($D$2,COLORES[],2,FALSE),0)))+G58) *(1-IFERROR(_xlfn.XLOOKUP(1,(DESC_PROV[LINEA]=$B$2)*(DESC_PROV[LISTA]=$C$2),DESC_PROV[DESCUENTO]),0)), ((B58*(1+IFERROR(VLOOKUP($D$2,COLORES[],2,FALSE),0)))+G58) *(1-IFERROR(_xlfn.XLOOKUP(1,(DESC_PROV[LINEA]=$B$2)*(DESC_PROV[LISTA]=$C$2),DESC_PROV[DESCUENTO]),0)) *(1+VLOOKUP($C$2,LISTAS[],2,FALSE)) *(1+VLOOKUP($C$2,LISTAS[],3,FALSE)) ) /5,0)*5} -> 507450 | O58: {=ROUND( IF($A$2="COSTO", ((B58*(1+IFERROR(VLOOKUP($D$2,COLORES[],2,FALSE),0)))+H58) *(1-IFERROR(_xlfn.XLOOKUP(1,(DESC_PROV[LINEA]=$B$2)*(DESC_PROV[LISTA]=$C$2),DESC_PROV[DESCUENTO]),0)), ((B58*(1+IFERROR(VLOOKUP($D$2,COLORES[],2,FALSE),0)))+H58) *(1-IFERROR(_xlfn.XLOOKUP(1,(DESC_PROV[LINEA]=$B$2)*(DESC_PROV[LISTA]=$C$2),DESC_PROV[DESCUENTO]),0)) *(1+VLOOKUP($C$2,LISTAS[],2,FALSE)) *(1+VLOOKUP($C$2,LISTAS[],3,FALSE)) ) /5,0)*5} -> 790725 | P58: {=ROUND( IF($A$2="COSTO", (C58*(1+IFERROR(VLOOKUP($D$2,COLORES[],2,FALSE),0))) *(1-IFERROR(_xlfn.XLOOKUP(1,(DESC_PROV[LINEA]=$B$2)*(DESC_PROV[LISTA]=$C$2),DESC_PROV[DESCUENTO]),0)), (C58*(1+IFERROR(VLOOKUP($D$2,COLORES[],2,FALSE),0))) *(1-IFERROR(_xlfn.XLOOKUP(1,(DESC_PROV[LINEA]=$B$2)*(DESC_PROV[LISTA]=$C$2),DESC_PROV[DESCUENTO]),0)) *(1+VLOOKUP($C$2,LISTAS[],2,FALSE)) *(1+VLOOKUP($C$2,LISTAS[],3,FALSE)) ) /5,0)*5} -> 39380 | Q58: {=ROUND( IF($A$2="COSTO", (D58*(1+IFERROR(VLOOKUP($D$2,COLORES[],2,FALSE),0))) *(1-IFERROR(_xlfn.XLOOKUP(1,(DESC_PROV[LINEA]=$B$2)*(DESC_PROV[LISTA]=$C$2),DESC_PROV[DESCUENTO]),0)), (D58*(1+IFERROR(VLOOKUP($D$2,COLORES[],2,FALSE),0))) *(1-IFERROR(_xlfn.XLOOKUP(1,(DESC_PROV[LINEA]=$B$2)*(DESC_PROV[LISTA]=$C$2),DESC_PROV[DESCUENTO]),0)) *(1+VLOOKUP($C$2,LISTAS[],2,FALSE)) *(1+VLOOKUP($C$2,LISTAS[],4,FALSE)) ) /5,0)*5} -> 107885 | R58: {=ROUND( IF($A$2="COSTO", ((B58*(1+IFERROR(VLOOKUP($D$2,COLORES[],2,FALSE),0)))+(F58+I58+F58)) *(1-IFERROR(_xlfn.XLOOKUP(1,(DESC_PROV[LINEA]=$B$2)*(DESC_PROV[LISTA]=$C$2),DESC_PROV[DESCUENTO]),0)), ((B58*(1+IFERROR(VLOOKUP($D$2,COLORES[],2,FALSE),0)))+(F58+I58+F58)) *(1-IFERROR(_xlfn.XLOOKUP(1,(DESC_PROV[LINEA]=$B$2)*(DESC_PROV[LISTA]=$C$2),DESC_PROV[DESCUENTO]),0)) *(1+VLOOKUP($C$2,LISTAS[],2,FALSE)) *(1+VLOOKUP($C$2,LISTAS[],3,FALSE)) ) /5,0)*5} -> 788030
A59: 240x205 | B59: =B58*(1+5%) -> 306836.25 | C59: =C58*(1+5%) -> 32266.5 | D59: =D58*(1+5%) -> 71820 | E59: =E58*(1+5%) -> 71888.25 | F59: =F58*(1+5%) -> 82726.35 | G59: =G58*(1+5%) -> 108932.25 | H59: =H58*(1+5%) -> 341025.3 | I59: =I58*(1+5%) -> 173365.5 | K59: 240x205 | L59: {=ROUND( IF($A$2="COSTO", ((B59*(1+IFERROR(VLOOKUP($D$2,COLORES[],2,FALSE),0)))+E59) *(1-IFERROR(_xlfn.XLOOKUP(1,(DESC_PROV[LINEA]=$B$2)*(DESC_PROV[LISTA]=$C$2),DESC_PROV[DESCUENTO]),0)), ((B59*(1+IFERROR(VLOOKUP($D$2,COLORES[],2,FALSE),0)))+E59) *(1-IFERROR(_xlfn.XLOOKUP(1,(DESC_PROV[LINEA]=$B$2)*(DESC_PROV[LISTA]=$C$2),DESC_PROV[DESCUENTO]),0)) *(1+VLOOKUP($C$2,LISTAS[],2,FALSE)) *(1+VLOOKUP($C$2,LISTAS[],3,FALSE)) ) /5,0)*5} -> 485350 | M59: {=ROUND( IF($A$2="COSTO", ((B59*(1+IFERROR(VLOOKUP($D$2,COLORES[],2,FALSE),0)))+F59) *(1-IFERROR(_xlfn.XLOOKUP(1,(DESC_PROV[LINEA]=$B$2)*(DESC_PROV[LISTA]=$C$2),DESC_PROV[DESCUENTO]),0)), ((B59*(1+IFERROR(VLOOKUP($D$2,COLORES[],2,FALSE),0)))+F59) *(1-IFERROR(_xlfn.XLOOKUP(1,(DESC_PROV[LINEA]=$B$2)*(DESC_PROV[LISTA]=$C$2),DESC_PROV[DESCUENTO]),0)) *(1+VLOOKUP($C$2,LISTAS[],2,FALSE)) *(1+VLOOKUP($C$2,LISTAS[],3,FALSE)) ) /5,0)*5} -> 499240 | N59: {=ROUND( IF($A$2="COSTO", ((B59*(1+IFERROR(VLOOKUP($D$2,COLORES[],2,FALSE),0)))+G59) *(1-IFERROR(_xlfn.XLOOKUP(1,(DESC_PROV[LINEA]=$B$2)*(DESC_PROV[LISTA]=$C$2),DESC_PROV[DESCUENTO]),0)), ((B59*(1+IFERROR(VLOOKUP($D$2,COLORES[],2,FALSE),0)))+G59) *(1-IFERROR(_xlfn.XLOOKUP(1,(DESC_PROV[LINEA]=$B$2)*(DESC_PROV[LISTA]=$C$2),DESC_PROV[DESCUENTO]),0)) *(1+VLOOKUP($C$2,LISTAS[],2,FALSE)) *(1+VLOOKUP($C$2,LISTAS[],3,FALSE)) ) /5,0)*5} -> 532825 | O59: {=ROUND( IF($A$2="COSTO", ((B59*(1+IFERROR(VLOOKUP($D$2,COLORES[],2,FALSE),0)))+H59) *(1-IFERROR(_xlfn.XLOOKUP(1,(DESC_PROV[LINEA]=$B$2)*(DESC_PROV[LISTA]=$C$2),DESC_PROV[DESCUENTO]),0)), ((B59*(1+IFERROR(VLOOKUP($D$2,COLORES[],2,FALSE),0)))+H59) *(1-IFERROR(_xlfn.XLOOKUP(1,(DESC_PROV[LINEA]=$B$2)*(DESC_PROV[LISTA]=$C$2),DESC_PROV[DESCUENTO]),0)) *(1+VLOOKUP($C$2,LISTAS[],2,FALSE)) *(1+VLOOKUP($C$2,LISTAS[],3,FALSE)) ) /5,0)*5} -> 830260 | P59: {=ROUND( IF($A$2="COSTO", (C59*(1+IFERROR(VLOOKUP($D$2,COLORES[],2,FALSE),0))) *(1-IFERROR(_xlfn.XLOOKUP(1,(DESC_PROV[LINEA]=$B$2)*(DESC_PROV[LISTA]=$C$2),DESC_PROV[DESCUENTO]),0)), (C59*(1+IFERROR(VLOOKUP($D$2,COLORES[],2,FALSE),0))) *(1-IFERROR(_xlfn.XLOOKUP(1,(DESC_PROV[LINEA]=$B$2)*(DESC_PROV[LISTA]=$C$2),DESC_PROV[DESCUENTO]),0)) *(1+VLOOKUP($C$2,LISTAS[],2,FALSE)) *(1+VLOOKUP($C$2,LISTAS[],3,FALSE)) ) /5,0)*5} -> 41350 | Q59: {=ROUND( IF($A$2="COSTO", (D59*(1+IFERROR(VLOOKUP($D$2,COLORES[],2,FALSE),0))) *(1-IFERROR(_xlfn.XLOOKUP(1,(DESC_PROV[LINEA]=$B$2)*(DESC_PROV[LISTA]=$C$2),DESC_PROV[DESCUENTO]),0)), (D59*(1+IFERROR(VLOOKUP($D$2,COLORES[],2,FALSE),0))) *(1-IFERROR(_xlfn.XLOOKUP(1,(DESC_PROV[LINEA]=$B$2)*(DESC_PROV[LISTA]=$C$2),DESC_PROV[DESCUENTO]),0)) *(1+VLOOKUP($C$2,LISTAS[],2,FALSE)) *(1+VLOOKUP($C$2,LISTAS[],4,FALSE)) ) /5,0)*5} -> 113280 | R59: {=ROUND( IF($A$2="COSTO", ((B59*(1+IFERROR(VLOOKUP($D$2,COLORES[],2,FALSE),0)))+(F59+I59+F59)) *(1-IFERROR(_xlfn.XLOOKUP(1,(DESC_PROV[LINEA]=$B$2)*(DESC_PROV[LISTA]=$C$2),DESC_PROV[DESCUENTO]),0)), ((B59*(1+IFERROR(VLOOKUP($D$2,COLORES[],2,FALSE),0)))+(F59+I59+F59)) *(1-IFERROR(_xlfn.XLOOKUP(1,(DESC_PROV[LINEA]=$B$2)*(DESC_PROV[LISTA]=$C$2),DESC_PROV[DESCUENTO]),0)) *(1+VLOOKUP($C$2,LISTAS[],2,FALSE)) *(1+VLOOKUP($C$2,LISTAS[],3,FALSE)) ) /5,0)*5} -> 827430

Sheet rajas modena
A1: MODO | B1: LINEA | C1: LISTA | D1: COLOR
A2: =CONTROL!B4 -> VENTA | B2: MODENA | C2: =CONTROL!C4 -> AMARILLA | D2: =CONTROL!D4 -> BLANCO
A5: Rajas de abrir / banderolas modena | K5: Rajas de abrir / banderolas modena
A6: medidas | B6: s/vidrio | C6: vid/3mm | D6: 4mm | E6: v/5mm | F6: esmerilado | G6: fantasia | H6: V/3+3 | I6: camara dvh | K6: medidas | L6: vid/3mm | M6: 4mm | N6: v/5mm | O6: esmerilado | P6: fantasia | Q6: V/3+3 | R6: camara dvh
A7: 40x40 | B7: 91406 | C7: 2308 | D7: 2796 | E7: 3683 | F7: 7973 | G7: 3077 | H7: 11924 | I7: 23385 | K7: 40x40 | L7: {=IFERROR( ROUND( IF($A$2="COSTO", ((B7*(1+IFERROR(VLOOKUP($D$2,COLORES[],2,FALSE),0)))+C7) *(1-IFERROR(_xlfn.XLOOKUP(1,(DESC_PROV[LINEA]=$B$2)*(DESC_PROV[LISTA]=$C$2),DESC_PROV[DESCUENTO]),0)), ((B7*(1+IFERROR(VLOOKUP($D$2,COLORES[],2,FALSE),0)))+C7) *(1-IFERROR(_xlfn.XLOOKUP(1,(DESC_PROV[LINEA]=$B$2)*(DESC_PROV[LISTA]=$C$2),DESC_PROV[DESCUENTO]),0)) *(1+VLOOKUP($C$2,LISTAS[],2,FALSE)) *(1+VLOOKUP($C$2,LISTAS[],3,FALSE)) ) /5,0)*5,0)} -> 120100 | M7: {=IFERROR( ROUND( IF($A$2="COSTO", ((B7*(1+IFERROR(VLOOKUP($D$2,COLORES[],2,FALSE),0)))+D7) *(1-IFERROR(_xlfn.XLOOKUP(1,(DESC_PROV[LINEA]=$B$2)*(DESC_PROV[LISTA]=$C$2),DESC_PROV[DESCUENTO]),0)), ((B7*(1+IFERROR(VLOOKUP($D$2,COLORES[],2,FALSE),0)))+D7) *(1-IFERROR(_xlfn.XLOOKUP(1,(DESC_PROV[LINEA]=$B$2)*(DESC_PROV[LISTA]=$C$2),DESC_PROV[DESCUENTO]),0)) *(1+VLOOKUP($C$2,LISTAS[],2,FALSE)) *(1+VLOOKUP($C$2,LISTAS[],3,FALSE)) ) /5,0)*5,0)} -> 120725 | N7: {=IFERROR( ROUND( IF($A$2="COSTO", ((B7*(1+IFERROR(VLOOKUP($D$2,COLORES[],2,FALSE),0)))+E7) *(1-IFERROR(_xlfn.XLOOKUP(1,(DESC_PROV[LINEA]=$B$2)*(DESC_PROV[LISTA]=$C$2),DESC_PROV[DESCUENTO]),0)), ((B7*(1+IFERROR(VLOOKUP($D$2,COLORES[],2,FALSE),0)))+E7) *(1-IFERROR(_xlfn.XLOOKUP(1,(DESC_PROV[LINEA]=$B$2)*(DESC_PROV[LISTA]=$C$2),DESC_PROV[DESCUENTO]),0)) *(1+VLOOKUP($C$2,LISTAS[],2,FALSE)) *(1+VLOOKUP($C$2,LISTAS[],3,FALSE)) ) /5,0)*5,0)} -> 121860 | O7: {=IFERROR( ROUND( IF($A$2="COSTO", ((B7*(1+IFERROR(VLOOKUP($D$2,COLORES[],2,FALSE),0)))+F7) *(1-IFERROR(_xlfn.XLOOKUP(1,(DESC_PROV[LINEA]=$B$2)*(DESC_PROV[LISTA]=$C$2),DESC_PROV[DESCUENTO]),0)), ((B7*(1+IFERROR(VLOOKUP($D$2,COLORES[],2,FALSE),0)))+F7) *(1-IFERROR(_xlfn.XLOOKUP(1,(DESC_PROV[LINEA]=$B$2)*(DESC_PROV[LISTA]=$C$2),DESC_PROV[DESCUENTO]),0)) *(1+VLOOKUP($C$2,LISTAS[],2,FALSE)) *(1+VLOOKUP($C$2,LISTAS[],3,FALSE)) ) /5,0)*5,0)} -> 127360 | P7: {=IFERROR( ROUND( IF($A$2="COSTO", ((B7*(1+IFERROR(VLOOKUP($D$2,COLORES[],2,FALSE),0)))+G7) *(1-IFERROR(_xlfn.XLOOKUP(1,(DESC_PROV[LINEA]=$B$2)*(DESC_PROV[LISTA]=$C$2),DESC_PROV[DESCUENTO]),0)), ((B7*(1+IFERROR(VLOOKUP($D$2,COLORES[],2,FALSE),0)))+G7) *(1-IFERROR(_xlfn.XLOOKUP(1,(DESC_PROV[LINEA]=$B$2)*(DESC_PROV[LISTA]=$C$2),DESC_PROV[DESCUENTO]),0)) *(1+VLOOKUP($C$2,LISTAS[],2,FALSE)) *(1+VLOOKUP($C$2,LISTAS[],3,FALSE)) ) /5,0)*5,0)} -> 121085 | Q7: {=IFERROR( ROUND( IF($A$2="COSTO", ((B7*(1+IFERROR(VLOOKUP($D$2,COLORES[],2,FALSE),0)))+H7) *(1-IFERROR(_xlfn.XLOOKUP(1,(DESC_PROV[LINEA]=$B$2)*(DESC_PROV[LISTA]=$C$2),DESC_PROV[DESCUENTO]),0)), ((B7*(1+IFERROR(VLOOKUP($D$2,COLORES[],2,FALSE),0)))+H7) *(1-IFERROR(_xlfn.XLOOKUP(1,(DESC_PROV[LINEA]=$B$2)*(DESC_PROV[LISTA]=$C$2),DESC_PROV[DESCUENTO]),0)) *(1+VLOOKUP($C$2,LISTAS[],2,FALSE)) *(1+VLOOKUP($C$2,LISTAS[],3,FALSE)) ) /5,0)*5,0)} -> 132420 | R7: {=IFERROR( ROUND( IF($A$2="COSTO", ((B7*(1+IFERROR(VLOOKUP($D$2,COLORES[],2,FALSE),0)))+(D7+I7+D7)) *(1-IFERROR(_xlfn.XLOOKUP(1,(DESC_PROV[LINEA]=$B$2)*(DESC_PROV[LISTA]=$C$2),DESC_PROV[DESCUENTO]),0)), ((B7*(1+IFERROR(VLOOKUP($D$2,COLORES[],2,FALSE),0)))+(D7+I7+D7)) *(1-IFERROR(_xlfn.XLOOKUP(1,(DESC_PROV[LINEA]=$B$2)*(DESC_PROV[LISTA]=$C$2),DESC_PROV[DESCUENTO]),0)) *(1+VLOOKUP($C$2,LISTAS[],2,FALSE)) *(1+VLOOKUP($C$2,LISTAS[],3,FALSE)) ) /5,0)*5,0)} -> 154275
A8: 50x40 | B8: 96512 | C8: 3077 | D8: 3729 | E8: 4914 | F8: 10634 | G8: 4109 | H8: 15910 | I8: 26308 | K8: 50x40 | L8: {=IFERROR( ROUND( IF($A$2="COSTO", ((B8*(1+IFERROR(VLOOKUP($D$2,COLORES[],2,FALSE),0)))+C8) *(1-IFERROR(_xlfn.XLOOKUP(1,(DESC_PROV[LINEA]=$B$2)*(DESC_PROV[LISTA]=$C$2),DESC_PROV[DESCUENTO]),0)), ((B8*(1+IFERROR(VLOOKUP($D$2,COLORES[],2,FALSE),0)))+C8) *(1-IFERROR(_xlfn.XLOOKUP(1,(DESC_PROV[LINEA]=$B$2)*(DESC_PROV[LISTA]=$C$2),DESC_PROV[DESCUENTO]),0)) *(1+VLOOKUP($C$2,LISTAS[],2,FALSE)) *(1+VLOOKUP($C$2,LISTAS[],3,FALSE)) ) /5,0)*5,0)} -> 127625 | M8: {=IFERROR( ROUND( IF($A$2="COSTO", ((B8*(1+IFERROR(VLOOKUP($D$2,COLORES[],2,FALSE),0)))+D8) *(1-IFERROR(_xlfn.XLOOKUP(1,(DESC_PROV[LINEA]=$B$2)*(DESC_PROV[LISTA]=$C$2),DESC_PROV[DESCUENTO]),0)), ((B8*(1+IFERROR(VLOOKUP($D$2,COLORES[],2,FALSE),0)))+D8) *(1-IFERROR(_xlfn.XLOOKUP(1,(DESC_PROV[LINEA]=$B$2)*(DESC_PROV[LISTA]=$C$2),DESC_PROV[DESCUENTO]),0)) *(1+VLOOKUP($C$2,LISTAS[],2,FALSE)) *(1+VLOOKUP($C$2,LISTAS[],3,FALSE)) ) /5,0)*5,0)} -> 128465 | N8: {=IFERROR( ROUND( IF($A$2="COSTO", ((B8*(1+IFERROR(VLOOKUP($D$2,COLORES[],2,FALSE),0)))+E8) *(1-IFERROR(_xlfn.XLOOKUP(1,(DESC_PROV[LINEA]=$B$2)*(DESC_PROV[LISTA]=$C$2),DESC_PROV[DESCUENTO]),0)), ((B8*(1+IFERROR(VLOOKUP($D$2,COLORES[],2,FALSE),0)))+E8) *(1-IFERROR(_xlfn.XLOOKUP(1,(DESC_PROV[LINEA]=$B$2)*(DESC_PROV[LISTA]=$C$2),DESC_PROV[DESCUENTO]),0)) *(1+VLOOKUP($C$2,LISTAS[],2,FALSE)) *(1+VLOOKUP($C$2,LISTAS[],3,FALSE)) ) /5,0)*5,0)} -> 129980 | O8: {=IFERROR( ROUND( IF($A$2="COSTO", ((B8*(1+IFERROR(VLOOKUP($D$2,COLORES[],2,FALSE),0)))+F8) *(1-IFERROR(_xlfn.XLOOKUP(1,(DESC_PROV[LINEA]=$B$2)*(DESC_PROV[LISTA]=$C$2),DESC_PROV[DESCUENTO]),0)), ((B8*(1+IFERROR(VLOOKUP($D$2,COLORES[],2,FALSE),0)))+F8) *(1-IFERROR(_xlfn.XLOOKUP(1,(DESC_PROV[LINEA]=$B$2)*(DESC_PROV[LISTA]=$C$2),DESC_PROV[DESCUENTO]),0)) *(1+VLOOKUP($C$2,LISTAS[],2,FALSE)) *(1+VLOOKUP($C$2,LISTAS[],3,FALSE)) ) /5,0)*5,0)} -> 137310 | P8: {=IFERROR( ROUND( IF($A$2="COSTO", ((B8*(1+IFERROR(VLOOKUP($D$2,COLORES[],2,FALSE),0)))+G8) *(1-IFERROR(_xlfn.XLOOKUP(1,(DESC_PROV[LINEA]=$B$2)*(DESC_PROV[LISTA]=$C$2),DESC_PROV[DESCUENTO]),0)), ((B8*(1+IFERROR(VLOOKUP($D$2,COLORES[],2,FALSE),0)))+G8) *(1-IFERROR(_xlfn.XLOOKUP(1,(DESC_PROV[LINEA]=$B$2)*(DESC_PROV[LISTA]=$C$2),DESC_PROV[DESCUENTO]),0)) *(1+VLOOKUP($C$2,LISTAS[],2,FALSE)) *(1+VLOOKUP($C$2,LISTAS[],3,FALSE)) ) /5,0)*5,0)} -> 128950 | Q8: {=IFERROR( ROUND( IF($A$2="COSTO", ((B8*(1+IFERROR(VLOOKUP($D$2,COLORES[],2,FALSE),0)))+H8) *(1-IFERROR(_xlfn.XLOOKUP(1,(DESC_PROV[LINEA]=$B$2)*(DESC_PROV[LISTA]=$C$2),DESC_PROV[DESCUENTO]),0)), ((B8*(1+IFERROR(VLOOKUP($D$2,COLORES[],2,FALSE),0)))+H8) *(1-IFERROR(_xlfn.XLOOKUP(1,(DESC_PROV[LINEA]=$B$2)*(DESC_PROV[LISTA]=$C$2),DESC_PROV[DESCUENTO]),0)) *(1+VLOOKUP($C$2,LISTAS[],2,FALSE)) *(1+VLOOKUP($C$2,LISTAS[],3,FALSE)) ) /5,0)*5,0)} -> 144075 | R8: {=IFERROR( ROUND( IF($A$2="COSTO", ((B8*(1+IFERROR(VLOOKUP($D$2,COLORES[],2,FALSE),0)))+(D8+I8+D8)) *(1-IFERROR(_xlfn.XLOOKUP(1,(DESC_PROV[LINEA]=$B$2)*(DESC_PROV[LISTA]=$C$2),DESC_PROV[DESCUENTO]),0)), ((B8*(1+IFERROR(VLOOKUP($D$2,COLORES[],2,FALSE),0)))+(D8+I8+D8)) *(1-IFERROR(_xlfn.XLOOKUP(1,(DESC_PROV[LINEA]=$B$2)*(DESC_PROV[LISTA]=$C$2),DESC_PROV[DESCUENTO]),0)) *(1+VLOOKUP($C$2,LISTAS[],2,FALSE)) *(1+VLOOKUP($C$2,LISTAS[],3,FALSE)) ) /5,0)*5,0)} -> 166955
A9: 60x40 | B9: 101653 | C9: 3846 | D9: 4661 | E9: 6145 | F9: 13294 | G9: 5140 | H9: 19896 | I9: 29232 | K9: 60x40 | L9: {=IFERROR( ROUND( IF($A$2="COSTO", ((B9*(1+IFERROR(VLOOKUP($D$2,COLORES[],2,FALSE),0)))+C9) *(1-IFERROR(_xlfn.XLOOKUP(1,(DESC_PROV[LINEA]=$B$2)*(DESC_PROV[LISTA]=$C$2),DESC_PROV[DESCUENTO]),0)), ((B9*(1+IFERROR(VLOOKUP($D$2,COLORES[],2,FALSE),0)))+C9) *(1-IFERROR(_xlfn.XLOOKUP(1,(DESC_PROV[LINEA]=$B$2)*(DESC_PROV[LISTA]=$C$2),DESC_PROV[DESCUENTO]),0)) *(1+VLOOKUP($C$2,LISTAS[],2,FALSE)) *(1+VLOOKUP($C$2,LISTAS[],3,FALSE)) ) /5,0)*5,0)} -> 135200 | M9: {=IFERROR( ROUND( IF($A$2="COSTO", ((B9*(1+IFERROR(VLOOKUP($D$2,COLORES[],2,FALSE),0)))+D9) *(1-IFERROR(_xlfn.XLOOKUP(1,(DESC_PROV[LINEA]=$B$2)*(DESC_PROV[LISTA]=$C$2),DESC_PROV[DESCUENTO]),0)), ((B9*(1+IFERROR(VLOOKUP($D$2,COLORES[],2,FALSE),0)))+D9) *(1-IFERROR(_xlfn.XLOOKUP(1,(DESC_PROV[LINEA]=$B$2)*(DESC_PROV[LISTA]=$C$2),DESC_PROV[DESCUENTO]),0)) *(1+VLOOKUP($C$2,LISTAS[],2,FALSE)) *(1+VLOOKUP($C$2,LISTAS[],3,FALSE)) ) /5,0)*5,0)} -> 136245 | N9: {=IFERROR( ROUND( IF($A$2="COSTO", ((B9*(1+IFERROR(VLOOKUP($D$2,COLORES[],2,FALSE),0)))+E9) *(1-IFERROR(_xlfn.XLOOKUP(1,(DESC_PROV[LINEA]=$B$2)*(DESC_PROV[LISTA]=$C$2),DESC_PROV[DESCUENTO]),0)), ((B9*(1+IFERROR(VLOOKUP($D$2,COLORES[],2,FALSE),0)))+E9) *(1-IFERROR(_xlfn.XLOOKUP(1,(DESC_PROV[LINEA]=$B$2)*(DESC_PROV[LISTA]=$C$2),DESC_PROV[DESCUENTO]),0)) *(1+VLOOKUP($C$2,LISTAS[],2,FALSE)) *(1+VLOOKUP($C$2,LISTAS[],3,FALSE)) ) /5,0)*5,0)} -> 138145 | O9: {=IFERROR( ROUND( IF($A$2="COSTO", ((B9*(1+IFERROR(VLOOKUP($D$2,COLORES[],2,FALSE),0)))+F9) *(1-IFERROR(_xlfn.XLOOKUP(1,(DESC_PROV[LINEA]=$B$2)*(DESC_PROV[LISTA]=$C$2),DESC_PROV[DESCUENTO]),0)), ((B9*(1+IFERROR(VLOOKUP($D$2,COLORES[],2,FALSE),0)))+F9) *(1-IFERROR(_xlfn.XLOOKUP(1,(DESC_PROV[LINEA]=$B$2)*(DESC_PROV[LISTA]=$C$2),DESC_PROV[DESCUENTO]),0)) *(1+VLOOKUP($C$2,LISTAS[],2,FALSE)) *(1+VLOOKUP($C$2,LISTAS[],3,FALSE)) ) /5,0)*5,0)} -> 147310 | P9: {=IFERROR( ROUND( IF($A$2="COSTO", ((B9*(1+IFERROR(VLOOKUP($D$2,COLORES[],2,FALSE),0)))+G9) *(1-IFERROR(_xlfn.XLOOKUP(1,(DESC_PROV[LINEA]=$B$2)*(DESC_PROV[LISTA]=$C$2),DESC_PROV[DESCUENTO]),0)), ((B9*(1+IFERROR(VLOOKUP($D$2,COLORES[],2,FALSE),0)))+G9) *(1-IFERROR(_xlfn.XLOOKUP(1,(DESC_PROV[LINEA]=$B$2)*(DESC_PROV[LISTA]=$C$2),DESC_PROV[DESCUENTO]),0)) *(1+VLOOKUP($C$2,LISTAS[],2,FALSE)) *(1+VLOOKUP($C$2,LISTAS[],3,FALSE)) ) /5,0)*5,0)} -> 136860 | Q9: {=IFERROR( ROUND( IF($A$2="COSTO", ((B9*(1+IFERROR(VLOOKUP($D$2,COLORES[],2,FALSE),0)))+H9) *(1-IFERROR(_xlfn.XLOOKUP(1,(DESC_PROV[LINEA]=$B$2)*(DESC_PROV[LISTA]=$C$2),DESC_PROV[DESCUENTO]),0)), ((B9*(1+IFERROR(VLOOKUP($D$2,COLORES[],2,FALSE),0)))+H9) *(1-IFERROR(_xlfn.XLOOKUP(1,(DESC_PROV[LINEA]=$B$2)*(DESC_PROV[LISTA]=$C$2),DESC_PROV[DESCUENTO]),0)) *(1+VLOOKUP($C$2,LISTAS[],2,FALSE)) *(1+VLOOKUP($C$2,LISTAS[],3,FALSE)) ) /5,0)*5,0)} -> 155770 | R9: {=IFERROR( ROUND( IF($A$2="COSTO", ((B9*(1+IFERROR(VLOOKUP($D$2,COLORES[],2,FALSE),0)))+(D9+I9+D9)) *(1-IFERROR(_xlfn.XLOOKUP(1,(DESC_PROV[LINEA]=$B$2)*(DESC_PROV[LISTA]=$C$2),DESC_PROV[DESCUENTO]),0)), ((B9*(1+IFERROR(VLOOKUP($D$2,COLORES[],2,FALSE),0)))+(D9+I9+D9)) *(1-IFERROR(_xlfn.XLOOKUP(1,(DESC_PROV[LINEA]=$B$2)*(DESC_PROV[LISTA]=$C$2),DESC_PROV[DESCUENTO]),0)) *(1+VLOOKUP($C$2,LISTAS[],2,FALSE)) *(1+VLOOKUP($C$2,LISTAS[],3,FALSE)) ) /5,0)*5,0)} -> 179680
A10: 70x40 | B10: 106774 | C10: 4616 | D10: 5593 | E10: 7376 | F10: 15955 | G10: 6172 | H10: 23881 | I10: 32155 | K10: 70x40 | L10: {=IFERROR( ROUND( IF($A$2="COSTO", ((B10*(1+IFERROR(VLOOKUP($D$2,COLORES[],2,FALSE),0)))+C10) *(1-IFERROR(_xlfn.XLOOKUP(1,(DESC_PROV[LINEA]=$B$2)*(DESC_PROV[LISTA]=$C$2),DESC_PROV[DESCUENTO]),0)), ((B10*(1+IFERROR(VLOOKUP($D$2,COLORES[],2,FALSE),0)))+C10) *(1-IFERROR(_xlfn.XLOOKUP(1,(DESC_PROV[LINEA]=$B$2)*(DESC_PROV[LISTA]=$C$2),DESC_PROV[DESCUENTO]),0)) *(1+VLOOKUP($C$2,LISTAS[],2,FALSE)) *(1+VLOOKUP($C$2,LISTAS[],3,FALSE)) ) /5,0)*5,0)} -> 142750 | M10: {=IFERROR( ROUND( IF($A$2="COSTO", ((B10*(1+IFERROR(VLOOKUP($D$2,COLORES[],2,FALSE),0)))+D10) *(1-IFERROR(_xlfn.XLOOKUP(1,(DESC_PROV[LINEA]=$B$2)*(DESC_PROV[LISTA]=$C$2),DESC_PROV[DESCUENTO]),0)), ((B10*(1+IFERROR(VLOOKUP($D$2,COLORES[],2,FALSE),0)))+D10) *(1-IFERROR(_xlfn.XLOOKUP(1,(DESC_PROV[LINEA]=$B$2)*(DESC_PROV[LISTA]=$C$2),DESC_PROV[DESCUENTO]),0)) *(1+VLOOKUP($C$2,LISTAS[],2,FALSE)) *(1+VLOOKUP($C$2,LISTAS[],3,FALSE)) ) /5,0)*5,0)} -> 144005 | N10: {=IFERROR( ROUND( IF($A$2="COSTO", ((B10*(1+IFERROR(VLOOKUP($D$2,COLORES[],2,FALSE),0)))+E10) *(1-IFERROR(_xlfn.XLOOKUP(1,(DESC_PROV[LINEA]=$B$2)*(DESC_PROV[LISTA]=$C$2),DESC_PROV[DESCUENTO]),0)), ((B10*(1+IFERROR(VLOOKUP($D$2,COLORES[],2,FALSE),0)))+E10) *(1-IFERROR(_xlfn.XLOOKUP(1,(DESC_PROV[LINEA]=$B$2)*(DESC_PROV[LISTA]=$C$2),DESC_PROV[DESCUENTO]),0)) *(1+VLOOKUP($C$2,LISTAS[],2,FALSE)) *(1+VLOOKUP($C$2,LISTAS[],3,FALSE)) ) /5,0)*5,0)} -> 146290 | O10: {=IFERROR( ROUND( IF($A$2="COSTO", ((B10*(1+IFERROR(VLOOKUP($D$2,COLORES[],2,FALSE),0)))+F10) *(1-IFERROR(_xlfn.XLOOKUP(1,(DESC_PROV[LINEA]=$B$2)*(DESC_PROV[LISTA]=$C$2),DESC_PROV[DESCUENTO]),0)), ((B10*(1+IFERROR(VLOOKUP($D$2,COLORES[],2,FALSE),0)))+F10) *(1-IFERROR(_xlfn.XLOOKUP(1,(DESC_PROV[LINEA]=$B$2)*(DESC_PROV[LISTA]=$C$2),DESC_PROV[DESCUENTO]),0)) *(1+VLOOKUP($C$2,LISTAS[],2,FALSE)) *(1+VLOOKUP($C$2,LISTAS[],3,FALSE)) ) /5,0)*5,0)} -> 157280 | P10: {=IFERROR( ROUND( IF($A$2="COSTO", ((B10*(1+IFERROR(VLOOKUP($D$2,COLORES[],2,FALSE),0)))+G10) *(1-IFERROR(_xlfn.XLOOKUP(1,(DESC_PROV[LINEA]=$B$2)*(DESC_PROV[LISTA]=$C$2),DESC_PROV[DESCUENTO]),0)), ((B10*(1+IFERROR(VLOOKUP($D$2,COLORES[],2,FALSE),0)))+G10) *(1-IFERROR(_xlfn.XLOOKUP(1,(DESC_PROV[LINEA]=$B$2)*(DESC_PROV[LISTA]=$C$2),DESC_PROV[DESCUENTO]),0)) *(1+VLOOKUP($C$2,LISTAS[],2,FALSE)) *(1+VLOOKUP($C$2,LISTAS[],3,FALSE)) ) /5,0)*5,0)} -> 144745 | Q10: {=IFERROR( ROUND( IF($A$2="COSTO", ((B10*(1+IFERROR(VLOOKUP($D$2,COLORES[],2,FALSE),0)))+H10) *(1-IFERROR(_xlfn.XLOOKUP(1,(DESC_PROV[LINEA]=$B$2)*(DESC_PROV[LISTA]=$C$2),DESC_PROV[DESCUENTO]),0)), ((B10*(1+IFERROR(VLOOKUP($D$2,COLORES[],2,FALSE),0)))+H10) *(1-IFERROR(_xlfn.XLOOKUP(1,(DESC_PROV[LINEA]=$B$2)*(DESC_PROV[LISTA]=$C$2),DESC_PROV[DESCUENTO]),0)) *(1+VLOOKUP($C$2,LISTAS[],2,FALSE)) *(1+VLOOKUP($C$2,LISTAS[],3,FALSE)) ) /5,0)*5,0)} -> 167440 | R10: {=IFERROR( ROUND( IF($A$2="COSTO", ((B10*(1+IFERROR(VLOOKUP($D$2,COLORES[],2,FALSE),0)))+(D10+I10+D10)) *(1-IFERROR(_xlfn.XLOOKUP(1,(DESC_PROV[LINEA]=$B$2)*(DESC_PROV[LISTA]=$C$2),DESC_PROV[DESCUENTO]),0)), ((B10*(1+IFERROR(VLOOKUP($D$2,COLORES[],2,FALSE),0)))+(D10+I10+D10)) *(1-IFERROR(_xlfn.XLOOKUP(1,(DESC_PROV[LINEA]=$B$2)*(DESC_PROV[LISTA]=$C$2),DESC_PROV[DESCUENTO]),0)) *(1+VLOOKUP($C$2,LISTAS[],2,FALSE)) *(1+VLOOKUP($C$2,LISTAS[],3,FALSE)) ) /5,0)*5,0)} -> 192380
