Workbook

Sheet CONTROL
B3: MODO | C3: LISTA | D3: COLOR
B4: VENTA | C4: AMARILLA | D4: BLANCO

Sheet CONFIG
A1: Lista | B1: Flete | C1: Ganancia | D1: Mosq | E1: Repartido | F1: Cobra | G1: Extra | J1: LISTAS | K1: COLORES | L1: LINEAS
A2: AMARILLA | B2: 0.06 | C2: 0.3 | D2: 0.6 | E2: 0.3 | F2: 0 | G2: 0.1 | J2: AMARILLA | K2: NEGRO | L2: HERRERO
A3: AZUL | B3: 0.1 | C3: 0.3 | D3: 0.6 | E3: 0.3 | F3: 0 | G3: 0.1 | J3: AZUL | K3: BLANCO | L3: MODENA
A4: VERDE | B4: 0.15 | C4: 0.35 | D4: 0.6 | E4: 0.3 | F4: 0 | G4: 0.1 | J4: VERDE | K4: BRONCE
A5: EMA | B5: 0.15 | C5: 0.4 | D5: 0.6 | E5: 0.3 | F5: 0 | G5: 0.1 | J5: EMA | K5: SIMIL MADERA
A6: GUILLE | B6: 0 | C6: 0.5 | D6: 0.6 | E6: 0 | F6: 0.242 | G6: 0.1 | J6: GUILLE
A9: COLOR | B9: % | D9: LINEA | F9: ANCHO_PUERTAS | H9: TIPO | I9: FACTOR
A10: NEGRO | B10: 0.3 | D10: HERRERO | F10: 0.8 | H10: CORREDIZO | I10: 1
A11: BLANCO | B11: 0 | D11: MODENA | F11: 0.7 | H11: ABRIR | I11: 1.05
A12: BRONCE | B12: 0.45 | F12: 0.9
A13: SIMIL MADERA | B13: 2.8
A18: LINEA | B18: LISTA | C18: DESCUENTO
A19: HERRERO | B19: AMARILLA | C19: 0.1
A20: HERRERO | B20: AZUL | C20: 0.12
A21: HERRERO | B21: VERDE | C21: 0.12
A22: MODENA | B22: AMARILLA | C22: 0.07
A23: MODENA | B23: AZUL | C23: 0.07
A24: MODENA | B24: VERDE | C24: 0.07
A31: TIPO | B31: FLETE | C31: GANANCIA | E31: PARAMETRO | F31: VALOR
A32: PVC | B32: 0.15 | C32: 0.4 | E32: DESCUENTO_GENERAL | F32: 0.05

Sheet ventana herrero
A1: MODO | B1: LINEA | C1: LISTA | D1: COLOR
A2: =CONTROL!B4 -> VENTA | B2: HERRERO | C2: =CONTROL!C4 -> AMARILLA | D2: =CONTROL!D4 -> BLANCO
A4: VENTANA HERRERO PAPU | G4: VENTANAS HERRERO VENTA
A6: medidas | B6: sin_vidrio | C6: guia | D6: mosquitero | E6: vidrio | G6: medidas | H6: vidrio_entero | I6: guia | J6: mosquitero | K6: vidrio rep
A7: 60x0,40 | B7: 25119 | C7: 6884 | D7: 9262 | E7: 2556 | G7: 60x0,40 | H7: =IFERROR( ROUND( IF($A$2="COSTO", ((B7*(1+IFERROR(VLOOKUP($D$2,COLORES[],2,FALSE),0)))+E7) *(1-SUMPRODUCT( (DESC_PROV[LINEA]=$B$2)* (DESC_PROV[LISTA]=$C$2)* (DESC_PROV[DESCUENTO]) )), ((B7*(1+IFERROR(VLOOKUP($D$2,COLORES[],2,FALSE),0)))+E7) *(1-SUMPRODUCT( (DESC_PROV[LINEA]=$B$2)* (DESC_PROV[LISTA]=$C$2)* (DESC_PROV[DESCUENTO]) )) *(1+VLOOKUP($C$2,LISTAS[],2,FALSE)) *(1+0.1) ) /5,0)*5,0) -> 29040 | I7: =IFERROR( ROUND( IF($A$2="COSTO", ((B7*(1+IFERROR(VLOOKUP($D$2,COLORES[],2,FALSE),0)))+C7) *(1-SUMPRODUCT( (DESC_PROV[LINEA]=$B$2)* (DESC_PROV[LISTA]=$C$2)* (DESC_PROV[DESCUENTO]) )), ((B7*(1+IFERROR(VLOOKUP($D$2,COLORES[],2,FALSE),0)))+C7) *(1-SUMPRODUCT( (DESC_PROV[LINEA]=$B$2)* (DESC_PROV[LISTA]=$C$2)* (DESC_PROV[DESCUENTO]) )) *(1+VLOOKUP($C$2,LISTAS[],2,FALSE)) *(1+0.1) ) /5,0)*5,0) -> 33585 | J7: =IFERROR( ROUND( IF($A$2="COSTO", (D7*(1+IFERROR(VLOOKUP($D$2,COLORES[],2,FALSE),0))) *(1-SUMPRODUCT( (DESC_PROV[LINEA]=$B$2)* (DESC_PROV[LISTA]=$C$2)* (DESC_PROV[DESCUENTO]) )), (D7*(1+IFERROR(VLOOKUP($D$2,COLORES[],2,FALSE),0))) *(1-SUMPRODUCT( (DESC_PROV[LINEA]=$B$2)* (DESC_PROV[LISTA]=$C$2)* (DESC_PROV[DESCUENTO]) )) *(1+VLOOKUP($C$2,LISTAS[],2,FALSE)) *(1+0.1) ) /5,0)*5,0) -> 9720 | K7: =IFERROR( ROUND( IF($A$2="COSTO", ((B7*(1+IFERROR(VLOOKUP($D$2,COLORES[],2,FALSE),0)))+C7+E7) *(1-SUMPRODUCT( (DESC_PROV[LINEA]=$B$2)* (DESC_PROV[LISTA]=$C$2)* (DESC_PROV[DESCUENTO]) )), ((B7*(1+IFERROR(VLOOKUP($D$2,COLORES[],2,FALSE),0)))+C7+E7) *(1-SUMPRODUCT( (DESC_PROV[LINEA]=$B$2)* (DESC_PROV[LISTA]=$C$2)* (DESC_PROV[DESCUENTO]) )) *(1+VLOOKUP($C$2,LISTAS[],2,FALSE)) *(1+0.1) ) /5,0)*5,0) -> 36265
A8: 80x0,40 | B8: 30829 | C8: 6884 | D8: 10394 | E8: 3570 | G8: 80x0,40 | H8: =IFERROR( ROUND( IF($A$2="COSTO", ((B8*(1+IFERROR(VLOOKUP($D$2,COLORES[],2,FALSE),0)))+E8) *(1-SUMPRODUCT( (DESC_PROV[LINEA]=$B$2)* (DESC_PROV[LISTA]=$C$2)* (DESC_PROV[DESCUENTO]) )), ((B8*(1+IFERROR(VLOOKUP($D$2,COLORES[],2,FALSE),0)))+E8) *(1-SUMPRODUCT( (DESC_PROV[LINEA]=$B$2)* (DESC_PROV[LISTA]=$C$2)* (DESC_PROV[DESCUENTO]) )) *(1+VLOOKUP($C$2,LISTAS[],2,FALSE)) *(1+VLOOKUP($C$2,LISTAS[],3,FALSE)) ) /5,0)*5,0) -> 42660 | I8: =IFERROR( ROUND( IF($A$2="COSTO", ((B8*(1+IFERROR(VLOOKUP($D$2,COLORES[],2,FALSE),0))) + C8 + E8) *(1-SUMPRODUCT( (DESC_PROV[LINEA]=$B$2)* (DESC_PROV[LISTA]=$C$2)* (DESC_PROV[DESCUENTO]) )), ((B8*(1+IFERROR(VLOOKUP($D$2,COLORES[],2,FALSE),0))) + C8 + E8) *(1-SUMPRODUCT( (DESC_PROV[LINEA]=$B$2)* (DESC_PROV[LISTA]=$C$2)* (DESC_PROV[DESCUENTO]) )) *(1+VLOOKUP($C$2,LISTAS[],2,FALSE)) *(1+VLOOKUP($C$2,LISTAS[],3,FALSE)) ) /5,0)*5,0) -> 51200 | J8: =IFERROR( ROUND( IF($A$2="COSTO", (D8*(1+IFERROR(VLOOKUP($D$2,COLORES[],2,FALSE),0))) *(1-SUMPRODUCT( (DESC_PROV[LINEA]=$B$2)* (DESC_PROV[LISTA]=$C$2)* (DESC_PROV[DESCUENTO]) )), (D8*(1+IFERROR(VLOOKUP($D$2,COLORES[],2,FALSE),0))) *(1-SUMPRODUCT( (DESC_PROV[LINEA]=$B$2)* (DESC_PROV[LISTA]=$C$2)* (DESC_PROV[DESCUENTO]) )) *(1+VLOOKUP($C$2,LISTAS[],2,FALSE)) *(1+VLOOKUP($C$2,LISTAS[],4,FALSE)) ) /5,0)*5,0) -> 15865 | K8: =IFERROR( ROUND( IF($A$2="COSTO", (B8*(1+IFERROR(VLOOKUP($D$2,COLORES[],2,FALSE),0))+E8) *(1+VLOOKUP($C$2,LISTAS[],5,FALSE)) *(1-SUMPRODUCT( (DESC_PROV[LINEA]=$B$2)* (DESC_PROV[LISTA]=$C$2)* (DESC_PROV[DESCUENTO]) )), (B8*(1+IFERROR(VLOOKUP($D$2,COLORES[],2,FALSE),0))+E8) *(1-SUMPRODUCT( (DESC_PROV[LINEA]=$B$2)* (DESC_PROV[LISTA]=$C$2)* (DESC_PROV[DESCUENTO]) )) *(1+VLOOKUP($C$2,LISTAS[],5,FALSE)) *(1+VLOOKUP($C$2,LISTAS[],2,FALSE)) *(1+VLOOKUP($C$2,LISTAS[],3,FALSE)) ) /5,0)*5,0) -> 55460
A9: 100x0,40 | B9: 33195 | C9: 6884 | D9: 11917 | E9: 4590 | G9: 100x0,40 | H9: =IFERROR( ROUND( IF($A$2="COSTO", ((B9*(1+IFERROR(VLOOKUP($D$2,COLORES[],2,FALSE),0)))+E9) *(1-SUMPRODUCT( (DESC_PROV[LINEA]=$B$2)* (DESC_PROV[LISTA]=$C$2)* (DESC_PROV[DESCUENTO]) )), ((B9*(1+IFERROR(VLOOKUP($D$2,COLORES[],2,FALSE),0)))+E9) *(1-SUMPRODUCT( (DESC_PROV[LINEA]=$B$2)* (DESC_PROV[LISTA]=$C$2)* (DESC_PROV[DESCUENTO]) )) *(1+VLOOKUP($C$2,LISTAS[],2,FALSE)) *(1+VLOOKUP($C$2,LISTAS[],3,FALSE)) ) /5,0)*5,0) -> 46860 | I9: =IFERROR( ROUND( IF($A$2="COSTO", ((B9*(1+IFERROR(VLOOKUP($D$2,COLORES[],2,FALSE),0))) + C9 + E9) *(1-SUMPRODUCT( (DESC_PROV[LINEA]=$B$2)* (DESC_PROV[LISTA]=$C$2)* (DESC_PROV[DESCUENTO]) )), ((B9*(1+IFERROR(VLOOKUP($D$2,COLORES[],2,FALSE),0))) + C9 + E9) *(1-SUMPRODUCT( (DESC_PROV[LINEA]=$B$2)* (DESC_PROV[LISTA]=$C$2)* (DESC_PROV[DESCUENTO]) )) *(1+VLOOKUP($C$2,LISTAS[],2,FALSE)) *(1+VLOOKUP($C$2,LISTAS[],3,FALSE)) ) /5,0)*5,0) -> 55400 | J9: =IFERROR( ROUND( IF($A$2="COSTO", (D9*(1+IFERROR(VLOOKUP($D$2,COLORES[],2,FALSE),0))) *(1-SUMPRODUCT( (DESC_PROV[LINEA]=$B$2)* (DESC_PROV[LISTA]=$C$2)* (DESC_PROV[DESCUENTO]) )), (D9*(1+IFERROR(VLOOKUP($D$2,COLORES[],2,FALSE),0))) *(1-SUMPRODUCT( (DESC_PROV[LINEA]=$B$2)* (DESC_PROV[LISTA]=$C$2)* (DESC_PROV[DESCUENTO]) )) *(1+VLOOKUP($C$2,LISTAS[],2,FALSE)) *(1+VLOOKUP($C$2,LISTAS[],4,FALSE)) ) /5,0)*5,0) -> 18190 | K9: =IFERROR( ROUND( IF($A$2="COSTO", (B9*(1+IFERROR(VLOOKUP($D$2,COLORES[],2,FALSE),0))+E9) *(1+VLOOKUP($C$2,LISTAS[],5,FALSE)) *(1-SUMPRODUCT( (DESC_PROV[LINEA]=$B$2)* (DESC_PROV[LISTA]=$C$2)* (DESC_PROV[DESCUENTO]) )), (B9*(1+IFERROR(VLOOKUP($D$2,COLORES[],2,FALSE),0))+E9) *(1-SUMPRODUCT( (DESC_PROV[LINEA]=$B$2)* (DESC_PROV[LISTA]=$C$2)* (DESC_PROV[DESCUENTO]) )) *(1+VLOOKUP($C$2,LISTAS[],5,FALSE)) *(1+VLOOKUP($C$2,LISTAS[],2,FALSE)) *(1+VLOOKUP($C$2,LISTAS[],3,FALSE)) ) /5,0)*5,0) -> 60920
A10: 120x0,40 | B10: 36677 | C10: 6884 | D10: 13440 | E10: 5622 | G10: 120x0,40 | H10: =IFERROR( ROUND( IF($A$2="COSTO", ((B10*(1+IFERROR(VLOOKUP($D$2,COLORES[],2,FALSE),0)))+E10) *(1-SUMPRODUCT( (DESC_PROV[LINEA]=$B$2)* (DESC_PROV[LISTA]=$C$2)* (DESC_PROV[DESCUENTO]) )), ((B10*(1+IFERROR(VLOOKUP($D$2,COLORES[],2,FALSE),0)))+E10) *(1-SUMPRODUCT( (DESC_PROV[LINEA]=$B$2)* (DESC_PROV[LISTA]=$C$2)* (DESC_PROV[DESCUENTO]) )) *(1+VLOOKUP($C$2,LISTAS[],2,FALSE)) *(1+VLOOKUP($C$2,LISTAS[],3,FALSE)) ) /5,0)*5,0) -> 52460 | I10: =IFERROR( ROUND( IF($A$2="COSTO", ((B10*(1+IFERROR(VLOOKUP($D$2,COLORES[],2,FALSE),0))) + C10 + E10) *(1-SUMPRODUCT( (DESC_PROV[LINEA]=$B$2)* (DESC_PROV[LISTA]=$C$2)* (DESC_PROV[DESCUENTO]) )), ((B10*(1+IFERROR(VLOOKUP($D$2,COLORES[],2,FALSE),0))) + C10 + E10) *(1-SUMPRODUCT( (DESC_PROV[LINEA]=$B$2)* (DESC_PROV[LISTA]=$C$2)* (DESC_PROV[DESCUENTO]) )) *(1+VLOOKUP($C$2,LISTAS[],2,FALSE)) *(1+VLOOKUP($C$2,LISTAS[],3,FALSE)) ) /5,0)*5,0) -> 60995 | J10: =IFERROR( ROUND( IF($A$2="COSTO", (D10*(1+IFERROR(VLOOKUP($D$2,COLORES[],2,FALSE),0))) *(1-SUMPRODUCT( (DESC_PROV[LINEA]=$B$2)* (DESC_PROV[LISTA]=$C$2)* (DESC_PROV[DESCUENTO]) )), (D10*(1+IFERROR(VLOOKUP($D$2,COLORES[],2,FALSE),0))) *(1-SUMPRODUCT( (DESC_PROV[LINEA]=$B$2)* (DESC_PROV[LISTA]=$C$2)* (DESC_PROV[DESCUENTO]) )) *(1+VLOOKUP($C$2,LISTAS[],2,FALSE)) *(1+VLOOKUP($C$2,LISTAS[],4,FALSE)) ) /5,0)*5,0) -> 20515 | K10: =IFERROR( ROUND( IF($A$2="COSTO", (B10*(1+IFERROR(VLOOKUP($D$2,COLORES[],2,FALSE),0))+E10) *(1+VLOOKUP($C$2,LISTAS[],5,FALSE)) *(1-SUMPRODUCT( (DESC_PROV[LINEA]=$B$2)* (DESC_PROV[LISTA]=$C$2)* (DESC_PROV[DESCUENTO]) )), (B10*(1+IFERROR(VLOOKUP($D$2,COLORES[],2,FALSE),0))+E10) *(1-SUMPRODUCT( (DESC_PROV[LINEA]=$B$2)* (DESC_PROV[LISTA]=$C$2)* (DESC_PROV[DESCUENTO]) )) *(1+VLOOKUP($C$2,LISTAS[],5,FALSE)) *(1+VLOOKUP($C$2,LISTAS[],2,FALSE)) *(1+VLOOKUP($C$2,LISTAS[],3,FALSE)) ) /5,0)*5,0) -> 68195
A11: 150x0,40 | B11: 42456 | C11: 6884 | D11: 15725 | E11: 7140 | G11: 150x0,40 | H11: =IFERROR( ROUND( IF($A$2="COSTO", ((B11*(1+IFERROR(VLOOKUP($D$2,COLORES[],2,FALSE),0)))+E11) *(1-SUMPRODUCT( (DESC_PROV[LINEA]=$B$2)* (DESC_PROV[LISTA]=$C$2)* (DESC_PROV[DESCUENTO]) )), ((B11*(1+IFERROR(VLOOKUP($D$2,COLORES[],2,FALSE),0)))+E11) *(1-SUMPRODUCT( (DESC_PROV[LINEA]=$B$2)* (DESC_PROV[LISTA]=$C$2)* (DESC_PROV[DESCUENTO]) )) *(1+VLOOKUP($C$2,LISTAS[],2,FALSE)) *(1+VLOOKUP($C$2,LISTAS[],3,FALSE)) ) /5,0)*5,0) -> 61510 | I11: =IFERROR( ROUND( IF($A$2="COSTO", ((B11*(1+IFERROR(VLOOKUP($D$2,COLORES[],2,FALSE),0))) + C11 + E11) *(1-SUMPRODUCT( (DESC_PROV[LINEA]=$B$2)* (DESC_PROV[LISTA]=$C$2)* (DESC_PROV[DESCUENTO]) )), ((B11*(1+IFERROR(VLOOKUP($D$2,COLORES[],2,FALSE),0))) + C11 + E11) *(1-SUMPRODUCT( (DESC_PROV[LINEA]=$B$2)* (DESC_PROV[LISTA]=$C$2)* (DESC_PROV[DESCUENTO]) )) *(1+VLOOKUP($C$2,LISTAS[],2,FALSE)) *(1+VLOOKUP($C$2,LISTAS[],3,FALSE)) ) /5,0)*5,0) -> 70045 | J11: =IFERROR( ROUND( IF($A$2="COSTO", (D11*(1+IFERROR(VLOOKUP($D$2,COLORES[],2,FALSE),0))) *(1-SUMPRODUCT( (DESC_PROV[LINEA]=$B$2)* (DESC_PROV[LISTA]=$C$2)* (DESC_PROV[DESCUENTO]) )), (D11*(1+IFERROR(VLOOKUP($D$2,COLORES[],2,FALSE),0))) *(1-SUMPRODUCT( (DESC_PROV[LINEA]=$B$2)* (DESC_PROV[LISTA]=$C$2)* (DESC_PROV[DESCUENTO]) )) *(1+VLOOKUP($C$2,LISTAS[],2,FALSE)) *(1+VLOOKUP($C$2,LISTAS[],4,FALSE)) ) /5,0)*5,0) -> 24005 | K11: =IFERROR( ROUND( IF($A$2="COSTO", (B11*(1+IFERROR(VLOOKUP($D$2,COLORES[],2,FALSE),0))+E11) *(1+VLOOKUP($C$2,LISTAS[],5,FALSE)) *(1-SUMPRODUCT( (DESC_PROV[LINEA]=$B$2)* (DESC_PROV[LISTA]=$C$2)* (DESC_PROV[DESCUENTO]) )), (B11*(1+IFERROR(VLOOKUP($D$2,COLORES[],2,FALSE),0))+E11) *(1-SUMPRODUCT( (DESC_PROV[LINEA]=$B$2)* (DESC_PROV[LISTA]=$C$2)* (DESC_PROV[DESCUENTO]) )) *(1+VLOOKUP($C$2,LISTAS[],5,FALSE)) *(1+VLOOKUP($C$2,LISTAS[],2,FALSE)) *(1+VLOOKUP($C$2,LISTAS[],3,FALSE)) ) /5,0)*5,0) -> 79960
A12: 180x0,40 | B12: 47121 | C12: 6884 | D12: 18010 | E12: 8676 | G12: 180x0,40 | H12: =IFERROR( ROUND( IF($A$2="COSTO", ((B12*(1+IFERROR(VLOOKUP($D$2,COLORES[],2,FALSE),0)))+E12) *(1-SUMPRODUCT( (DESC_PROV[LINEA]=$B$2)* (DESC_PROV[LISTA]=$C$2)* (DESC_PROV[DESCUENTO]) )), ((B12*(1+IFERROR(VLOOKUP($D$2,COLORES[],2,FALSE),0)))+E12) *(1-SUMPRODUCT( (DESC_PROV[LINEA]=$B$2)* (DESC_PROV[LISTA]=$C$2)* (DESC_PROV[DESCUENTO]) )) *(1+VLOOKUP($C$2,LISTAS[],2,FALSE)) *(1+VLOOKUP($C$2,LISTAS[],3,FALSE)) ) /5,0)*5,0) -> 69200 | I12: =IFERROR( ROUND( IF($A$2="COSTO", ((B12*(1+IFERROR(VLOOKUP($D$2,COLORES[],2,FALSE),0))) + C12 + E12) *(1-SUMPRODUCT( (DESC_PROV[LINEA]=$B$2)* (DESC_PROV[LISTA]=$C$2)* (DESC_PROV[DESCUENTO]) )), ((B12*(1+IFERROR(VLOOKUP($D$2,COLORES[],2,FALSE),0))) + C12 + E12) *(1-SUMPRODUCT( (DESC_PROV[LINEA]=$B$2)* (DESC_PROV[LISTA]=$C$2)* (DESC_PROV[DESCUENTO]) )) *(1+VLOOKUP($C$2,LISTAS[],2,FALSE)) *(1+VLOOKUP($C$2,LISTAS[],3,FALSE)) ) /5,0)*5,0) -> 77735 | J12: =IFERROR( ROUND( IF($A$2="COSTO", (D12*(1+IFERROR(VLOOKUP($D$2,COLORES[],2,FALSE),0))) *(1-SUMPRODUCT( (DESC_PROV[LINEA]=$B$2)* (DESC_PROV[LISTA]=$C$2)* (DESC_PROV[DESCUENTO]) )), (D12*(1+IFERROR(VLOOKUP($D$2,COLORES[],2,FALSE),0))) *(1-SUMPRODUCT( (DESC_PROV[LINEA]=$B$2)* (DESC_PROV[LISTA]=$C$2)* (DESC_PROV[DESCUENTO]) )) *(1+VLOOKUP($C$2,LISTAS[],2,FALSE)) *(1+VLOOKUP($C$2,LISTAS[],4,FALSE)) ) /5,0)*5,0) -> 27490 | K12: =IFERROR( ROUND( IF($A$2="COSTO", (B12*(1+IFERROR(VLOOKUP($D$2,COLORES[],2,FALSE),0))+E12) *(1+VLOOKUP($C$2,LISTAS[],5,FALSE)) *(1-SUMPRODUCT( (DESC_PROV[LINEA]=$B$2)* (DESC_PROV[LISTA]=$C$2)* (DESC_PROV[DESCUENTO]) )), (B12*(1+IFERROR(VLOOKUP($D$2,COLORES[],2,FALSE),0))+E12) *(1-SUMPRODUCT( (DESC_PROV[LINEA]=$B$2)* (DESC_PROV[LISTA]=$C$2)* (DESC_PROV[DESCUENTO]) )) *(1+VLOOKUP($C$2,LISTAS[],5,FALSE)) *(1+VLOOKUP($C$2,LISTAS[],2,FALSE)) *(1+VLOOKUP($C$2,LISTAS[],3,FALSE)) ) /5,0)*5,0) -> 89960
A13: 200x0,40 | B13: 52273 | C13: 6884 | D13: 19533 | E13: 9696 | G13: 200x0,40 | H13: =IFERROR( ROUND( IF($A$2="COSTO", ((B13*(1+IFERROR(VLOOKUP($D$2,COLORES[],2,FALSE),0)))+E13) *(1-SUMPRODUCT( (DESC_PROV[LINEA]=$B$2)* (DESC_PROV[LISTA]=$C$2)* (DESC_PROV[DESCUENTO]) )), ((B13*(1+IFERROR(VLOOKUP($D$2,COLORES[],2,FALSE),0)))+E13) *(1-SUMPRODUCT( (DESC_PROV[LINEA]=$B$2)* (DESC_PROV[LISTA]=$C$2)* (DESC_PROV[DESCUENTO]) )) *(1+VLOOKUP($C$2,LISTAS[],2,FALSE)) *(1+VLOOKUP($C$2,LISTAS[],3,FALSE)) ) /5,0)*5,0) -> 76855 | I13: =IFERROR( ROUND( IF($A$2="COSTO", ((B13*(1+IFERROR(VLOOKUP($D$2,COLORES[],2,FALSE),0))) + C13 + E13) *(1-SUMPRODUCT( (DESC_PROV[LINEA]=$B$2)* (DESC_PROV[LISTA]=$C$2)* (DESC_PROV[DESCUENTO]) )), ((B13*(1+IFERROR(VLOOKUP($D$2,COLORES[],2,FALSE),0))) + C13 + E13) *(1-SUMPRODUCT( (DESC_PROV[LINEA]=$B$2)* (DESC_PROV[LISTA]=$C$2)* (DESC_PROV[DESCUENTO]) )) *(1+VLOOKUP($C$2,LISTAS[],2,FALSE)) *(1+VLOOKUP($C$2,LISTAS[],3,FALSE)) ) /5,0)*5,0) -> 85390 | J13: =IFERROR( ROUND( IF($A$2="COSTO", (D13*(1+IFERROR(VLOOKUP($D$2,COLORES[],2,FALSE),0))) *(1-SUMPRODUCT( (DESC_PROV[LINEA]=$B$2)* (DESC_PROV[LISTA]=$C$2)* (DESC_PROV[DESCUENTO]) )), (D13*(1+IFERROR(VLOOKUP($D$2,COLORES[],2,FALSE),0))) *(1-SUMPRODUCT( (DESC_PROV[LINEA]=$B$2)* (DESC_PROV[LISTA]=$C$2)* (DESC_PROV[DESCUENTO]) )) *(1+VLOOKUP($C$2,LISTAS[],2,FALSE)) *(1+VLOOKUP($C$2,LISTAS[],4,FALSE)) ) /5,0)*5,0) -> 29815 | K13: =IFERROR( ROUND( IF($A$2="COSTO", (B13*(1+IFERROR(VLOOKUP($D$2,COLORES[],2,FALSE),0))+E13) *(1+VLOOKUP($C$2,LISTAS[],5,FALSE)) *(1-SUMPRODUCT( (DESC_PROV[LINEA]=$B$2)* (DESC_PROV[LISTA]=$C$2)* (DESC_PROV[DESCUENTO]) )), (B13*(1+IFERROR(VLOOKUP($D$2,COLORES[],2,FALSE),0))+E13) *(1-SUMPRODUCT( (DESC_PROV[LINEA]=$B$2)* (DESC_PROV[LISTA]=$C$2)* (DESC_PROV[DESCUENTO]) )) *(1+VLOOKUP($C$2,LISTAS[],5,FALSE)) *(1+VLOOKUP($C$2,LISTAS[],2,FALSE)) *(1+VLOOKUP($C$2,LISTAS[],3,FALSE)) ) /5,0)*5,0) -> 99910
A14: 60x0,60 | B14: 29942 | C14: 10325 | D14: 11693 | E14: 4254 | G14: 60x0,60 | H14: =IFERROR( ROUND( IF($A$2="COSTO", ((B14*(1+IFERROR(VLOOKUP($D$2,COLORES[],2,FALSE),0)))+E14) *(1-SUMPRODUCT( (DESC_PROV[LINEA]=$B$2)* (DESC_PROV[LISTA]=$C$2)* (DESC_PROV[DESCUENTO]) )), ((B14*(1+IFERROR(VLOOKUP($D$2,COLORES[],2,FALSE),0)))+E14) *(1-SUMPRODUCT( (DESC_PROV[LINEA]=$B$2)* (DESC_PROV[LISTA]=$C$2)* (DESC_PROV[DESCUENTO]) )) *(1+VLOOKUP($C$2,LISTAS[],2,FALSE)) *(1+VLOOKUP($C$2,LISTAS[],3,FALSE)) ) /5,0)*5,0) -> 42410 | I14: =IFERROR( ROUND( IF($A$2="COSTO", ((B14*(1+IFERROR(VLOOKUP($D$2,COLORES[],2,FALSE),0))) + C14 + E14) *(1-SUMPRODUCT( (DESC_PROV[LINEA]=$B$2)* (DESC_PROV[LISTA]=$C$2)* (DESC_PROV[DESCUENTO]) )), ((B14*(1+IFERROR(VLOOKUP($D$2,COLORES[],2,FALSE),0))) + C14 + E14) *(1-SUMPRODUCT( (DESC_PROV[LINEA]=$B$2)* (DESC_PROV[LISTA]=$C$2)* (DESC_PROV[DESCUENTO]) )) *(1+VLOOKUP($C$2,LISTAS[],2,FALSE)) *(1+VLOOKUP($C$2,LISTAS[],3,FALSE)) ) /5,0)*5,0) -> 55215 | J14: =IFERROR( ROUND( IF($A$2="COSTO", (D14*(1+IFERROR(VLOOKUP($D$2,COLORES[],2,FALSE),0))) *(1-SUMPRODUCT( (DESC_PROV[LINEA]=$B$2)* (DESC_PROV[LISTA]=$C$2)* (DESC_PROV[DESCUENTO]) )), (D14*(1+IFERROR(VLOOKUP($D$2,COLORES[],2,FALSE),0))) *(1-SUMPRODUCT( (DESC_PROV[LINEA]=$B$2)* (DESC_PROV[LISTA]=$C$2)* (DESC_PROV[DESCUENTO]) )) *(1+VLOOKUP($C$2,LISTAS[],2,FALSE)) *(1+VLOOKUP($C$2,LISTAS[],4,FALSE)) ) /5,0)*5,0) -> 17850 | K14: =IFERROR( ROUND( IF($A$2="COSTO", (B14*(1+IFERROR(VLOOKUP($D$2,COLORES[],2,FALSE),0))+E14) *(1+VLOOKUP($C$2,LISTAS[],5,FALSE)) *(1-SUMPRODUCT( (DESC_PROV[LINEA]=$B$2)* (DESC_PROV[LISTA]=$C$2)* (DESC_PROV[DESCUENTO]) )), (B14*(1+IFERROR(VLOOKUP($D$2,COLORES[],2,FALSE),0))+E14) *(1-SUMPRODUCT( (DESC_PROV[LINEA]=$B$2)* (DESC_PROV[LISTA]=$C$2)* (DESC_PROV[DESCUENTO]) )) *(1+VLOOKUP($C$2,LISTAS[],5,FALSE)) *(1+VLOOKUP($C$2,LISTAS[],2,FALSE)) *(1+VLOOKUP($C$2,LISTAS[],3,FALSE)) ) /5,0)*5,0) -> 55135
A15: 80x0,60 | B15: 36210 | C15: 10325 | D15: 13440 | E15: 5952 | G15: 80x0,60 | H15: =IFERROR( ROUND( IF($A$2="COSTO", ((B15*(1+IFERROR(VLOOKUP($D$2,COLORES[],2,FALSE),0)))+E15) *(1-SUMPRODUCT( (DESC_PROV[LINEA]=$B$2)* (DESC_PROV[LISTA]=$C$2)* (DESC_PROV[DESCUENTO]) )), ((B15*(1+IFERROR(VLOOKUP($D$2,COLORES[],2,FALSE),0)))+E15) *(1-SUMPRODUCT( (DESC_PROV[LINEA]=$B$2)* (DESC_PROV[LISTA]=$C$2)* (DESC_PROV[DESCUENTO]) )) *(1+VLOOKUP($C$2,LISTAS[],2,FALSE)) *(1+VLOOKUP($C$2,LISTAS[],3,FALSE)) ) /5,0)*5,0) -> 52290 | I15: =IFERROR( ROUND( IF($A$2="COSTO", ((B15*(1+IFERROR(VLOOKUP($D$2,COLORES[],2,FALSE),0))) + C15 + E15) *(1-SUMPRODUCT( (DESC_PROV[LINEA]=$B$2)* (DESC_PROV[LISTA]=$C$2)* (DESC_PROV[DESCUENTO]) )), ((B15*(1+IFERROR(VLOOKUP($D$2,COLORES[],2,FALSE),0))) + C15 + E15) *(1-SUMPRODUCT( (DESC_PROV[LINEA]=$B$2)* (DESC_PROV[LISTA]=$C$2)* (DESC_PROV[DESCUENTO]) )) *(1+VLOOKUP($C$2,LISTAS[],2,FALSE)) *(1+VLOOKUP($C$2,LISTAS[],3,FALSE)) ) /5,0)*5,0) -> 65095 | J15: =IFERROR( ROUND( IF($A$2="COSTO", (D15*(1+IFERROR(VLOOKUP($D$2,COLORES[],2,FALSE),0))) *(1-SUMPRODUCT( (DESC_PROV[LINEA]=$B$2)* (DESC_PROV[LISTA]=$C$2)* (DESC_PROV[DESCUENTO]) )), (D15*(1+IFERROR(VLOOKUP($D$2,COLORES[],2,FALSE),0))) *(1-SUMPRODUCT( (DESC_PROV[LINEA]=$B$2)* (DESC_PROV[LISTA]=$C$2)* (DESC_PROV[DESCUENTO]) )) *(1+VLOOKUP($C$2,LISTAS[],2,FALSE)) *(1+VLOOKUP($C$2,LISTAS[],4,FALSE)) ) /5,0)*5,0) -> 20515 | K15: =IFERROR( ROUND( IF($A$2="COSTO", (B15*(1+IFERROR(VLOOKUP($D$2,COLORES[],2,FALSE),0))+E15) *(1+VLOOKUP($C$2,LISTAS[],5,FALSE)) *(1-SUMPRODUCT( (DESC_PROV[LINEA]=$B$2)* (DESC_PROV[LISTA]=$C$2)* (DESC_PROV[DESCUENTO]) )), (B15*(1+IFERROR(VLOOKUP($D$2,COLORES[],2,FALSE),0))+E15) *(1-SUMPRODUCT( (DESC_PROV[LINEA]=$B$2)* (DESC_PROV[LISTA]=$C$2)* (DESC_PROV[DESCUENTO]) )) *(1+VLOOKUP($C$2,LISTAS[],5,FALSE)) *(1+VLOOKUP($C$2,LISTAS[],2,FALSE)) *(1+VLOOKUP($C$2,LISTAS[],3,FALSE)) ) /5,0)*5,0) -> 67975
A16: 100x0,60 | B16: 39270 | C16: 10325 | D16: 15187 | E16: 7656 | G16: 100x0,60 | H16: =IFERROR( ROUND( IF($A$2="COSTO", ((B16*(1+IFERROR(VLOOKUP($D$2,COLORES[],2,FALSE),0)))+E16) *(1-SUMPRODUCT( (DESC_PROV[LINEA]=$B$2)* (DESC_PROV[LISTA]=$C$2)* (DESC_PROV[DESCUENTO]) )), ((B16*(1+IFERROR(VLOOKUP($D$2,COLORES[],2,FALSE),0)))+E16) *(1-SUMPRODUCT( (DESC_PROV[LINEA]=$B$2)* (DESC_PROV[LISTA]=$C$2)* (DESC_PROV[DESCUENTO]) )) *(1+VLOOKUP($C$2,LISTAS[],2,FALSE)) *(1+VLOOKUP($C$2,LISTAS[],3,FALSE)) ) /5,0)*5,0) -> 58200 | I16: =IFERROR( ROUND( IF($A$2="COSTO", ((B16*(1+IFERROR(VLOOKUP($D$2,COLORES[],2,FALSE),0))) + C16 + E16) *(1-SUMPRODUCT( (DESC_PROV[LINEA]=$B$2)* (DESC_PROV[LISTA]=$C$2)* (DESC_PROV[DESCUENTO]) )), ((B16*(1+IFERROR(VLOOKUP($D$2,COLORES[],2,FALSE),0))) + C16 + E16) *(1-SUMPRODUCT( (DESC_PROV[LINEA]=$B$2)* (DESC_PROV[LISTA]=$C$2)* (DESC_PROV[DESCUENTO]) )) *(1+VLOOKUP($C$2,LISTAS[],2,FALSE)) *(1+VLOOKUP($C$2,LISTAS[],3,FALSE)) ) /5,0)*5,0) -> 71005 | J16: =IFERROR( ROUND( IF($A$2="COSTO", (D16*(1+IFERROR(VLOOKUP($D$2,COLORES[],2,FALSE),0))) *(1-SUMPRODUCT( (DESC_PROV[LINEA]=$B$2)* (DESC_PROV[LISTA]=$C$2)* (DESC_PROV[DESCUENTO]) )), (D16*(1+IFERROR(VLOOKUP($D$2,COLORES[],2,FALSE),0))) *(1-SUMPRODUCT( (DESC_PROV[LINEA]=$B$2)* (DESC_PROV[LISTA]=$C$2)* (DESC_PROV[DESCUENTO]) )) *(1+VLOOKUP($C$2,LISTAS[],2,FALSE)) *(1+VLOOKUP($C$2,LISTAS[],4,FALSE)) ) /5,0)*5,0) -> 23180 | K16: =IFERROR( ROUND( IF($A$2="COSTO", (B16*(1+IFERROR(VLOOKUP($D$2,COLORES[],2,FALSE),0))+E16) *(1+VLOOKUP($C$2,LISTAS[],5,FALSE)) *(1-SUMPRODUCT( (DESC_PROV[LINEA]=$B$2)* (DESC_PROV[LISTA]=$C$2)* (DESC_PROV[DESCUENTO]) )), (B16*(1+IFERROR(VLOOKUP($D$2,COLORES[],2,FALSE),0))+E16) *(1-SUMPRODUCT( (DESC_PROV[LINEA]=$B$2)* (DESC_PROV[LISTA]=$C$2)* (DESC_PROV[DESCUENTO]) )) *(1+VLOOKUP($C$2,LISTAS[],5,FALSE)) *(1+VLOOKUP($C$2,LISTAS[],2,FALSE)) *(1+VLOOKUP($C$2,LISTAS[],3,FALSE)) ) /5,0)*5,0) -> 75655
A17: 120x0,60 | B17: 42616 | C17: 10325 | D17: 16934 | E17: 9354 | G17: 120x0,60 | H17: =IFERROR( ROUND( IF($A$2="COSTO", ((B17*(1+IFERROR(VLOOKUP($D$2,COLORES[],2,FALSE),0)))+E17) *(1-SUMPRODUCT( (DESC_PROV[LINEA]=$B$2)* (DESC_PROV[LISTA]=$C$2)* (DESC_PROV[DESCUENTO]) )), ((B17*(1+IFERROR(VLOOKUP($D$2,COLORES[],2,FALSE),0)))+E17) *(1-SUMPRODUCT( (DESC_PROV[LINEA]=$B$2)* (DESC_PROV[LISTA]=$C$2)* (DESC_PROV[DESCUENTO]) )) *(1+VLOOKUP($C$2,LISTAS[],2,FALSE)) *(1+VLOOKUP($C$2,LISTAS[],3,FALSE)) ) /5,0)*5,0) -> 64455 | I17: =IFERROR( ROUND( IF($A$2="COSTO", ((B17*(1+IFERROR(VLOOKUP($D$2,COLORES[],2,FALSE),0))) + C17 + E17) *(1-SUMPRODUCT( (DESC_PROV[LINEA]=$B$2)* (DESC_PROV[LISTA]=$C$2)* (DESC_PROV[DESCUENTO]) )), ((B17*(1+IFERROR(VLOOKUP($D$2,COLORES[],2,FALSE),0))) + C17 + E17) *(1-SUMPRODUCT( (DESC_PROV[LINEA]=$B$2)* (DESC_PROV[LISTA]=$C$2)* (DESC_PROV[DESCUENTO]) )) *(1+VLOOKUP($C$2,LISTAS[],2,FALSE)) *(1+VLOOKUP($C$2,LISTAS[],3,FALSE)) ) /5,0)*5,0) -> 77260 | J17: =IFERROR( ROUND( IF($A$2="COSTO", (D17*(1+IFERROR(VLOOKUP($D$2,COLORES[],2,FALSE),0))) *(1-SUMPRODUCT( (DESC_PROV[LINEA]=$B$2)* (DESC_PROV[LISTA]=$C$2)* (DESC_PROV[DESCUENTO]) )), (D17*(1+IFERROR(VLOOKUP($D$2,COLORES[],2,FALSE),0))) *(1-SUMPRODUCT( (DESC_PROV[LINEA]=$B$2)* (DESC_PROV[LISTA]=$C$2)* (DESC_PROV[DESCUENTO]) )) *(1+VLOOKUP($C$2,LISTAS[],2,FALSE)) *(1+VLOOKUP($C$2,LISTAS[],4,FALSE)) ) /5,0)*5,0) -> 25850 | K17: =IFERROR( ROUND( IF($A$2="COSTO", (B17*(1+IFERROR(VLOOKUP($D$2,COLORES[],2,FALSE),0))+E17) *(1+VLOOKUP($C$2,LISTAS[],5,FALSE)) *(1-SUMPRODUCT( (DESC_PROV[LINEA]=$B$2)* (DESC_PROV[LISTA]=$C$2)* (DESC_PROV[DESCUENTO]) )), (B17*(1+IFERROR(VLOOKUP($D$2,COLORES[],2,FALSE),0))+E17) *(1-SUMPRODUCT( (DESC_PROV[LINEA]=$B$2)* (DESC_PROV[LISTA]=$C$2)* (DESC_PROV[DESCUENTO]) )) *(1+VLOOKUP($C$2,LISTAS[],5,FALSE)) *(1+VLOOKUP($C$2,LISTAS[],2,FALSE)) *(1+VLOOKUP($C$2,LISTAS[],3,FALSE)) ) /5,0)*5,0) -> 83790
A18: 150x0,60 | B18: 48395 | C18: 10325 | D18: 19555 | E18: 11910 | G18: 150x0,60 | H18: =IFERROR( ROUND( IF($A$2="COSTO", ((B18*(1+IFERROR(VLOOKUP($D$2,COLORES[],2,FALSE),0)))+E18) *(1-SUMPRODUCT( (DESC_PROV[LINEA]=$B$2)* (DESC_PROV[LISTA]=$C$2)* (DESC_PROV[DESCUENTO]) )), ((B18*(1+IFERROR(VLOOKUP($D$2,COLORES[],2,FALSE),0)))+E18) *(1-SUMPRODUCT( (DESC_PROV[LINEA]=$B$2)* (DESC_PROV[LISTA]=$C$2)* (DESC_PROV[DESCUENTO]) )) *(1+VLOOKUP($C$2,LISTAS[],2,FALSE)) *(1+VLOOKUP($C$2,LISTAS[],3,FALSE)) ) /5,0)*5,0) -> 74790 | I18: =IFERROR( ROUND( IF($A$2="COSTO", ((B18*(1+IFERROR(VLOOKUP($D$2,COLORES[],2,FALSE),0))) + C18 + E18) *(1-SUMPRODUCT( (DESC_PROV[LINEA]=$B$2)* (DESC_PROV[LISTA]=$C$2)* (DESC_PROV[DESCUENTO]) )), ((B18*(1+IFERROR(VLOOKUP($D$2,COLORES[],2,FALSE),0))) + C18 + E18) *(1-SUMPRODUCT( (DESC_PROV[LINEA]=$B$2)* (DESC_PROV[LISTA]=$C$2)* (DESC_PROV[DESCUENTO]) )) *(1+VLOOKUP($C$2,LISTAS[],2,FALSE)) *(1+VLOOKUP($C$2,LISTAS[],3,FALSE)) ) /5,0)*5,0) -> 87595 | J18: =IFERROR( ROUND( IF($A$2="COSTO", (D18*(1+IFERROR(VLOOKUP($D$2,COLORES[],2,FALSE),0))) *(1-SUMPRODUCT( (DESC_PROV[LINEA]=$B$2)* (DESC_PROV[LISTA]=$C$2)* (DESC_PROV[DESCUENTO]) )), (D18*(1+IFERROR(VLOOKUP($D$2,COLORES[],2,FALSE),0))) *(1-SUMPRODUCT( (DESC_PROV[LINEA]=$B$2)* (DESC_PROV[LISTA]=$C$2)* (DESC_PROV[DESCUENTO]) )) *(1+VLOOKUP($C$2,LISTAS[],2,FALSE)) *(1+VLOOKUP($C$2,LISTAS[],4,FALSE)) ) /5,0)*5,0) -> 29850 | K18: =IFERROR( ROUND( IF($A$2="COSTO", (B18*(1+IFERROR(VLOOKUP($D$2,COLORES[],2,FALSE),0))+E18) *(1+VLOOKUP($C$2,LISTAS[],5,FALSE)) *(1-SUMPRODUCT( (DESC_PROV[LINEA]=$B$2)* (DESC_PROV[LISTA]=$C$2)* (DESC_PROV[DESCUENTO]) )), (B18*(1+IFERROR(VLOOKUP($D$2,COLORES[],2,FALSE),0))+E18) *(1-SUMPRODUCT( (DESC_PROV[LINEA]=$B$2)* (DESC_PROV[LISTA]=$C$2)* (DESC_PROV[DESCUENTO]) )) *(1+VLOOKUP($C$2,LISTAS[],5,FALSE)) *(1+VLOOKUP($C$2,LISTAS[],2,FALSE)) *(1+VLOOKUP($C$2,LISTAS[],3,FALSE)) ) /5,0)*5,0) -> 97225
A19: 180x0,60 | B19: 53060 | C19: 10325 | D19: 22176 | E19: 14460 | G19: 180x0,60 | H19: =IFERROR( ROUND( IF($A$2="COSTO", ((B19*(1+IFERROR(VLOOKUP($D$2,COLORES[],2,FALSE),0)))+E19) *(1-SUMPRODUCT( (DESC_PROV[LINEA]=$B$2)* (DESC_PROV[LISTA]=$C$2)* (DESC_PROV[DESCUENTO]) )), ((B19*(1+IFERROR(VLOOKUP($D$2,COLORES[],2,FALSE),0)))+E19) *(1-SUMPRODUCT( (DESC_PROV[LINEA]=$B$2)* (DESC_PROV[LISTA]=$C$2)* (DESC_PROV[DESCUENTO]) )) *(1+VLOOKUP($C$2,LISTAS[],2,FALSE)) *(1+VLOOKUP($C$2,LISTAS[],3,FALSE)) ) /5,0)*5,0) -> 83740 | I19: =IFERROR( ROUND( IF($A$2="COSTO", ((B19*(1+IFERROR(VLOOKUP($D$2,COLORES[],2,FALSE),0))) + C19 + E19) *(1-SUMPRODUCT( (DESC_PROV[LINEA]=$B$2)* (DESC_PROV[LISTA]=$C$2)* (DESC_PROV[DESCUENTO]) )), ((B19*(1+IFERROR(VLOOKUP($D$2,COLORES[],2,FALSE),0))) + C19 + E19) *(1-SUMPRODUCT( (DESC_PROV[LINEA]=$B$2)* (DESC_PROV[LISTA]=$C$2)* (DESC_PROV[DESCUENTO]) )) *(1+VLOOKUP($C$2,LISTAS[],2,FALSE)) *(1+VLOOKUP($C$2,LISTAS[],3,FALSE)) ) /5,0)*5,0) -> 96545 | J19: =IFERROR( ROUND( IF($A$2="COSTO", (D19*(1+IFERROR(VLOOKUP($D$2,COLORES[],2,FALSE),0))) *(1-SUMPRODUCT( (DESC_PROV[LINEA]=$B$2)* (DESC_PROV[LISTA]=$C$2)* (DESC_PROV[DESCUENTO]) )), (D19*(1+IFERROR(VLOOKUP($D$2,COLORES[],2,FALSE),0))) *(1-SUMPRODUCT( (DESC_PROV[LINEA]=$B$2)* (DESC_PROV[LISTA]=$C$2)* (DESC_PROV[DESCUENTO]) )) *(1+VLOOKUP($C$2,LISTAS[],2,FALSE)) *(1+VLOOKUP($C$2,LISTAS[],4,FALSE)) ) /5,0)*5,0) -> 33850 | K19: =IFERROR( ROUND( IF($A$2="COSTO", (B19*(1+IFERROR(VLOOKUP($D$2,COLORES[],2,FALSE),0))+E19) *(1+VLOOKUP($C$2,LISTAS[],5,FALSE)) *(1-SUMPRODUCT( (DESC_PROV[LINEA]=$B$2)* (DESC_PROV[LISTA]=$C$2)* (DESC_PROV[DESCUENTO]) )), (B19*(1+IFERROR(VLOOKUP($D$2,COLORES[],2,FALSE),0))+E19) *(1-SUMPRODUCT( (DESC_PROV[LINEA]=$B$2)* (DESC_PROV[LISTA]=$C$2)* (DESC_PROV[DESCUENTO]) )) *(1+VLOOKUP($C$2,LISTAS[],5,FALSE)) *(1+VLOOKUP($C$2,LISTAS[],2,FALSE)) *(1+VLOOKUP($C$2,LISTAS[],3,FALSE)) ) /5,0)*5,0) -> 108860
... A59: 240x200 | B59: 127846 | C59: 34418 | D59: 61286 | E59: 78246 | G59: 240x200 | H59: =IFERROR( ROUND( IF($A$2="COSTO", ((B59*(1+IFERROR(VLOOKUP($D$2,COLORES[],2,FALSE),0)))+E59) *(1-SUMPRODUCT( (DESC_PROV[LINEA]=$B$2)* (DESC_PROV[LISTA]=$C$2)* (DESC_PROV[DESCUENTO]) )), ((B59*(1+IFERROR(VLOOKUP($D$2,COLORES[],2,FALSE),0)))+E59) *(1-SUMPRODUCT( (DESC_PROV[LINEA]=$B$2)* (DESC_PROV[LISTA]=$C$2)* (DESC_PROV[DESCUENTO]) )) *(1+VLOOKUP($C$2,LISTAS[],2,FALSE)) *(1+VLOOKUP($C$2,LISTAS[],3,FALSE)) ) /5,0)*5,0) -> 255595 | I59: =IFERROR( ROUND( IF($A$2="COSTO", ((B59*(1+IFERROR(VLOOKUP($D$2,COLORES[],2,FALSE),0))) + C59 + E59) *(1-SUMPRODUCT( (DESC_PROV[LINEA]=$B$2)* (DESC_PROV[LISTA]=$C$2)* (DESC_PROV[DESCUENTO]) )), ((B59*(1+IFERROR(VLOOKUP($D$2,COLORES[],2,FALSE),0))) + C59 + E59) *(1-SUMPRODUCT( (DESC_PROV[LINEA]=$B$2)* (DESC_PROV[LISTA]=$C$2)* (DESC_PROV[DESCUENTO]) )) *(1+VLOOKUP($C$2,LISTAS[],2,FALSE)) *(1+VLOOKUP($C$2,LISTAS[],3,FALSE)) ) /5,0)*5,0) -> 298280 | J59: =IFERROR( ROUND( IF($A$2="COSTO", (D59*(1+IFERROR(VLOOKUP($D$2,COLORES[],2,FALSE),0))) *(1-SUMPRODUCT( (DESC_PROV[LINEA]=$B$2)* (DESC_PROV[LISTA]=$C$2)* (DESC_PROV[DESCUENTO]) )), (D59*(1+IFERROR(VLOOKUP($D$2,COLORES[],2,FALSE),0))) *(1-SUMPRODUCT( (DESC_PROV[LINEA]=$B$2)* (DESC_PROV[LISTA]=$C$2)* (DESC_PROV[DESCUENTO]) )) *(1+VLOOKUP($C$2,LISTAS[],2,FALSE)) *(1+VLOOKUP($C$2,LISTAS[],4,FALSE)) ) /5,0)*5,0) -> 93545 | K59: =IFERROR( ROUND( IF($A$2="COSTO", (B59*(1+IFERROR(VLOOKUP($D$2,COLORES[],2,FALSE),0))+E59) *(1+VLOOKUP($C$2,LISTAS[],5,FALSE)) *(1-SUMPRODUCT( (DESC_PROV[LINEA]=$B$2)* (DESC_PROV[LISTA]=$C$2)* (DESC_PROV[DESCUENTO]) )), (B59*(1+IFERROR(VLOOKUP($D$2,COLORES[],2,FALSE),0))+E59) *(1-SUMPRODUCT( (DESC_PROV[LINEA]=$B$2)* (DESC_PROV[LISTA]=$C$2)* (DESC_PROV[DESCUENTO]) )) *(1+VLOOKUP($C$2,LISTAS[],5,FALSE)) *(1+VLOOKUP($C$2,LISTAS[],2,FALSE)) *(1+VLOOKUP($C$2,LISTAS[],3,FALSE)) ) /5,0)*5,0) -> 332275
A60: 240x205 | B60: =B59*(1+5%) -> 134238.3 | C60: =C59*(1+5%) -> 36138.9 | D60: =D59*(1+5%) -> 64350.3 | E60: =E59*(1+5%) -> 82158.3 | G60: 240x205 | H60: =IFERROR( ROUND( IF($A$2="COSTO", ((B60*(1+IFERROR(VLOOKUP($D$2,COLORES[],2,FALSE),0)))+E60) *(1-SUMPRODUCT( (DESC_PROV[LINEA]=$B$2)* (DESC_PROV[LISTA]=$C$2)* (DESC_PROV[DESCUENTO]) )), ((B60*(1+IFERROR(VLOOKUP($D$2,COLORES[],2,FALSE),0)))+E60) *(1-SUMPRODUCT( (DESC_PROV[LINEA]=$B$2)* (DESC_PROV[LISTA]=$C$2)* (DESC_PROV[DESCUENTO]) )) *(1+VLOOKUP($C$2,LISTAS[],2,FALSE)) *(1+VLOOKUP($C$2,LISTAS[],3,FALSE)) ) /5,0)*5,0) -> 268375 | I60: =IFERROR( ROUND( IF($A$2="COSTO", ((B60*(1+IFERROR(VLOOKUP($D$2,COLORES[],2,FALSE),0))) + C60 + E60) *(1-SUMPRODUCT( (DESC_PROV[LINEA]=$B$2)* (DESC_PROV[LISTA]=$C$2)* (DESC_PROV[DESCUENTO]) )), ((B60*(1+IFERROR(VLOOKUP($D$2,COLORES[],2,FALSE),0))) + C60 + E60) *(1-SUMPRODUCT( (DESC_PROV[LINEA]=$B$2)* (DESC_PROV[LISTA]=$C$2)* (DESC_PROV[DESCUENTO]) )) *(1+VLOOKUP($C$2,LISTAS[],2,FALSE)) *(1+VLOOKUP($C$2,LISTAS[],3,FALSE)) ) /5,0)*5,0) -> 313195 | J60: =IFERROR( ROUND( IF($A$2="COSTO", (D60*(1+IFERROR(VLOOKUP($D$2,COLORES[],2,FALSE),0))) *(1-SUMPRODUCT( (DESC_PROV[LINEA]=$B$2)* (DESC_PROV[LISTA]=$C$2)* (DESC_PROV[DESCUENTO]) )), (D60*(1+IFERROR(VLOOKUP($D$2,COLORES[],2,FALSE),0))) *(1-SUMPRODUCT( (DESC_PROV[LINEA]=$B$2)* (DESC_PROV[LISTA]=$C$2)* (DESC_PROV[DESCUENTO]) )) *(1+VLOOKUP($C$2,LISTAS[],2,FALSE)) *(1+VLOOKUP($C$2,LISTAS[],4,FALSE)) ) /5,0)*5,0) -> 98225 | K60: =IFERROR( ROUND( IF($A$2="COSTO", (B60*(1+IFERROR(VLOOKUP($D$2,COLORES[],2,FALSE),0))+E60) *(1+VLOOKUP($C$2,LISTAS[],5,FALSE)) *(1-SUMPRODUCT( (DESC_PROV[LINEA]=$B$2)* (DESC_PROV[LISTA]=$C$2)* (DESC_PROV[DESCUENTO]) )), (B60*(1+IFERROR(VLOOKUP($D$2,COLORES[],2,FALSE),0))+E60) *(1-SUMPRODUCT( (DESC_PROV[LINEA]=$B$2)* (DESC_PROV[LISTA]=$C$2)* (DESC_PROV[DESCUENTO]) )) *(1+VLOOKUP($C$2,LISTAS[],5,FALSE)) *(1+VLOOKUP($C$2,LISTAS[],2,FALSE)) *(1+VLOOKUP($C$2,LISTAS[],3,FALSE)) ) /5,0)*5,0) -> 348890

Sheet mosquiteros
A1: MODO | B1: LINEA | C1: LISTA | D1: COLOR | E1: COLOR
A2: =CONTROL!B4 -> VENTA | B2: HERRERO | C2: GUILLE | D2: =CONTROL!D4 -> BLANCO | E2: ='ventana herrero'!C2 -> AMARILLA
A5: MOSQUITEROS (VENTANA COLOCADA)
A6: Medidas | B6: MOSQUITERO | D6: Medidas | E6: MOSQUITERO
A7: 60x0,50 | B7: 11094 | D7: 60x0,50 | E7: =IFERROR( ROUND( IF($A$2="COSTO", B7 *(1+IFERROR(VLOOKUP($D$2,COLORES[],2,FALSE),0)) *(1+VLOOKUP($C$2,LISTAS[],6,FALSE)), B7 *(1+IFERROR(VLOOKUP($D$2,COLORES[],2,FALSE),0)) *(1+VLOOKUP($C$2,LISTAS[],6,FALSE)) *(1+_xlfn.XLOOKUP($C$2,LISTAS[Lista],LISTAS[Mosq])) ),0),0) -> 22046
A8: 80x0,50 | B8: 12830 | D8: 80x0,50 | E8: =IFERROR( ROUND( IF($A$2="COSTO", B8 *(1+IFERROR(VLOOKUP($D$2,COLORES[],2,FALSE),0)) *(1+VLOOKUP($C$2,LISTAS[],6,FALSE)), B8 *(1+IFERROR(VLOOKUP($D$2,COLORES[],2,FALSE),0)) *(1+VLOOKUP($C$2,LISTAS[],6,FALSE)) *(1+_xlfn.XLOOKUP($C$2,LISTAS[Lista],LISTAS[Mosq])) ),0),0) -> 25496
A9: 100x0,50 | B9: 14565 | D9: 100x0,50 | E9: =IFERROR( ROUND( IF($A$2="COSTO", B9 *(1+IFERROR(VLOOKUP($D$2,COLORES[],2,FALSE),0)) *(1+VLOOKUP($C$2,LISTAS[],6,FALSE)), B9 *(1+IFERROR(VLOOKUP($D$2,COLORES[],2,FALSE),0)) *(1+VLOOKUP($C$2,LISTAS[],6,FALSE)) *(1+_xlfn.XLOOKUP($C$2,LISTAS[Lista],LISTAS[Mosq])) ),0),0) -> 28944
A10: 120x0,50 | B10: 16300 | D10: 120x0,50 | E10: =IFERROR( ROUND( IF($A$2="COSTO", B10 *(1+IFERROR(VLOOKUP($D$2,COLORES[],2,FALSE),0)) *(1+VLOOKUP($C$2,LISTAS[],6,FALSE)), B10 *(1+IFERROR(VLOOKUP($D$2,COLORES[],2,FALSE),0)) *(1+VLOOKUP($C$2,LISTAS[],6,FALSE)) *(1+_xlfn.XLOOKUP($C$2,LISTAS[Lista],LISTAS[Mosq])) ),0),0) -> 32391
A11: 150x0,50 | B11: 18905 | D11: 150x0,50 | E11: =IFERROR( ROUND( IF($A$2="COSTO", B11 *(1+IFERROR(VLOOKUP($D$2,COLORES[],2,FALSE),0)) *(1+VLOOKUP($C$2,LISTAS[],6,FALSE)), B11 *(1+IFERROR(VLOOKUP($D$2,COLORES[],2,FALSE),0)) *(1+VLOOKUP($C$2,LISTAS[],6,FALSE)) *(1+_xlfn.XLOOKUP($C$2,LISTAS[Lista],LISTAS[Mosq])) ),0),0) -> 37568
A12: 180x0,50 | B12: 21508 | D12: 180x0,50 | E12: =IFERROR( ROUND( IF($A$2="COSTO", B12 *(1+IFERROR(VLOOKUP($D$2,COLORES[],2,FALSE),0)) *(1+VLOOKUP($C$2,LISTAS[],6,FALSE)), B12 *(1+IFERROR(VLOOKUP($D$2,COLORES[],2,FALSE),0)) *(1+VLOOKUP($C$2,LISTAS[],6,FALSE)) *(1+_xlfn.XLOOKUP($C$2,LISTAS[Lista],LISTAS[Mosq])) ),0),0) -> 42741
A13: 200x0,50 | B13: 23244 | D13: 200x0,50 | E13: =IFERROR( ROUND( IF($A$2="COSTO", B13 *(1+IFERROR(VLOOKUP($D$2,COLORES[],2,FALSE),0)) *(1+VLOOKUP($C$2,LISTAS[],6,FALSE)), B13 *(1+IFERROR(VLOOKUP($D$2,COLORES[],2,FALSE),0)) *(1+VLOOKUP($C$2,LISTAS[],6,FALSE)) *(1+_xlfn.XLOOKUP($C$2,LISTAS[Lista],LISTAS[Mosq])) ),0),0) -> 46190
A14: 80x0,80 | B14: 17580 | D14: 80x0,80 | E14: =IFERROR( ROUND( IF($A$2="COSTO", B14 *(1+IFERROR(VLOOKUP($D$2,COLORES[],2,FALSE),0)) *(1+VLOOKUP($C$2,LISTAS[],6,FALSE)), B14 *(1+IFERROR(VLOOKUP($D$2,COLORES[],2,FALSE),0)) *(1+VLOOKUP($C$2,LISTAS[],6,FALSE)) *(1+_xlfn.XLOOKUP($C$2,LISTAS[Lista],LISTAS[Mosq])) ),0),0) -> 34935
A15: 100x0,80 | B15: 19772 | D15: 100x0,80 | E15: =IFERROR( ROUND( IF($A$2="COSTO", B15 *(1+IFERROR(VLOOKUP($D$2,COLORES[],2,FALSE),0)) *(1+VLOOKUP($C$2,LISTAS[],6,FALSE)), B15 *(1+IFERROR(VLOOKUP($D$2,COLORES[],2,FALSE),0)) *(1+VLOOKUP($C$2,LISTAS[],6,FALSE)) *(1+_xlfn.XLOOKUP($C$2,LISTAS[Lista],LISTAS[Mosq])) ),0),0) -> 39291
A16: 120x0,80 | B16: 21965 | D16: 120x0,80 | E16: =IFERROR( ROUND( IF($A$2="COSTO", B16 *(1+IFERROR(VLOOKUP($D$2,COLORES[],2,FALSE),0)) *(1+VLOOKUP($C$2,LISTAS[],6,FALSE)), B16 *(1+IFERROR(VLOOKUP($D$2,COLORES[],2,FALSE),0)) *(1+VLOOKUP($C$2,LISTAS[],6,FALSE)) *(1+_xlfn.XLOOKUP($C$2,LISTAS[Lista],LISTAS[Mosq])) ),0),0) -> 43649
A17: 150x0,80 | B17: 25254 | D17: 150x0,80 | E17: =IFERROR( ROUND( IF($A$2="COSTO", B17 *(1+IFERROR(VLOOKUP($D$2,COLORES[],2,FALSE),0)) *(1+VLOOKUP($C$2,LISTAS[],6,FALSE)), B17 *(1+IFERROR(VLOOKUP($D$2,COLORES[],2,FALSE),0)) *(1+VLOOKUP($C$2,LISTAS[],6,FALSE)) *(1+_xlfn.XLOOKUP($C$2,LISTAS[Lista],LISTAS[Mosq])) ),0),0) -> 50185
A18: 180x0,80 | B18: 28542 | D18: 180x0,80 | E18: =IFERROR( ROUND( IF($A$2="COSTO", B18 *(1+IFERROR(VLOOKUP($D$2,COLORES[],2,FALSE),0)) *(1+VLOOKUP($C$2,LISTAS[],6,FALSE)), B18 *(1+IFERROR(VLOOKUP($D$2,COLORES[],2,FALSE),0)) *(1+VLOOKUP($C$2,LISTAS[],6,FALSE)) *(1+_xlfn.XLOOKUP($C$2,LISTAS[Lista],LISTAS[Mosq])) ),0),0) -> 56719
... A60: 240x205 | B60: 74000 | D60: 240x205 | E60: =IFERROR( ROUND( IF($A$2="COSTO", B60 *(1+IFERROR(VLOOKUP($D$2,COLORES[],2,FALSE),0)) *(1+VLOOKUP($C$2,LISTAS[],6,FALSE)), B60 *(1+IFERROR(VLOOKUP($D$2,COLORES[],2,FALSE),0)) *(1+VLOOKUP($C$2,LISTAS[],6,FALSE)) *(1+_xlfn.XLOOKUP($C$2,LISTAS[Lista],LISTAS[Mosq])) ),0),0) -> 147053

Sheet rajas herrero
A1: MODO | B1: LINEA | C1: LISTA | D1: COLOR
A2: =CONTROL!B4 -> VENTA | B2: HERRERO | C2: =CONTROL!C4 -> AMARILLA | D2: =CONTROL!D4 -> BLANCO
A5: RAJAS DE ABRIR HERRERO | K5: RAJAS DE ABRIR HERRERO
A6: Medidas | B6: sin vidrio | C6: 3mm | D6: 4mm | E6: 5mm | F6: esmerilado | G6: fantasia | H6: 3+3 | K6: Medidas | L6: 3mm | M6: 4mm | N6: 5mm | O6: esmerilado | P6: fantasia | Q6: 3+3
A7: 40x40 | B7: 30411 | C7: 2448 | D7: 2966 | E7: 3907 | F7: 8458 | G7: 3264 | H7: 12649 | K7: 40x40 | L7: =IFERROR( ROUND( IF($A$2="COSTO", ((B7*(1+IFERROR(VLOOKUP($D$2,COLORES[],2,FALSE),0)))+C7) *(1-SUMPRODUCT( (DESC_PROV[LINEA]=$B$2)* (DESC_PROV[LISTA]=$C$2)* (DESC_PROV[DESCUENTO]) )), ((B7*(1+IFERROR(VLOOKUP($D$2,COLORES[],2,FALSE),0)))+C7) *(1-SUMPRODUCT( (DESC_PROV[LINEA]=$B$2)* (DESC_PROV[LISTA]=$C$2)* (DESC_PROV[DESCUENTO]) )) *(1+VLOOKUP($C$2,LISTAS[],2,FALSE)) *(1+VLOOKUP($C$2,LISTAS[],3,FALSE)) ) /5,0)*5,0) -> 40750 | M7: =IFERROR( ROUND( IF($A$2="COSTO", ((B7*(1+IFERROR(VLOOKUP($D$2,COLORES[],2,FALSE),0)))+D7) *(1-SUMPRODUCT( (DESC_PROV[LINEA]=$B$2)* (DESC_PROV[LISTA]=$C$2)* (DESC_PROV[DESCUENTO]) )), ((B7*(1+IFERROR(VLOOKUP($D$2,COLORES[],2,FALSE),0)))+D7) *(1-SUMPRODUCT( (DESC_PROV[LINEA]=$B$2)* (DESC_PROV[LISTA]=$C$2)* (DESC_PROV[DESCUENTO]) )) *(1+VLOOKUP($C$2,LISTAS[],2,FALSE)) *(1+VLOOKUP($C$2,LISTAS[],3,FALSE)) ) /5,0)*5,0) -> 41395 | N7: =IFERROR( ROUND( IF($A$2="COSTO", ((B7*(1+IFERROR(VLOOKUP($D$2,COLORES[],2,FALSE),0)))+E7) *(1-SUMPRODUCT( (DESC_PROV[LINEA]=$B$2)* (DESC_PROV[LISTA]=$C$2)* (DESC_PROV[DESCUENTO]) )), ((B7*(1+IFERROR(VLOOKUP($D$2,COLORES[],2,FALSE),0)))+E7) *(1-SUMPRODUCT( (DESC_PROV[LINEA]=$B$2)* (DESC_PROV[LISTA]=$C$2)* (DESC_PROV[DESCUENTO]) )) *(1+VLOOKUP($C$2,LISTAS[],2,FALSE)) *(1+VLOOKUP($C$2,LISTAS[],3,FALSE)) ) /5,0)*5,0) -> 42560 | O7: =IFERROR( ROUND( IF($A$2="COSTO", ((B7*(1+IFERROR(VLOOKUP($D$2,COLORES[],2,FALSE),0)))+F7) *(1-SUMPRODUCT( (DESC_PROV[LINEA]=$B$2)* (DESC_PROV[LISTA]=$C$2)* (DESC_PROV[DESCUENTO]) )), ((B7*(1+IFERROR(VLOOKUP($D$2,COLORES[],2,FALSE),0)))+F7) *(1-SUMPRODUCT( (DESC_PROV[LINEA]=$B$2)* (DESC_PROV[LISTA]=$C$2)* (DESC_PROV[DESCUENTO]) )) *(1+VLOOKUP($C$2,LISTAS[],2,FALSE)) *(1+VLOOKUP($C$2,LISTAS[],3,FALSE)) ) /5,0)*5,0) -> 48205 | P7: =IFERROR( ROUND( IF($A$2="COSTO", ((B7*(1+IFERROR(VLOOKUP($D$2,COLORES[],2,FALSE),0)))+G7) *(1-SUMPRODUCT( (DESC_PROV[LINEA]=$B$2)* (DESC_PROV[LISTA]=$C$2)* (DESC_PROV[DESCUENTO]) )), ((B7*(1+IFERROR(VLOOKUP($D$2,COLORES[],2,FALSE),0)))+G7) *(1-SUMPRODUCT( (DESC_PROV[LINEA]=$B$2)* (DESC_PROV[LISTA]=$C$2)* (DESC_PROV[DESCUENTO]) )) *(1+VLOOKUP($C$2,LISTAS[],2,FALSE)) *(1+VLOOKUP($C$2,LISTAS[],3,FALSE)) ) /5,0)*5,0) -> 41765 | Q7: =IFERROR( ROUND( IF($A$2="COSTO", ((B7*(1+IFERROR(VLOOKUP($D$2,COLORES[],2,FALSE),0)))+H7) *(1-SUMPRODUCT( (DESC_PROV[LINEA]=$B$2)* (DESC_PROV[LISTA]=$C$2)* (DESC_PROV[DESCUENTO]) )), ((B7*(1+IFERROR(VLOOKUP($D$2,COLORES[],2,FALSE),0)))+H7) *(1-SUMPRODUCT( (DESC_PROV[LINEA]=$B$2)* (DESC_PROV[LISTA]=$C$2)* (DESC_PROV[DESCUENTO]) )) *(1+VLOOKUP($C$2,LISTAS[],2,FALSE)) *(1+VLOOKUP($C$2,LISTAS[],3,FALSE)) ) /5,0)*5,0) -> 53405
A8: 50x40 | B8: 32505 | C8: 3264 | D8: 3955 | E8: 5213 | F8: 11280 | G8: 4358 | H8: 16877 | K8: 50x40 | L8: =IFERROR( ROUND( IF($A$2="COSTO", ((B8*(1+IFERROR(VLOOKUP($D$2,COLORES[],2,FALSE),0)))+C8) *(1-SUMPRODUCT( (DESC_PROV[LINEA]=$B$2)* (DESC_PROV[LISTA]=$C$2)* (DESC_PROV[DESCUENTO]) )), ((B8*(1+IFERROR(VLOOKUP($D$2,COLORES[],2,FALSE),0)))+C8) *(1-SUMPRODUCT( (DESC_PROV[LINEA]=$B$2)* (DESC_PROV[LISTA]=$C$2)* (DESC_PROV[DESCUENTO]) )) *(1+VLOOKUP($C$2,LISTAS[],2,FALSE)) *(1+VLOOKUP($C$2,LISTAS[],3,FALSE)) ) /5,0)*5,0) -> 44360 | M8: =IFERROR( ROUND( IF($A$2="COSTO", ((B8*(1+IFERROR(VLOOKUP($D$2,COLORES[],2,FALSE),0)))+D8) *(1-SUMPRODUCT( (DESC_PROV[LINEA]=$B$2)* (DESC_PROV[LISTA]=$C$2)* (DESC_PROV[DESCUENTO]) )), ((B8*(1+IFERROR(VLOOKUP($D$2,COLORES[],2,FALSE),0)))+D8) *(1-SUMPRODUCT( (DESC_PROV[LINEA]=$B$2)* (DESC_PROV[LISTA]=$C$2)* (DESC_PROV[DESCUENTO]) )) *(1+VLOOKUP($C$2,LISTAS[],2,FALSE)) *(1+VLOOKUP($C$2,LISTAS[],3,FALSE)) ) /5,0)*5,0) -> 45220 | N8: =IFERROR( ROUND( IF($A$2="COSTO", ((B8*(1+IFERROR(VLOOKUP($D$2,COLORES[],2,FALSE),0)))+E8) *(1-SUMPRODUCT( (DESC_PROV[LINEA]=$B$2)* (DESC_PROV[LISTA]=$C$2)* (DESC_PROV[DESCUENTO]) )), ((B8*(1+IFERROR(VLOOKUP($D$2,COLORES[],2,FALSE),0)))+E8) *(1-SUMPRODUCT( (DESC_PROV[LINEA]=$B$2)* (DESC_PROV[LISTA]=$C$2)* (DESC_PROV[DESCUENTO]) )) *(1+VLOOKUP($C$2,LISTAS[],2,FALSE)) *(1+VLOOKUP($C$2,LISTAS[],3,FALSE)) ) /5,0)*5,0) -> 46780 | O8: =IFERROR( ROUND( IF($A$2="COSTO", ((B8*(1+IFERROR(VLOOKUP($D$2,COLORES[],2,FALSE),0)))+F8) *(1-SUMPRODUCT( (DESC_PROV[LINEA]=$B$2)* (DESC_PROV[LISTA]=$C$2)* (DESC_PROV[DESCUENTO]) )), ((B8*(1+IFERROR(VLOOKUP($D$2,COLORES[],2,FALSE),0)))+F8) *(1-SUMPRODUCT( (DESC_PROV[LINEA]=$B$2)* (DESC_PROV[LISTA]=$C$2)* (DESC_PROV[DESCUENTO]) )) *(1+VLOOKUP($C$2,LISTAS[],2,FALSE)) *(1+VLOOKUP($C$2,LISTAS[],3,FALSE)) ) /5,0)*5,0) -> 54300 | P8: =IFERROR( ROUND( IF($A$2="COSTO", ((B8*(1+IFERROR(VLOOKUP($D$2,COLORES[],2,FALSE),0)))+G8) *(1-SUMPRODUCT( (DESC_PROV[LINEA]=$B$2)* (DESC_PROV[LISTA]=$C$2)* (DESC_PROV[DESCUENTO]) )), ((B8*(1+IFERROR(VLOOKUP($D$2,COLORES[],2,FALSE),0)))+G8) *(1-SUMPRODUCT( (DESC_PROV[LINEA]=$B$2)* (DESC_PROV[LISTA]=$C$2)* (DESC_PROV[DESCUENTO]) )) *(1+VLOOKUP($C$2,LISTAS[],2,FALSE)) *(1+VLOOKUP($C$2,LISTAS[],3,FALSE)) ) /5,0)*5,0) -> 45715 | Q8: =IFERROR( ROUND( IF($A$2="COSTO", ((B8*(1+IFERROR(VLOOKUP($D$2,COLORES[],2,FALSE),0)))+H8) *(1-SUMPRODUCT( (DESC_PROV[LINEA]=$B$2)* (DESC_PROV[LISTA]=$C$2)* (DESC_PROV[DESCUENTO]) )), ((B8*(1+IFERROR(VLOOKUP($D$2,COLORES[],2,FALSE),0)))+H8) *(1-SUMPRODUCT( (DESC_PROV[LINEA]=$B$2)* (DESC_PROV[LISTA]=$C$2)* (DESC_PROV[DESCUENTO]) )) *(1+VLOOKUP($C$2,LISTAS[],2,FALSE)) *(1+VLOOKUP($C$2,LISTAS[],3,FALSE)) ) /5,0)*5,0) -> 61245
A9: 60x40 | B9: 34605 | C9: 4080 | D9: 4944 | E9: 6518 | F9: 14102 | G9: 5453 | H9: 21105 | K9: 60x40 | L9: =IFERROR( ROUND( IF($A$2="COSTO", ((B9*(1+IFERROR(VLOOKUP($D$2,COLORES[],2,FALSE),0)))+C9) *(1-SUMPRODUCT( (DESC_PROV[LINEA]=$B$2)* (DESC_PROV[LISTA]=$C$2)* (DESC_PROV[DESCUENTO]) )), ((B9*(1+IFERROR(VLOOKUP($D$2,COLORES[],2,FALSE),0)))+C9) *(1-SUMPRODUCT( (DESC_PROV[LINEA]=$B$2)* (DESC_PROV[LISTA]=$C$2)* (DESC_PROV[DESCUENTO]) )) *(1+VLOOKUP($C$2,LISTAS[],2,FALSE)) *(1+VLOOKUP($C$2,LISTAS[],3,FALSE)) ) /5,0)*5,0) -> 47975 | M9: =IFERROR( ROUND( IF($A$2="COSTO", ((B9*(1+IFERROR(VLOOKUP($D$2,COLORES[],2,FALSE),0)))+D9) *(1-SUMPRODUCT( (DESC_PROV[LINEA]=$B$2)* (DESC_PROV[LISTA]=$C$2)* (DESC_PROV[DESCUENTO]) )), ((B9*(1+IFERROR(VLOOKUP($D$2,COLORES[],2,FALSE),0)))+D9) *(1-SUMPRODUCT( (DESC_PROV[LINEA]=$B$2)* (DESC_PROV[LISTA]=$C$2)* (DESC_PROV[DESCUENTO]) )) *(1+VLOOKUP($C$2,LISTAS[],2,FALSE)) *(1+VLOOKUP($C$2,LISTAS[],3,FALSE)) ) /5,0)*5,0) -> 49050 | N9: =IFERROR( ROUND( IF($A$2="COSTO", ((B9*(1+IFERROR(VLOOKUP($D$2,COLORES[],2,FALSE),0)))+E9) *(1-SUMPRODUCT( (DESC_PROV[LINEA]=$B$2)* (DESC_PROV[LISTA]=$C$2)* (DESC_PROV[DESCUENTO]) )), ((B9*(1+IFERROR(VLOOKUP($D$2,COLORES[],2,FALSE),0)))+E9) *(1-SUMPRODUCT( (DESC_PROV[LINEA]=$B$2)* (DESC_PROV[LISTA]=$C$2)* (DESC_PROV[DESCUENTO]) )) *(1+VLOOKUP($C$2,LISTAS[],2,FALSE)) *(1+VLOOKUP($C$2,LISTAS[],3,FALSE)) ) /5,0)*5,0) -> 51000 | O9: =IFERROR( ROUND( IF($A$2="COSTO", ((B9*(1+IFERROR(VLOOKUP($D$2,COLORES[],2,FALSE),0)))+F9) *(1-SUMPRODUCT( (DESC_PROV[LINEA]=$B$2)* (DESC_PROV[LISTA]=$C$2)* (DESC_PROV[DESCUENTO]) )), ((B9*(1+IFERROR(VLOOKUP($D$2,COLORES[],2,FALSE),0)))+F9) *(1-SUMPRODUCT( (DESC_PROV[LINEA]=$B$2)* (DESC_PROV[LISTA]=$C$2)* (DESC_PROV[DESCUENTO]) )) *(1+VLOOKUP($C$2,LISTAS[],2,FALSE)) *(1+VLOOKUP($C$2,LISTAS[],3,FALSE)) ) /5,0)*5,0) -> 60405 | P9: =IFERROR( ROUND( IF($A$2="COSTO", ((B9*(1+IFERROR(VLOOKUP($D$2,COLORES[],2,FALSE),0)))+G9) *(1-SUMPRODUCT( (DESC_PROV[LINEA]=$B$2)* (DESC_PROV[LISTA]=$C$2)* (DESC_PROV[DESCUENTO]) )), ((B9*(1+IFERROR(VLOOKUP($D$2,COLORES[],2,FALSE),0)))+G9) *(1-SUMPRODUCT( (DESC_PROV[LINEA]=$B$2)* (DESC_PROV[LISTA]=$C$2)* (DESC_PROV[DESCUENTO]) )) *(1+VLOOKUP($C$2,LISTAS[],2,FALSE)) *(1+VLOOKUP($C$2,LISTAS[],3,FALSE)) ) /5,0)*5,0) -> 49680 | Q9: =IFERROR( ROUND( IF($A$2="COSTO", ((B9*(1+IFERROR(VLOOKUP($D$2,COLORES[],2,FALSE),0)))+H9) *(1-SUMPRODUCT( (DESC_PROV[LINEA]=$B$2)* (DESC_PROV[LISTA]=$C$2)* (DESC_PROV[DESCUENTO]) )), ((B9*(1+IFERROR(VLOOKUP($D$2,COLORES[],2,FALSE),0)))+H9) *(1-SUMPRODUCT( (DESC_PROV[LINEA]=$B$2)* (DESC_PROV[LISTA]=$C$2)* (DESC_PROV[DESCUENTO]) )) *(1+VLOOKUP($C$2,LISTAS[],2,FALSE)) *(1+VLOOKUP($C$2,LISTAS[],3,FALSE)) ) /5,0)*5,0) -> 69090
A10: 70x40 | B10: 36700 | C10: 4896 | D10: 5933 | E10: 7824 | F10: 16925 | G10: 6547 | H10: 25332 | K10: 70x40 | L10: =IFERROR( ROUND( IF($A$2="COSTO", ((B10*(1+IFERROR(VLOOKUP($D$2,COLORES[],2,FALSE),0)))+C10) *(1-SUMPRODUCT( (DESC_PROV[LINEA]=$B$2)* (DESC_PROV[LISTA]=$C$2)* (DESC_PROV[DESCUENTO]) )), ((B10*(1+IFERROR(VLOOKUP($D$2,COLORES[],2,FALSE),0)))+C10) *(1-SUMPRODUCT( (DESC_PROV[LINEA]=$B$2)* (DESC_PROV[LISTA]=$C$2)* (DESC_PROV[DESCUENTO]) )) *(1+VLOOKUP($C$2,LISTAS[],2,FALSE)) *(1+VLOOKUP($C$2,LISTAS[],3,FALSE)) ) /5,0)*5,0) -> 51585 | M10: =IFERROR( ROUND( IF($A$2="COSTO", ((B10*(1+IFERROR(VLOOKUP($D$2,COLORES[],2,FALSE),0)))+D10) *(1-SUMPRODUCT( (DESC_PROV[LINEA]=$B$2)* (DESC_PROV[LISTA]=$C$2)* (DESC_PROV[DESCUENTO]) )), ((B10*(1+IFERROR(VLOOKUP($D$2,COLORES[],2,FALSE),0)))+D10) *(1-SUMPRODUCT( (DESC_PROV[LINEA]=$B$2)* (DESC_PROV[LISTA]=$C$2)* (DESC_PROV[DESCUENTO]) )) *(1+VLOOKUP($C$2,LISTAS[],2,FALSE)) *(1+VLOOKUP($C$2,LISTAS[],3,FALSE)) ) /5,0)*5,0) -> 52875 | N10: =IFERROR( ROUND( IF($A$2="COSTO", ((B10*(1+IFERROR(VLOOKUP($D$2,COLORES[],2,FALSE),0)))+E10) *(1-SUMPRODUCT( (DESC_PROV[LINEA]=$B$2)* (DESC_PROV[LISTA]=$C$2)* (DESC_PROV[DESCUENTO]) )), ((B10*(1+IFERROR(VLOOKUP($D$2,COLORES[],2,FALSE),0)))+E10) *(1-SUMPRODUCT( (DESC_PROV[LINEA]=$B$2)* (DESC_PROV[LISTA]=$C$2)* (DESC_PROV[DESCUENTO]) )) *(1+VLOOKUP($C$2,LISTAS[],2,FALSE)) *(1+VLOOKUP($C$2,LISTAS[],3,FALSE)) ) /5,0)*5,0) -> 55220 | O10: =IFERROR( ROUND( IF($A$2="COSTO", ((B10*(1+IFERROR(VLOOKUP($D$2,COLORES[],2,FALSE),0)))+F10) *(1-SUMPRODUCT( (DESC_PROV[LINEA]=$B$2)* (DESC_PROV[LISTA]=$C$2)* (DESC_PROV[DESCUENTO]) )), ((B10*(1+IFERROR(VLOOKUP($D$2,COLORES[],2,FALSE),0)))+F10) *(1-SUMPRODUCT( (DESC_PROV[LINEA]=$B$2)* (DESC_PROV[LISTA]=$C$2)* (DESC_PROV[DESCUENTO]) )) *(1+VLOOKUP($C$2,LISTAS[],2,FALSE)) *(1+VLOOKUP($C$2,LISTAS[],3,FALSE)) ) /5,0)*5,0) -> 66505 | P10: =IFERROR( ROUND( IF($A$2="COSTO", ((B10*(1+IFERROR(VLOOKUP($D$2,COLORES[],2,FALSE),0)))+G10) *(1-SUMPRODUCT( (DESC_PROV[LINEA]=$B$2)* (DESC_PROV[LISTA]=$C$2)* (DESC_PROV[DESCUENTO]) )), ((B10*(1+IFERROR(VLOOKUP($D$2,COLORES[],2,FALSE),0)))+G10) *(1-SUMPRODUCT( (DESC_PROV[LINEA]=$B$2)* (DESC_PROV[LISTA]=$C$2)* (DESC_PROV[DESCUENTO]) )) *(1+VLOOKUP($C$2,LISTAS[],2,FALSE)) *(1+VLOOKUP($C$2,LISTAS[],3,FALSE)) ) /5,0)*5,0) -> 53635 | Q10: =IFERROR( ROUND( IF($A$2="COSTO", ((B10*(1+IFERROR(VLOOKUP($D$2,COLORES[],2,FALSE),0)))+H10) *(1-SUMPRODUCT( (DESC_PROV[LINEA]=$B$2)* (DESC_PROV[LISTA]=$C$2)* (DESC_PROV[DESCUENTO]) )), ((B10*(1+IFERROR(VLOOKUP($D$2,COLORES[],2,FALSE),0)))+H10) *(1-SUMPRODUCT( (DESC_PROV[LINEA]=$B$2)* (DESC_PROV[LISTA]=$C$2)* (DESC_PROV[DESCUENTO]) )) *(1+VLOOKUP($C$2,LISTAS[],2,FALSE)) *(1+VLOOKUP($C$2,LISTAS[],3,FALSE)) ) /5,0)*5,0) -> 76930
A11: 80x40 | B11: 38794 | C11: 5712 | D11: 6922 | E11: 9130 | F11: 19747 | G11: 7642 | H11: 29560 | K11: 80x40 | L11: =IFERROR( ROUND( IF($A$2="COSTO", ((B11*(1+IFERROR(VLOOKUP($D$2,COLORES[],2,FALSE),0)))+C11) *(1-SUMPRODUCT( (DESC_PROV[LINEA]=$B$2)* (DESC_PROV[LISTA]=$C$2)* (DESC_PROV[DESCUENTO]) )), ((B11*(1+IFERROR(VLOOKUP($D$2,COLORES[],2,FALSE),0)))+C11) *(1-SUMPRODUCT( (DESC_PROV[LINEA]=$B$2)* (DESC_PROV[LISTA]=$C$2)* (DESC_PROV[DESCUENTO]) )) *(1+VLOOKUP($C$2,LISTAS[],2,FALSE)) *(1+VLOOKUP($C$2,LISTAS[],3,FALSE)) ) /5,0)*5,0) -> 55195 | M11: =IFERROR( ROUND( IF($A$2="COSTO", ((B11*(1+IFERROR(VLOOKUP($D$2,COLORES[],2,FALSE),0)))+D11) *(1-SUMPRODUCT( (DESC_PROV[LINEA]=$B$2)* (DESC_PROV[LISTA]=$C$2)* (DESC_PROV[DESCUENTO]) )), ((B11*(1+IFERROR(VLOOKUP($D$2,COLORES[],2,FALSE),0)))+D11) *(1-SUMPRODUCT( (DESC_PROV[LINEA]=$B$2)* (DESC_PROV[LISTA]=$C$2)* (DESC_PROV[DESCUENTO]) )) *(1+VLOOKUP($C$2,LISTAS[],2,FALSE)) *(1+VLOOKUP($C$2,LISTAS[],3,FALSE)) ) /5,0)*5,0) -> 56695 | N11: =IFERROR( ROUND( IF($A$2="COSTO", ((B11*(1+IFERROR(VLOOKUP($D$2,COLORES[],2,FALSE),0)))+E11) *(1-SUMPRODUCT( (DESC_PROV[LINEA]=$B$2)* (DESC_PROV[LISTA]=$C$2)* (DESC_PROV[DESCUENTO]) )), ((B11*(1+IFERROR(VLOOKUP($D$2,COLORES[],2,FALSE),0)))+E11) *(1-SUMPRODUCT( (DESC_PROV[LINEA]=$B$2)* (DESC_PROV[LISTA]=$C$2)* (DESC_PROV[DESCUENTO]) )) *(1+VLOOKUP($C$2,LISTAS[],2,FALSE)) *(1+VLOOKUP($C$2,LISTAS[],3,FALSE)) ) /5,0)*5,0) -> 59435 | O11: =IFERROR( ROUND( IF($A$2="COSTO", ((B11*(1+IFERROR(VLOOKUP($D$2,COLORES[],2,FALSE),0)))+F11) *(1-SUMPRODUCT( (DESC_PROV[LINEA]=$B$2)* (DESC_PROV[LISTA]=$C$2)* (DESC_PROV[DESCUENTO]) )), ((B11*(1+IFERROR(VLOOKUP($D$2,COLORES[],2,FALSE),0)))+F11) *(1-SUMPRODUCT( (DESC_PROV[LINEA]=$B$2)* (DESC_PROV[LISTA]=$C$2)* (DESC_PROV[DESCUENTO]) )) *(1+VLOOKUP($C$2,LISTAS[],2,FALSE)) *(1+VLOOKUP($C$2,LISTAS[],3,FALSE)) ) /5,0)*5,0) -> 72605 | P11: =IFERROR( ROUND( IF($A$2="COSTO", ((B11*(1+IFERROR(VLOOKUP($D$2,COLORES[],2,FALSE),0)))+G11) *(1-SUMPRODUCT( (DESC_PROV[LINEA]=$B$2)* (DESC_PROV[LISTA]=$C$2)* (DESC_PROV[DESCUENTO]) )), ((B11*(1+IFERROR(VLOOKUP($D$2,COLORES[],2,FALSE),0)))+G11) *(1-SUMPRODUCT( (DESC_PROV[LINEA]=$B$2)* (DESC_PROV[LISTA]=$C$2)* (DESC_PROV[DESCUENTO]) )) *(1+VLOOKUP($C$2,LISTAS[],2,FALSE)) *(1+VLOOKUP($C$2,LISTAS[],3,FALSE)) ) /5,0)*5,0) -> 57590 | Q11: =IFERROR( ROUND( IF($A$2="COSTO", ((B11*(1+IFERROR(VLOOKUP($D$2,COLORES[],2,FALSE),0)))+H11) *(1-SUMPRODUCT( (DESC_PROV[LINEA]=$B$2)* (DESC_PROV[LISTA]=$C$2)* (DESC_PROV[DESCUENTO]) )), ((B11*(1+IFERROR(VLOOKUP($D$2,COLORES[],2,FALSE),0)))+H11) *(1-SUMPRODUCT( (DESC_PROV[LINEA]=$B$2)* (DESC_PROV[LISTA]=$C$2)* (DESC_PROV[DESCUENTO]) )) *(1+VLOOKUP($C$2,LISTAS[],2,FALSE)) *(1+VLOOKUP($C$2,LISTAS[],3,FALSE)) ) /5,0)*5,0) -> 84775
A12: 90x40 | B12: 40888 | C12: 6528 | D12: 7910 | E12: 10435 | F12: 22570 | G12: 8736 | H12: 33788 | K12: 90x40 | L12: =IFERROR( ROUND( IF($A$2="COSTO", ((B12*(1+IFERROR(VLOOKUP($D$2,COLORES[],2,FALSE),0)))+C12) *(1-SUMPRODUCT( (DESC_PROV[LINEA]=$B$2)* (DESC_PROV[LISTA]=$C$2)* (DESC_PROV[DESCUENTO]) )), ((B12*(1+IFERROR(VLOOKUP($D$2,COLORES[],2,FALSE),0)))+C12) *(1-SUMPRODUCT( (DESC_PROV[LINEA]=$B$2)* (DESC_PROV[LISTA]=$C$2)* (DESC_PROV[DESCUENTO]) )) *(1+VLOOKUP($C$2,LISTAS[],2,FALSE)) *(1+VLOOKUP($C$2,LISTAS[],3,FALSE)) ) /5,0)*5,0) -> 58805 | M12: =IFERROR( ROUND( IF($A$2="COSTO", ((B12*(1+IFERROR(VLOOKUP($D$2,COLORES[],2,FALSE),0)))+D12) *(1-SUMPRODUCT( (DESC_PROV[LINEA]=$B$2)* (DESC_PROV[LISTA]=$C$2)* (DESC_PROV[DESCUENTO]) )), ((B12*(1+IFERROR(VLOOKUP($D$2,COLORES[],2,FALSE),0)))+D12) *(1-SUMPRODUCT( (DESC_PROV[LINEA]=$B$2)* (DESC_PROV[LISTA]=$C$2)* (DESC_PROV[DESCUENTO]) )) *(1+VLOOKUP($C$2,LISTAS[],2,FALSE)) *(1+VLOOKUP($C$2,LISTAS[],3,FALSE)) ) /5,0)*5,0) -> 60520 | N12: =IFERROR( ROUND( IF($A$2="COSTO", ((B12*(1+IFERROR(VLOOKUP($D$2,COLORES[],2,FALSE),0)))+E12) *(1-SUMPRODUCT( (DESC_PROV[LINEA]=$B$2)* (DESC_PROV[LISTA]=$C$2)* (DESC_PROV[DESCUENTO]) )), ((B12*(1+IFERROR(VLOOKUP($D$2,COLORES[],2,FALSE),0)))+E12) *(1-SUMPRODUCT( (DESC_PROV[LINEA]=$B$2)* (DESC_PROV[LISTA]=$C$2)* (DESC_PROV[DESCUENTO]) )) *(1+VLOOKUP($C$2,LISTAS[],2,FALSE)) *(1+VLOOKUP($C$2,LISTAS[],3,FALSE)) ) /5,0)*5,0) -> 63650 | O12: =IFERROR( ROUND( IF($A$2="COSTO", ((B12*(1+IFERROR(VLOOKUP($D$2,COLORES[],2,FALSE),0)))+F12) *(1-SUMPRODUCT( (DESC_PROV[LINEA]=$B$2)* (DESC_PROV[LISTA]=$C$2)* (DESC_PROV[DESCUENTO]) )), ((B12*(1+IFERROR(VLOOKUP($D$2,COLORES[],2,FALSE),0)))+F12) *(1-SUMPRODUCT( (DESC_PROV[LINEA]=$B$2)* (DESC_PROV[LISTA]=$C$2)* (DESC_PROV[DESCUENTO]) )) *(1+VLOOKUP($C$2,LISTAS[],2,FALSE)) *(1+VLOOKUP($C$2,LISTAS[],3,FALSE)) ) /5,0)*5,0) -> 78700 | P12: =IFERROR( ROUND( IF($A$2="COSTO", ((B12*(1+IFERROR(VLOOKUP($D$2,COLORES[],2,FALSE),0)))+G12) *(1-SUMPRODUCT( (DESC_PROV[LINEA]=$B$2)* (DESC_PROV[LISTA]=$C$2)* (DESC_PROV[DESCUENTO]) )), ((B12*(1+IFERROR(VLOOKUP($D$2,COLORES[],2,FALSE),0)))+G12) *(1-SUMPRODUCT( (DESC_PROV[LINEA]=$B$2)* (DESC_PROV[LISTA]=$C$2)* (DESC_PROV[DESCUENTO]) )) *(1+VLOOKUP($C$2,LISTAS[],2,FALSE)) *(1+VLOOKUP($C$2,LISTAS[],3,FALSE)) ) /5,0)*5,0) -> 61545 | Q12: =IFERROR( ROUND( IF($A$2="COSTO", ((B12*(1+IFERROR(VLOOKUP($D$2,COLORES[],2,FALSE),0)))+H12) *(1-SUMPRODUCT( (DESC_PROV[LINEA]=$B$2)* (DESC_PROV[LISTA]=$C$2)* (DESC_PROV[DESCUENTO]) )), ((B12*(1+IFERROR(VLOOKUP($D$2,COLORES[],2,FALSE),0)))+H12) *(1-SUMPRODUCT( (DESC_PROV[LINEA]=$B$2)* (DESC_PROV[LISTA]=$C$2)* (DESC_PROV[DESCUENTO]) )) *(1+VLOOKUP($C$2,LISTAS[],2,FALSE)) *(1+VLOOKUP($C$2,LISTAS[],3,FALSE)) ) /5,0)*5,0) -> 92615
A13: 100x40 | B13: 42983 | C13: 7344 | D13: 8899 | E13: 11741 | F13: 25392 | G13: 9830 | H13: 38016 | K13: 100x40 | L13: =IFERROR( ROUND( IF($A$2="COSTO", ((B13*(1+IFERROR(VLOOKUP($D$2,COLORES[],2,FALSE),0)))+C13) *(1-SUMPRODUCT( (DESC_PROV[LINEA]=$B$2)* (DESC_PROV[LISTA]=$C$2)* (DESC_PROV[DESCUENTO]) )), ((B13*(1+IFERROR(VLOOKUP($D$2,COLORES[],2,FALSE),0)))+C13) *(1-SUMPRODUCT( (DESC_PROV[LINEA]=$B$2)* (DESC_PROV[LISTA]=$C$2)* (DESC_PROV[DESCUENTO]) )) *(1+VLOOKUP($C$2,LISTAS[],2,FALSE)) *(1+VLOOKUP($C$2,LISTAS[],3,FALSE)) ) /5,0)*5,0) -> 62415 | M13: =IFERROR( ROUND( IF($A$2="COSTO", ((B13*(1+IFERROR(VLOOKUP($D$2,COLORES[],2,FALSE),0)))+D13) *(1-SUMPRODUCT( (DESC_PROV[LINEA]=$B$2)* (DESC_PROV[LISTA]=$C$2)* (DESC_PROV[DESCUENTO]) )), ((B13*(1+IFERROR(VLOOKUP($D$2,COLORES[],2,FALSE),0)))+D13) *(1-SUMPRODUCT( (DESC_PROV[LINEA]=$B$2)* (DESC_PROV[LISTA]=$C$2)* (DESC_PROV[DESCUENTO]) )) *(1+VLOOKUP($C$2,LISTAS[],2,FALSE)) *(1+VLOOKUP($C$2,LISTAS[],3,FALSE)) ) /5,0)*5,0) -> 64345 | N13: =IFERROR( ROUND( IF($A$2="COSTO", ((B13*(1+IFERROR(VLOOKUP($D$2,COLORES[],2,FALSE),0)))+E13) *(1-SUMPRODUCT( (DESC_PROV[LINEA]=$B$2)* (DESC_PROV[LISTA]=$C$2)* (DESC_PROV[DESCUENTO]) )), ((B13*(1+IFERROR(VLOOKUP($D$2,COLORES[],2,FALSE),0)))+E13) *(1-SUMPRODUCT( (DESC_PROV[LINEA]=$B$2)* (DESC_PROV[LISTA]=$C$2)* (DESC_PROV[DESCUENTO]) )) *(1+VLOOKUP($C$2,LISTAS[],2,FALSE)) *(1+VLOOKUP($C$2,LISTAS[],3,FALSE)) ) /5,0)*5,0) -> 67870 | O13: =IFERROR( ROUND( IF($A$2="COSTO", ((B13*(1+IFERROR(VLOOKUP($D$2,COLORES[],2,FALSE),0)))+F13) *(1-SUMPRODUCT( (DESC_PROV[LINEA]=$B$2)* (DESC_PROV[LISTA]=$C$2)* (DESC_PROV[DESCUENTO]) )), ((B13*(1+IFERROR(VLOOKUP($D$2,COLORES[],2,FALSE),0)))+F13) *(1-SUMPRODUCT( (DESC_PROV[LINEA]=$B$2)* (DESC_PROV[LISTA]=$C$2)* (DESC_PROV[DESCUENTO]) )) *(1+VLOOKUP($C$2,LISTAS[],2,FALSE)) *(1+VLOOKUP($C$2,LISTAS[],3,FALSE)) ) /5,0)*5,0) -> 84800 | P13: =IFERROR( ROUND( IF($A$2="COSTO", ((B13*(1+IFERROR(VLOOKUP($D$2,COLORES[],2,FALSE),0)))+G13) *(1-SUMPRODUCT( (DESC_PROV[LINEA]=$B$2)* (DESC_PROV[LISTA]=$C$2)* (DESC_PROV[DESCUENTO]) )), ((B13*(1+IFERROR(VLOOKUP($D$2,COLORES[],2,FALSE),0)))+G13) *(1-SUMPRODUCT( (DESC_PROV[LINEA]=$B$2)* (DESC_PROV[LISTA]=$C$2)* (DESC_PROV[DESCUENTO]) )) *(1+VLOOKUP($C$2,LISTAS[],2,FALSE)) *(1+VLOOKUP($C$2,LISTAS[],3,FALSE)) ) /5,0)*5,0) -> 65500 | Q13: =IFERROR( ROUND( IF($A$2="COSTO", ((B13*(1+IFERROR(VLOOKUP($D$2,COLORES[],2,FALSE),0)))+H13) *(1-SUMPRODUCT( (DESC_PROV[LINEA]=$B$2)* (DESC_PROV[LISTA]=$C$2)* (DESC_PROV[DESCUENTO]) )), ((B13*(1+IFERROR(VLOOKUP($D$2,COLORES[],2,FALSE),0)))+H13) *(1-SUMPRODUCT( (DESC_PROV[LINEA]=$B$2)* (DESC_PROV[LISTA]=$C$2)* (DESC_PROV[DESCUENTO]) )) *(1+VLOOKUP($C$2,LISTAS[],2,FALSE)) *(1+VLOOKUP($C$2,LISTAS[],3,FALSE)) ) /5,0)*5,0) -> 100455
A14: 40x50 | B14: 32505 | C14: 3264 | D14: 3955 | E14: 5213 | F14: 11280 | G14: 4358 | H14: 16877 | K14: 40x50 | L14: =IFERROR( ROUND( IF($A$2="COSTO", ((B14*(1+IFERROR(VLOOKUP($D$2,COLORES[],2,FALSE),0)))+C14) *(1-SUMPRODUCT( (DESC_PROV[LINEA]=$B$2)* (DESC_PROV[LISTA]=$C$2)* (DESC_PROV[DESCUENTO]) )), ((B14*(1+IFERROR(VLOOKUP($D$2,COLORES[],2,FALSE),0)))+C14) *(1-SUMPRODUCT( (DESC_PROV[LINEA]=$B$2)* (DESC_PROV[LISTA]=$C$2)* (DESC_PROV[DESCUENTO]) )) *(1+VLOOKUP($C$2,LISTAS[],2,FALSE)) *(1+VLOOKUP($C$2,LISTAS[],3,FALSE)) ) /5,0)*5,0) -> 44360 | M14: =IFERROR( ROUND( IF($A$2="COSTO", ((B14*(1+IFERROR(VLOOKUP($D$2,COLORES[],2,FALSE),0)))+D14) *(1-SUMPRODUCT( (DESC_PROV[LINEA]=$B$2)* (DESC_PROV[LISTA]=$C$2)* (DESC_PROV[DESCUENTO]) )), ((B14*(1+IFERROR(VLOOKUP($D$2,COLORES[],2,FALSE),0)))+D14) *(1-SUMPRODUCT( (DESC_PROV[LINEA]=$B$2)* (DESC_PROV[LISTA]=$C$2)* (DESC_PROV[DESCUENTO]) )) *(1+VLOOKUP($C$2,LISTAS[],2,FALSE)) *(1+VLOOKUP($C$2,LISTAS[],3,FALSE)) ) /5,0)*5,0) -> 45220 | N14: =IFERROR( ROUND( IF($A$2="COSTO", ((B14*(1+IFERROR(VLOOKUP($D$2,COLORES[],2,FALSE),0)))+E14) *(1-SUMPRODUCT( (DESC_PROV[LINEA]=$B$2)* (DESC_PROV[LISTA]=$C$2)* (DESC_PROV[DESCUENTO]) )), ((B14*(1+IFERROR(VLOOKUP($D$2,COLORES[],2,FALSE),0)))+E14) *(1-SUMPRODUCT( (DESC_PROV[LINEA]=$B$2)* (DESC_PROV[LISTA]=$C$2)* (DESC_PROV[DESCUENTO]) )) *(1+VLOOKUP($C$2,LISTAS[],2,FALSE)) *(1+VLOOKUP($C$2,LISTAS[],3,FALSE)) ) /5,0)*5,0) -> 46780 | O14: =IFERROR( ROUND( IF($A$2="COSTO", ((B14*(1+IFERROR(VLOOKUP($D$2,COLORES[],2,FALSE),0)))+F14) *(1-SUMPRODUCT( (DESC_PROV[LINEA]=$B$2)* (DESC_PROV[LISTA]=$C$2)* (DESC_PROV[DESCUENTO]) )), ((B14*(1+IFERROR(VLOOKUP($D$2,COLORES[],2,FALSE),0)))+F14) *(1-SUMPRODUCT( (DESC_PROV[LINEA]=$B$2)* (DESC_PROV[LISTA]=$C$2)* (DESC_PROV[DESCUENTO]) )) *(1+VLOOKUP($C$2,LISTAS[],2,FALSE)) *(1+VLOOKUP($C$2,LISTAS[],3,FALSE)) ) /5,0)*5,0) -> 54300 | P14: =IFERROR( ROUND( IF($A$2="COSTO", ((B14*(1+IFERROR(VLOOKUP($D$2,COLORES[],2,FALSE),0)))+G14) *(1-SUMPRODUCT( (DESC_PROV[LINEA]=$B$2)* (DESC_PROV[LISTA]=$C$2)* (DESC_PROV[DESCUENTO]) )), ((B14*(1+IFERROR(VLOOKUP($D$2,COLORES[],2,FALSE),0)))+G14) *(1-SUMPRODUCT( (DESC_PROV[LINEA]=$B$2)* (DESC_PROV[LISTA]=$C$2)* (DESC_PROV[DESCUENTO]) )) *(1+VLOOKUP($C$2,LISTAS[],2,FALSE)) *(1+VLOOKUP($C$2,LISTAS[],3,FALSE)) ) /5,0)*5,0) -> 45715 | Q14: =IFERROR( ROUND( IF($A$2="COSTO", ((B14*(1+IFERROR(VLOOKUP($D$2,COLORES[],2,FALSE),0)))+H14) *(1-SUMPRODUCT( (DESC_PROV[LINEA]=$B$2)* (DESC_PROV[LISTA]=$C$2)* (DESC_PROV[DESCUENTO]) )), ((B14*(1+IFERROR(VLOOKUP($D$2,COLORES[],2,FALSE),0)))+H14) *(1-SUMPRODUCT( (DESC_PROV[LINEA]=$B$2)* (DESC_PROV[LISTA]=$C$2)* (DESC_PROV[DESCUENTO]) )) *(1+VLOOKUP($C$2,LISTAS[],2,FALSE)) *(1+VLOOKUP($C$2,LISTAS[],3,FALSE)) ) /5,0)*5,0) -> 61245
A15: 50x50 | B15: 34605 | C15: 4358 | D15: 5270 | E15: 6960 | F15: 15034 | G15: 5808 | H15: 22499 | K15: 50x50 | L15: =IFERROR( ROUND( IF($A$2="COSTO", ((B15*(1+IFERROR(VLOOKUP($D$2,COLORES[],2,FALSE),0)))+C15) *(1-SUMPRODUCT( (DESC_PROV[LINEA]=$B$2)* (DESC_PROV[LISTA]=$C$2)* (DESC_PROV[DESCUENTO]) )), ((B15*(1+IFERROR(VLOOKUP($D$2,COLORES[],2,FALSE),0)))+C15) *(1-SUMPRODUCT( (DESC_PROV[LINEA]=$B$2)* (DESC_PROV[LISTA]=$C$2)* (DESC_PROV[DESCUENTO]) )) *(1+VLOOKUP($C$2,LISTAS[],2,FALSE)) *(1+VLOOKUP($C$2,LISTAS[],3,FALSE)) ) /5,0)*5,0) -> 48320 | M15: =IFERROR( ROUND( IF($A$2="COSTO", ((B15*(1+IFERROR(VLOOKUP($D$2,COLORES[],2,FALSE),0)))+D15) *(1-SUMPRODUCT( (DESC_PROV[LINEA]=$B$2)* (DESC_PROV[LISTA]=$C$2)* (DESC_PROV[DESCUENTO]) )), ((B15*(1+IFERROR(VLOOKUP($D$2,COLORES[],2,FALSE),0)))+D15) *(1-SUMPRODUCT( (DESC_PROV[LINEA]=$B$2)* (DESC_PROV[LISTA]=$C$2)* (DESC_PROV[DESCUENTO]) )) *(1+VLOOKUP($C$2,LISTAS[],2,FALSE)) *(1+VLOOKUP($C$2,LISTAS[],3,FALSE)) ) /5,0)*5,0) -> 49455 | N15: =IFERROR( ROUND( IF($A$2="COSTO", ((B15*(1+IFERROR(VLOOKUP($D$2,COLORES[],2,FALSE),0)))+E15) *(1-SUMPRODUCT( (DESC_PROV[LINEA]=$B$2)* (DESC_PROV[LISTA]=$C$2)* (DESC_PROV[DESCUENTO]) )), ((B15*(1+IFERROR(VLOOKUP($D$2,COLORES[],2,FALSE),0)))+E15) *(1-SUMPRODUCT( (DESC_PROV[LINEA]=$B$2)* (DESC_PROV[LISTA]=$C$2)* (DESC_PROV[DESCUENTO]) )) *(1+VLOOKUP($C$2,LISTAS[],2,FALSE)) *(1+VLOOKUP($C$2,LISTAS[],3,FALSE)) ) /5,0)*5,0) -> 51550 | O15: =IFERROR( ROUND( IF($A$2="COSTO", ((B15*(1+IFERROR(VLOOKUP($D$2,COLORES[],2,FALSE),0)))+F15) *(1-SUMPRODUCT( (DESC_PROV[LINEA]=$B$2)* (DESC_PROV[LISTA]=$C$2)* (DESC_PROV[DESCUENTO]) )), ((B15*(1+IFERROR(VLOOKUP($D$2,COLORES[],2,FALSE),0)))+F15) *(1-SUMPRODUCT( (DESC_PROV[LINEA]=$B$2)* (DESC_PROV[LISTA]=$C$2)* (DESC_PROV[DESCUENTO]) )) *(1+VLOOKUP($C$2,LISTAS[],2,FALSE)) *(1+VLOOKUP($C$2,LISTAS[],3,FALSE)) ) /5,0)*5,0) -> 61560 | P15: =IFERROR( ROUND( IF($A$2="COSTO", ((B15*(1+IFERROR(VLOOKUP($D$2,COLORES[],2,FALSE),0)))+G15) *(1-SUMPRODUCT( (DESC_PROV[LINEA]=$B$2)* (DESC_PROV[LISTA]=$C$2)* (DESC_PROV[DESCUENTO]) )), ((B15*(1+IFERROR(VLOOKUP($D$2,COLORES[],2,FALSE),0)))+G15) *(1-SUMPRODUCT( (DESC_PROV[LINEA]=$B$2)* (DESC_PROV[LISTA]=$C$2)* (DESC_PROV[DESCUENTO]) )) *(1+VLOOKUP($C$2,LISTAS[],2,FALSE)) *(1+VLOOKUP($C$2,LISTAS[],3,FALSE)) ) /5,0)*5,0) -> 50120 | Q15: =IFERROR( ROUND( IF($A$2="COSTO", ((B15*(1+IFERROR(VLOOKUP($D$2,COLORES[],2,FALSE),0)))+H15) *(1-SUMPRODUCT( (DESC_PROV[LINEA]=$B$2)* (DESC_PROV[LISTA]=$C$2)* (DESC_PROV[DESCUENTO]) )), ((B15*(1+IFERROR(VLOOKUP($D$2,COLORES[],2,FALSE),0)))+H15) *(1-SUMPRODUCT( (DESC_PROV[LINEA]=$B$2)* (DESC_PROV[LISTA]=$C$2)* (DESC_PROV[DESCUENTO]) )) *(1+VLOOKUP($C$2,LISTAS[],2,FALSE)) *(1+VLOOKUP($C$2,LISTAS[],3,FALSE)) ) /5,0)*5,0) -> 70820
A16: 60x50 | B16: 36700 | C16: 5443 | D16: 6586 | E16: 8707 | F16: 18787 | G16: 7258 | H16: 28120 | K16: 60x50 | L16: =IFERROR( ROUND( IF($A$2="COSTO", ((B16*(1+IFERROR(VLOOKUP($D$2,COLORES[],2,FALSE),0)))+C16) *(1-SUMPRODUCT( (DESC_PROV[LINEA]=$B$2)* (DESC_PROV[LISTA]=$C$2)* (DESC_PROV[DESCUENTO]) )), ((B16*(1+IFERROR(VLOOKUP($D$2,COLORES[],2,FALSE),0)))+C16) *(1-SUMPRODUCT( (DESC_PROV[LINEA]=$B$2)* (DESC_PROV[LISTA]=$C$2)* (DESC_PROV[DESCUENTO]) )) *(1+VLOOKUP($C$2,LISTAS[],2,FALSE)) *(1+VLOOKUP($C$2,LISTAS[],3,FALSE)) ) /5,0)*5,0) -> 52265 | M16: =IFERROR( ROUND( IF($A$2="COSTO", ((B16*(1+IFERROR(VLOOKUP($D$2,COLORES[],2,FALSE),0)))+D16) *(1-SUMPRODUCT( (DESC_PROV[LINEA]=$B$2)* (DESC_PROV[LISTA]=$C$2)* (DESC_PROV[DESCUENTO]) )), ((B16*(1+IFERROR(VLOOKUP($D$2,COLORES[],2,FALSE),0)))+D16) *(1-SUMPRODUCT( (DESC_PROV[LINEA]=$B$2)* (DESC_PROV[LISTA]=$C$2)* (DESC_PROV[DESCUENTO]) )) *(1+VLOOKUP($C$2,LISTAS[],2,FALSE)) *(1+VLOOKUP($C$2,LISTAS[],3,FALSE)) ) /5,0)*5,0) -> 53685 | N16: =IFERROR( ROUND( IF($A$2="COSTO", ((B16*(1+IFERROR(VLOOKUP($D$2,COLORES[],2,FALSE),0)))+E16) *(1-SUMPRODUCT( (DESC_PROV[LINEA]=$B$2)* (DESC_PROV[LISTA]=$C$2)* (DESC_PROV[DESCUENTO]) )), ((B16*(1+IFERROR(VLOOKUP($D$2,COLORES[],2,FALSE),0)))+E16) *(1-SUMPRODUCT( (DESC_PROV[LINEA]=$B$2)* (DESC_PROV[LISTA]=$C$2)* (DESC_PROV[DESCUENTO]) )) *(1+VLOOKUP($C$2,LISTAS[],2,FALSE)) *(1+VLOOKUP($C$2,LISTAS[],3,FALSE)) ) /5,0)*5,0) -> 56315 | O16: =IFERROR( ROUND( IF($A$2="COSTO", ((B16*(1+IFERROR(VLOOKUP($D$2,COLORES[],2,FALSE),0)))+F16) *(1-SUMPRODUCT( (DESC_PROV[LINEA]=$B$2)* (DESC_PROV[LISTA]=$C$2)* (DESC_PROV[DESCUENTO]) )), ((B16*(1+IFERROR(VLOOKUP($D$2,COLORES[],2,FALSE),0)))+F16) *(1-SUMPRODUCT( (DESC_PROV[LINEA]=$B$2)* (DESC_PROV[LISTA]=$C$2)* (DESC_PROV[DESCUENTO]) )) *(1+VLOOKUP($C$2,LISTAS[],2,FALSE)) *(1+VLOOKUP($C$2,LISTAS[],3,FALSE)) ) /5,0)*5,0) -> 68815 | P16: =IFERROR( ROUND( IF($A$2="COSTO", ((B16*(1+IFERROR(VLOOKUP($D$2,COLORES[],2,FALSE),0)))+G16) *(1-SUMPRODUCT( (DESC_PROV[LINEA]=$B$2)* (DESC_PROV[LISTA]=$C$2)* (DESC_PROV[DESCUENTO]) )), ((B16*(1+IFERROR(VLOOKUP($D$2,COLORES[],2,FALSE),0)))+G16) *(1-SUMPRODUCT( (DESC_PROV[LINEA]=$B$2)* (DESC_PROV[LISTA]=$C$2)* (DESC_PROV[DESCUENTO]) )) *(1+VLOOKUP($C$2,LISTAS[],2,FALSE)) *(1+VLOOKUP($C$2,LISTAS[],3,FALSE)) ) /5,0)*5,0) -> 54515 | Q16: =IFERROR( ROUND( IF($A$2="COSTO", ((B16*(1+IFERROR(VLOOKUP($D$2,COLORES[],2,FALSE),0)))+H16) *(1-SUMPRODUCT( (DESC_PROV[LINEA]=$B$2)* (DESC_PROV[LISTA]=$C$2)* (DESC_PROV[DESCUENTO]) )), ((B16*(1+IFERROR(VLOOKUP($D$2,COLORES[],2,FALSE),0)))+H16) *(1-SUMPRODUCT( (DESC_PROV[LINEA]=$B$2)* (DESC_PROV[LISTA]=$C$2)* (DESC_PROV[DESCUENTO]) )) *(1+VLOOKUP($C$2,LISTAS[],2,FALSE)) *(1+VLOOKUP($C$2,LISTAS[],3,FALSE)) ) /5,0)*5,0) -> 80390
A17: 70x50 | B17: 38794 | C17: 6528 | D17: 7901 | E17: 10454 | F17: 22541 | G17: 8707 | H17: 33742 | K17: 70x50 | L17: =IFERROR( ROUND( IF($A$2="COSTO", ((B17*(1+IFERROR(VLOOKUP($D$2,COLORES[],2,FALSE),0)))+C17) *(1-SUMPRODUCT( (DESC_PROV[LINEA]=$B$2)* (DESC_PROV[LISTA]=$C$2)* (DESC_PROV[DESCUENTO]) )), ((B17*(1+IFERROR(VLOOKUP($D$2,COLORES[],2,FALSE),0)))+C17) *(1-SUMPRODUCT( (DESC_PROV[LINEA]=$B$2)* (DESC_PROV[LISTA]=$C$2)* (DESC_PROV[DESCUENTO]) )) *(1+VLOOKUP($C$2,LISTAS[],2,FALSE)) *(1+VLOOKUP($C$2,LISTAS[],3,FALSE)) ) /5,0)*5,0) -> 56210 | M17: =IFERROR( ROUND( IF($A$2="COSTO", ((B17*(1+IFERROR(VLOOKUP($D$2,COLORES[],2,FALSE),0)))+D17) *(1-SUMPRODUCT( (DESC_PROV[LINEA]=$B$2)* (DESC_PROV[LISTA]=$C$2)* (DESC_PROV[DESCUENTO]) )), ((B17*(1+IFERROR(VLOOKUP($D$2,COLORES[],2,FALSE),0)))+D17) *(1-SUMPRODUCT( (DESC_PROV[LINEA]=$B$2)* (DESC_PROV[LISTA]=$C$2)* (DESC_PROV[DESCUENTO]) )) *(1+VLOOKUP($C$2,LISTAS[],2,FALSE)) *(1+VLOOKUP($C$2,LISTAS[],3,FALSE)) ) /5,0)*5,0) -> 57910 | N17: =IFERROR( ROUND( IF($A$2="COSTO", ((B17*(1+IFERROR(VLOOKUP($D$2,COLORES[],2,FALSE),0)))+E17) *(1-SUMPRODUCT( (DESC_PROV[LINEA]=$B$2)* (DESC_PROV[LISTA]=$C$2)* (DESC_PROV[DESCUENTO]) )), ((B17*(1+IFERROR(VLOOKUP($D$2,COLORES[],2,FALSE),0)))+E17) *(1-SUMPRODUCT( (DESC_PROV[LINEA]=$B$2)* (DESC_PROV[LISTA]=$C$2)* (DESC_PROV[DESCUENTO]) )) *(1+VLOOKUP($C$2,LISTAS[],2,FALSE)) *(1+VLOOKUP($C$2,LISTAS[],3,FALSE)) ) /5,0)*5,0) -> 61075 | O17: =IFERROR( ROUND( IF($A$2="COSTO", ((B17*(1+IFERROR(VLOOKUP($D$2,COLORES[],2,FALSE),0)))+F17) *(1-SUMPRODUCT( (DESC_PROV[LINEA]=$B$2)* (DESC_PROV[LISTA]=$C$2)* (DESC_PROV[DESCUENTO]) )), ((B17*(1+IFERROR(VLOOKUP($D$2,COLORES[],2,FALSE),0)))+F17) *(1-SUMPRODUCT( (DESC_PROV[LINEA]=$B$2)* (DESC_PROV[LISTA]=$C$2)* (DESC_PROV[DESCUENTO]) )) *(1+VLOOKUP($C$2,LISTAS[],2,FALSE)) *(1+VLOOKUP($C$2,LISTAS[],3,FALSE)) ) /5,0)*5,0) -> 76070 | P17: =IFERROR( ROUND( IF($A$2="COSTO", ((B17*(1+IFERROR(VLOOKUP($D$2,COLORES[],2,FALSE),0)))+G17) *(1-SUMPRODUCT( (DESC_PROV[LINEA]=$B$2)* (DESC_PROV[LISTA]=$C$2)* (DESC_PROV[DESCUENTO]) )), ((B17*(1+IFERROR(VLOOKUP($D$2,COLORES[],2,FALSE),0)))+G17) *(1-SUMPRODUCT( (DESC_PROV[LINEA]=$B$2)* (DESC_PROV[LISTA]=$C$2)* (DESC_PROV[DESCUENTO]) )) *(1+VLOOKUP($C$2,LISTAS[],2,FALSE)) *(1+VLOOKUP($C$2,LISTAS[],3,FALSE)) ) /5,0)*5,0) -> 58910 | Q17: =IFERROR( ROUND( IF($A$2="COSTO", ((B17*(1+IFERROR(VLOOKUP($D$2,COLORES[],2,FALSE),0)))+H17) *(1-SUMPRODUCT( (DESC_PROV[LINEA]=$B$2)* (DESC_PROV[LISTA]=$C$2)* (DESC_PROV[DESCUENTO]) )), ((B17*(1+IFERROR(VLOOKUP($D$2,COLORES[],2,FALSE),0)))+H17) *(1-SUMPRODUCT( (DESC_PROV[LINEA]=$B$2)* (DESC_PROV[LISTA]=$C$2)* (DESC_PROV[DESCUENTO]) )) *(1+VLOOKUP($C$2,LISTAS[],2,FALSE)) *(1+VLOOKUP($C$2,LISTAS[],3,FALSE)) ) /5,0)*5,0) -> 89960
A18: 80x50 | B18: 40888 | C18: 7622 | D18: 9216 | E18: 12202 | F18: 26294 | G18: 10157 | H18: 39364 | K18: 80x50 | L18: =IFERROR( ROUND( IF($A$2="COSTO", ((B18*(1+IFERROR(VLOOKUP($D$2,COLORES[],2,FALSE),0)))+C18) *(1-SUMPRODUCT( (DESC_PROV[LINEA]=$B$2)* (DESC_PROV[LISTA]=$C$2)* (DESC_PROV[DESCUENTO]) )), ((B18*(1+IFERROR(VLOOKUP($D$2,COLORES[],2,FALSE),0)))+C18) *(1-SUMPRODUCT( (DESC_PROV[LINEA]=$B$2)* (DESC_PROV[LISTA]=$C$2)* (DESC_PROV[DESCUENTO]) )) *(1+VLOOKUP($C$2,LISTAS[],2,FALSE)) *(1+VLOOKUP($C$2,LISTAS[],3,FALSE)) ) /5,0)*5,0) -> 60160 | M18: =IFERROR( ROUND( IF($A$2="COSTO", ((B18*(1+IFERROR(VLOOKUP($D$2,COLORES[],2,FALSE),0)))+D18) *(1-SUMPRODUCT( (DESC_PROV[LINEA]=$B$2)* (DESC_PROV[LISTA]=$C$2)* (DESC_PROV[DESCUENTO]) )), ((B18*(1+IFERROR(VLOOKUP($D$2,COLORES[],2,FALSE),0)))+D18) *(1-SUMPRODUCT( (DESC_PROV[LINEA]=$B$2)* (DESC_PROV[LISTA]=$C$2)* (DESC_PROV[DESCUENTO]) )) *(1+VLOOKUP($C$2,LISTAS[],2,FALSE)) *(1+VLOOKUP($C$2,LISTAS[],3,FALSE)) ) /5,0)*5,0) -> 62140 | N18: =IFERROR( ROUND( IF($A$2="COSTO", ((B18*(1+IFERROR(VLOOKUP($D$2,COLORES[],2,FALSE),0)))+E18) *(1-SUMPRODUCT( (DESC_PROV[LINEA]=$B$2)* (DESC_PROV[LISTA]=$C$2)* (DESC_PROV[DESCUENTO]) )), ((B18*(1+IFERROR(VLOOKUP($D$2,COLORES[],2,FALSE),0)))+E18) *(1-SUMPRODUCT( (DESC_PROV[LINEA]=$B$2)* (DESC_PROV[LISTA]=$C$2)* (DESC_PROV[DESCUENTO]) )) *(1+VLOOKUP($C$2,LISTAS[],2,FALSE)) *(1+VLOOKUP($C$2,LISTAS[],3,FALSE)) ) /5,0)*5,0) -> 65840 | O18: =IFERROR( ROUND( IF($A$2="COSTO", ((B18*(1+IFERROR(VLOOKUP($D$2,COLORES[],2,FALSE),0)))+F18) *(1-SUMPRODUCT( (DESC_PROV[LINEA]=$B$2)* (DESC_PROV[LISTA]=$C$2)* (DESC_PROV[DESCUENTO]) )), ((B18*(1+IFERROR(VLOOKUP($D$2,COLORES[],2,FALSE),0)))+F18) *(1-SUMPRODUCT( (DESC_PROV[LINEA]=$B$2)* (DESC_PROV[LISTA]=$C$2)* (DESC_PROV[DESCUENTO]) )) *(1+VLOOKUP($C$2,LISTAS[],2,FALSE)) *(1+VLOOKUP($C$2,LISTAS[],3,FALSE)) ) /5,0)*5,0) -> 83320 | P18: =IFERROR( ROUND( IF($A$2="COSTO", ((B18*(1+IFERROR(VLOOKUP($D$2,COLORES[],2,FALSE),0)))+G18) *(1-SUMPRODUCT( (DESC_PROV[LINEA]=$B$2)* (DESC_PROV[LISTA]=$C$2)* (DESC_PROV[DESCUENTO]) )), ((B18*(1+IFERROR(VLOOKUP($D$2,COLORES[],2,FALSE),0)))+G18) *(1-SUMPRODUCT( (DESC_PROV[LINEA]=$B$2)* (DESC_PROV[LISTA]=$C$2)* (DESC_PROV[DESCUENTO]) )) *(1+VLOOKUP($C$2,LISTAS[],2,FALSE)) *(1+VLOOKUP($C$2,LISTAS[],3,FALSE)) ) /5,0)*5,0) -> 63305 | Q18: =IFERROR( ROUND( IF($A$2="COSTO", ((B18*(1+IFERROR(VLOOKUP($D$2,COLORES[],2,FALSE),0)))+H18) *(1-SUMPRODUCT( (DESC_PROV[LINEA]=$B$2)* (DESC_PROV[LISTA]=$C$2)* (DESC_PROV[DESCUENTO]) )), ((B18*(1+IFERROR(VLOOKUP($D$2,COLORES[],2,FALSE),0)))+H18) *(1-SUMPRODUCT( (DESC_PROV[LINEA]=$B$2)* (DESC_PROV[LISTA]=$C$2)* (DESC_PROV[DESCUENTO]) )) *(1+VLOOKUP($C$2,LISTAS[],2,FALSE)) *(1+VLOOKUP($C$2,LISTAS[],3,FALSE)) ) /5,0)*5,0) -> 99530
... A75: 100x150 | B75: 66027 | C75: 34301 | D75: 41549 | E75: 54854 | F75: 118378 | G75: 45715 | H75: 162593 | K75: 100x150 | L75: =IFERROR( ROUND( IF($A$2="COSTO", ((B75*(1+IFERROR(VLOOKUP($D$2,COLORES[],2,FALSE),0)))+C75) *(1-SUMPRODUCT( (DESC_PROV[LINEA]=$B$2)* (DESC_PROV[LISTA]=$C$2)* (DESC_PROV[DESCUENTO]) )), ((B75*(1+IFERROR(VLOOKUP($D$2,COLORES[],2,FALSE),0)))+C75) *(1-SUMPRODUCT( (DESC_PROV[LINEA]=$B$2)* (DESC_PROV[LISTA]=$C$2)* (DESC_PROV[DESCUENTO]) )) *(1+VLOOKUP($C$2,LISTAS[],2,FALSE)) *(1+VLOOKUP($C$2,LISTAS[],3,FALSE)) ) /5,0)*5,0) -> 124425 | M75: =IFERROR( ROUND( IF($A$2="COSTO", ((B75*(1+IFERROR(VLOOKUP($D$2,COLORES[],2,FALSE),0)))+D75) *(1-SUMPRODUCT( (DESC_PROV[LINEA]=$B$2)* (DESC_PROV[LISTA]=$C$2)* (DESC_PROV[DESCUENTO]) )), ((B75*(1+IFERROR(VLOOKUP($D$2,COLORES[],2,FALSE),0)))+D75) *(1-SUMPRODUCT( (DESC_PROV[LINEA]=$B$2)* (DESC_PROV[LISTA]=$C$2)* (DESC_PROV[DESCUENTO]) )) *(1+VLOOKUP($C$2,LISTAS[],2,FALSE)) *(1+VLOOKUP($C$2,LISTAS[],3,FALSE)) ) /5,0)*5,0) -> 133415 | N75: =IFERROR( ROUND( IF($A$2="COSTO", ((B75*(1+IFERROR(VLOOKUP($D$2,COLORES[],2,FALSE),0)))+E75) *(1-SUMPRODUCT( (DESC_PROV[LINEA]=$B$2)* (DESC_PROV[LISTA]=$C$2)* (DESC_PROV[DESCUENTO]) )), ((B75*(1+IFERROR(VLOOKUP($D$2,COLORES[],2,FALSE),0)))+E75) *(1-SUMPRODUCT( (DESC_PROV[LINEA]=$B$2)* (DESC_PROV[LISTA]=$C$2)* (DESC_PROV[DESCUENTO]) )) *(1+VLOOKUP($C$2,LISTAS[],2,FALSE)) *(1+VLOOKUP($C$2,LISTAS[],3,FALSE)) ) /5,0)*5,0) -> 149915 | O75: =IFERROR( ROUND( IF($A$2="COSTO", ((B75*(1+IFERROR(VLOOKUP($D$2,COLORES[],2,FALSE),0)))+F75) *(1-SUMPRODUCT( (DESC_PROV[LINEA]=$B$2)* (DESC_PROV[LISTA]=$C$2)* (DESC_PROV[DESCUENTO]) )), ((B75*(1+IFERROR(VLOOKUP($D$2,COLORES[],2,FALSE),0)))+F75) *(1-SUMPRODUCT( (DESC_PROV[LINEA]=$B$2)* (DESC_PROV[LISTA]=$C$2)* (DESC_PROV[DESCUENTO]) )) *(1+VLOOKUP($C$2,LISTAS[],2,FALSE)) *(1+VLOOKUP($C$2,LISTAS[],3,FALSE)) ) /5,0)*5,0) -> 228700 | P75: =IFERROR( ROUND( IF($A$2="COSTO", ((B75*(1+IFERROR(VLOOKUP($D$2,COLORES[],2,FALSE),0)))+G75) *(1-SUMPRODUCT( (DESC_PROV[LINEA]=$B$2)* (DESC_PROV[LISTA]=$C$2)* (DESC_PROV[DESCUENTO]) )), ((B75*(1+IFERROR(VLOOKUP($D$2,COLORES[],2,FALSE),0)))+G75) *(1-SUMPRODUCT( (DESC_PROV[LINEA]=$B$2)* (DESC_PROV[LISTA]=$C$2)* (DESC_PROV[DESCUENTO]) )) *(1+VLOOKUP($C$2,LISTAS[],2,FALSE)) *(1+VLOOKUP($C$2,LISTAS[],3,FALSE)) ) /5,0)*5,0) -> 138580 | Q75: =IFERROR( ROUND( IF($A$2="COSTO", ((B75*(1+IFERROR(VLOOKUP($D$2,COLORES[],2,FALSE),0)))+H75) *(1-SUMPRODUCT( (DESC_PROV[LINEA]=$B$2)* (DESC_PROV[LISTA]=$C$2)* (DESC_PROV[DESCUENTO]) )), ((B75*(1+IFERROR(VLOOKUP($D$2,COLORES[],2,FALSE),0)))+H75) *(1-SUMPRODUCT( (DESC_PROV[LINEA]=$B$2)* (DESC_PROV[LISTA]=$C$2)* (DESC_PROV[DESCUENTO]) )) *(1+VLOOKUP($C$2,LISTAS[],2,FALSE)) *(1+VLOOKUP($C$2,LISTAS[],3,FALSE)) ) /5,0)*5,0) -> 283535

Sheet puertas herrero
A1: MODO | B1: LINEA | C1: LISTA | D1: COLOR | E1: ANCHO
A2: =CONTROL!B4 -> VENTA | B2: HERRERO | C2: =CONTROL!C4 -> AMARILLA | D2: =CONTROL!D4 -> BLANCO | E2: 0.8
A4: PUERTAS HERRERO | J4: PUERTAS HERRERO
B5: s/vidrio | C5: v/3mm | D5: v/4mm | E5: v/5mm | F5: v/fantasia | G5: v/esmerilado | H5: V3+3 | K5: v/3mm | L5: v/4mm | M5: v/5mm | N5: v/fantasia | O5: v/esmerilado | P5: V3+3
A6: modelo 1 | B6: 122701 | C6: 0 | D6: 25448 | E6: 0 | F6: 28009 | G6: 72521 | H6: 108521 | J6: modelo 1 | K6: - | L6: =IFERROR( ROUND( IF($A$2="COSTO", ((B6*(1+IFERROR(VLOOKUP($D$2,COLORES[],2,FALSE),0)) + D6) *(1+($E$2-0.8))) *(1-SUMPRODUCT( (DESC_PROV[LINEA]=$B$2)* (DESC_PROV[LISTA]=$C$2)* (DESC_PROV[DESCUENTO]) )), ((B6*(1+IFERROR(VLOOKUP($D$2,COLORES[],2,FALSE),0)) + D6) *(1+($E$2-0.8))) *(1-SUMPRODUCT( (DESC_PROV[LINEA]=$B$2)* (DESC_PROV[LISTA]=$C$2)* (DESC_PROV[DESCUENTO]) )) *(1+VLOOKUP($C$2,LISTAS[],2,FALSE)) *(1+VLOOKUP($C$2,LISTAS[],3,FALSE)) ) /5,0)*5,0) -> 183735 | M6: - | N6: =IFERROR( ROUND( IF($A$2="COSTO", ((B6*(1+IFERROR(VLOOKUP($D$2,COLORES[],2,FALSE),0)) + F6) *IF($E$2=0.8,1,IF($E$2=0.7,1-7%,1+10%))) *(1-SUMPRODUCT( (DESC_PROV[LINEA]=$B$2)* (DESC_PROV[LISTA]=$C$2)* (DESC_PROV[DESCUENTO]) )), ((B6*(1+IFERROR(VLOOKUP($D$2,COLORES[],2,FALSE),0)) + F6) *IF($E$2=0.8,1,IF($E$2=0.7,1-7%,1+10%))) *(1-SUMPRODUCT( (DESC_PROV[LINEA]=$B$2)* (DESC_PROV[LISTA]=$C$2)* (DESC_PROV[DESCUENTO]) )) *(1+VLOOKUP($C$2,LISTAS[],2,FALSE)) *(1+VLOOKUP($C$2,LISTAS[],3,FALSE)) ) /5,0)*5,0) -> 186910 | O6: =IFERROR( ROUND( IF($A$2="COSTO", ((B6*(1+IFERROR(VLOOKUP($D$2,COLORES[],2,FALSE),0)) + G6) *IF($E$2=0.8,1,IF($E$2=0.7,1-7%,1+10%))) *(1-SUMPRODUCT( (DESC_PROV[LINEA]=$B$2)* (DESC_PROV[LISTA]=$C$2)* (DESC_PROV[DESCUENTO]) )), ((B6*(1+IFERROR(VLOOKUP($D$2,COLORES[],2,FALSE),0)) + G6) *IF($E$2=0.8,1,IF($E$2=0.7,1-7%,1+10%))) *(1-SUMPRODUCT( (DESC_PROV[LINEA]=$B$2)* (DESC_PROV[LISTA]=$C$2)* (DESC_PROV[DESCUENTO]) )) *(1+VLOOKUP($C$2,LISTAS[],2,FALSE)) *(1+VLOOKUP($C$2,LISTAS[],3,FALSE)) ) /5,0)*5,0) -> 242115 | P6: =IFERROR( ROUND( IF($A$2="COSTO", ((B6*(1+IFERROR(VLOOKUP($D$2,COLORES[],2,FALSE),0)) + H6) *IF($E$2=0.8,1,IF($E$2=0.7,1-7%,1+10%))) *(1-SUMPRODUCT( (DESC_PROV[LINEA]=$B$2)* (DESC_PROV[LISTA]=$C$2)* (DESC_PROV[DESCUENTO]) )), ((B6*(1+IFERROR(VLOOKUP($D$2,COLORES[],2,FALSE),0)) + H6) *IF($E$2=0.8,1,IF($E$2=0.7,1-7%,1+10%))) *(1-SUMPRODUCT( (DESC_PROV[LINEA]=$B$2)* (DESC_PROV[LISTA]=$C$2)* (DESC_PROV[DESCUENTO]) )) *(1+VLOOKUP($C$2,LISTAS[],2,FALSE)) *(1+VLOOKUP($C$2,LISTAS[],3,FALSE)) ) /5,0)*5,0) -> 286760
A7: modelo 1 vr | B7: 162622 | C7: 0 | D7: 25448 | E7: 0 | F7: 28009 | G7: 72521 | H7: 0 | J7: modelo 1 vr | K7: - | L7: =IFERROR( ROUND( IF($A$2="COSTO", ((B7*(1+IFERROR(VLOOKUP($D$2,COLORES[],2,FALSE),0)) + D7) *(1+($E$2-0.8))) *(1-SUMPRODUCT( (DESC_PROV[LINEA]=$B$2)* (DESC_PROV[LISTA]=$C$2)* (DESC_PROV[DESCUENTO]) )), ((B7*(1+IFERROR(VLOOKUP($D$2,COLORES[],2,FALSE),0)) + D7) *(1+($E$2-0.8))) *(1-SUMPRODUCT( (DESC_PROV[LINEA]=$B$2)* (DESC_PROV[LISTA]=$C$2)* (DESC_PROV[DESCUENTO]) )) *(1+VLOOKUP($C$2,LISTAS[],2,FALSE)) *(1+VLOOKUP($C$2,LISTAS[],3,FALSE)) ) /5,0)*5,0) -> 233245 | M7: - | N7: =IFERROR( ROUND( IF($A$2="COSTO", ((B7*(1+IFERROR(VLOOKUP($D$2,COLORES[],2,FALSE),0)) + F7) *IF($E$2=0.8,1,IF($E$2=0.7,1-7%,1+10%))) *(1-SUMPRODUCT( (DESC_PROV[LINEA]=$B$2)* (DESC_PROV[LISTA]=$C$2)* (DESC_PROV[DESCUENTO]) )), ((B7*(1+IFERROR(VLOOKUP($D$2,COLORES[],2,FALSE),0)) + F7) *IF($E$2=0.8,1,IF($E$2=0.7,1-7%,1+10%))) *(1-SUMPRODUCT( (DESC_PROV[LINEA]=$B$2)* (DESC_PROV[LISTA]=$C$2)* (DESC_PROV[DESCUENTO]) )) *(1+VLOOKUP($C$2,LISTAS[],2,FALSE)) *(1+VLOOKUP($C$2,LISTAS[],3,FALSE)) ) /5,0)*5,0) -> 236420 | O7: =IFERROR( ROUND( IF($A$2="COSTO", ((B7*(1+IFERROR(VLOOKUP($D$2,COLORES[],2,FALSE),0)) + G7) *IF($E$2=0.8,1,IF($E$2=0.7,1-7%,1+10%))) *(1-SUMPRODUCT( (DESC_PROV[LINEA]=$B$2)* (DESC_PROV[LISTA]=$C$2)* (DESC_PROV[DESCUENTO]) )), ((B7*(1+IFERROR(VLOOKUP($D$2,COLORES[],2,FALSE),0)) + G7) *IF($E$2=0.8,1,IF($E$2=0.7,1-7%,1+10%))) *(1-SUMPRODUCT( (DESC_PROV[LINEA]=$B$2)* (DESC_PROV[LISTA]=$C$2)* (DESC_PROV[DESCUENTO]) )) *(1+VLOOKUP($C$2,LISTAS[],2,FALSE)) *(1+VLOOKUP($C$2,LISTAS[],3,FALSE)) ) /5,0)*5,0) -> 291625 | P7: =IFERROR( ROUND( IF($A$2="COSTO", ((B7*(1+IFERROR(VLOOKUP($D$2,COLORES[],2,FALSE),0)) + H7) *IF($E$2=0.8,1,IF($E$2=0.7,1-7%,1+10%))) *(1-SUMPRODUCT( (DESC_PROV[LINEA]=$B$2)* (DESC_PROV[LISTA]=$C$2)* (DESC_PROV[DESCUENTO]) )), ((B7*(1+IFERROR(VLOOKUP($D$2,COLORES[],2,FALSE),0)) + H7) *IF($E$2=0.8,1,IF($E$2=0.7,1-7%,1+10%))) *(1-SUMPRODUCT( (DESC_PROV[LINEA]=$B$2)* (DESC_PROV[LISTA]=$C$2)* (DESC_PROV[DESCUENTO]) )) *(1+VLOOKUP($C$2,LISTAS[],2,FALSE)) *(1+VLOOKUP($C$2,LISTAS[],3,FALSE)) ) /5,0)*5,0) -> 201685
A8: modelo 2 | B8: 129329 | C8: 19890 | D8: 24115 | E8: 31746 | F8: 26533 | G8: 68705 | H8: 83034 | J8: modelo 2 | K8: =IFERROR( ROUND( IF($A$2="COSTO", ((B8*(1+IFERROR(VLOOKUP($D$2,COLORES[],2,FALSE),0)) + C8) *IF($E$2=0.8,1,IF($E$2=0.7,1-7%,1+10%))) *(1-SUMPRODUCT( (DESC_PROV[LINEA]=$B$2)* (DESC_PROV[LISTA]=$C$2)* (DESC_PROV[DESCUENTO]) )), ((B8*(1+IFERROR(VLOOKUP($D$2,COLORES[],2,FALSE),0)) + C8) *IF($E$2=0.8,1,IF($E$2=0.7,1-7%,1+10%))) *(1-SUMPRODUCT( (DESC_PROV[LINEA]=$B$2)* (DESC_PROV[LISTA]=$C$2)* (DESC_PROV[DESCUENTO]) )) *(1+VLOOKUP($C$2,LISTAS[],2,FALSE)) *(1+VLOOKUP($C$2,LISTAS[],3,FALSE)) ) /5,0)*5,0) -> 185060 | L8: =IFERROR( ROUND( IF($A$2="COSTO", ((B8*(1+IFERROR(VLOOKUP($D$2,COLORES[],2,FALSE),0)) + D8) *(1+($E$2-0.8))) *(1-SUMPRODUCT( (DESC_PROV[LINEA]=$B$2)* (DESC_PROV[LISTA]=$C$2)* (DESC_PROV[DESCUENTO]) )), ((B8*(1+IFERROR(VLOOKUP($D$2,COLORES[],2,FALSE),0)) + D8) *(1+($E$2-0.8))) *(1-SUMPRODUCT( (DESC_PROV[LINEA]=$B$2)* (DESC_PROV[LISTA]=$C$2)* (DESC_PROV[DESCUENTO]) )) *(1+VLOOKUP($C$2,LISTAS[],2,FALSE)) *(1+VLOOKUP($C$2,LISTAS[],3,FALSE)) ) /5,0)*5,0) -> 190300 | M8: =IFERROR( ROUND( IF($A$2="COSTO", ((B8*(1+IFERROR(VLOOKUP($D$2,COLORES[],2,FALSE),0)) + E8) *IF($E$2=0.8,1,IF($E$2=0.7,1-7%,1+10%))) *(1-SUMPRODUCT( (DESC_PROV[LINEA]=$B$2)* (DESC_PROV[LISTA]=$C$2)* (DESC_PROV[DESCUENTO]) )), ((B8*(1+IFERROR(VLOOKUP($D$2,COLORES[],2,FALSE),0)) + E8) *IF($E$2=0.8,1,IF($E$2=0.7,1-7%,1+10%))) *(1-SUMPRODUCT( (DESC_PROV[LINEA]=$B$2)* (DESC_PROV[LISTA]=$C$2)* (DESC_PROV[DESCUENTO]) )) *(1+VLOOKUP($C$2,LISTAS[],2,FALSE)) *(1+VLOOKUP($C$2,LISTAS[],3,FALSE)) ) /5,0)*5,0) -> 199765 | N8: =IFERROR( ROUND( IF($A$2="COSTO", ((B8*(1+IFERROR(VLOOKUP($D$2,COLORES[],2,FALSE),0)) + F8) *IF($E$2=0.8,1,IF($E$2=0.7,1-7%,1+10%))) *(1-SUMPRODUCT( (DESC_PROV[LINEA]=$B$2)* (DESC_PROV[LISTA]=$C$2)* (DESC_PROV[DESCUENTO]) )), ((B8*(1+IFERROR(VLOOKUP($D$2,COLORES[],2,FALSE),0)) + F8) *IF($E$2=0.8,1,IF($E$2=0.7,1-7%,1+10%))) *(1-SUMPRODUCT( (DESC_PROV[LINEA]=$B$2)* (DESC_PROV[LISTA]=$C$2)* (DESC_PROV[DESCUENTO]) )) *(1+VLOOKUP($C$2,LISTAS[],2,FALSE)) *(1+VLOOKUP($C$2,LISTAS[],3,FALSE)) ) /5,0)*5,0) -> 193300 | O8: =IFERROR( ROUND( IF($A$2="COSTO", ((B8*(1+IFERROR(VLOOKUP($D$2,COLORES[],2,FALSE),0)) + G8) *IF($E$2=0.8,1,IF($E$2=0.7,1-7%,1+10%))) *(1-SUMPRODUCT( (DESC_PROV[LINEA]=$B$2)* (DESC_PROV[LISTA]=$C$2)* (DESC_PROV[DESCUENTO]) )), ((B8*(1+IFERROR(VLOOKUP($D$2,COLORES[],2,FALSE),0)) + G8) *IF($E$2=0.8,1,IF($E$2=0.7,1-7%,1+10%))) *(1-SUMPRODUCT( (DESC_PROV[LINEA]=$B$2)* (DESC_PROV[LISTA]=$C$2)* (DESC_PROV[DESCUENTO]) )) *(1+VLOOKUP($C$2,LISTAS[],2,FALSE)) *(1+VLOOKUP($C$2,LISTAS[],3,FALSE)) ) /5,0)*5,0) -> 245600 | P8: =IFERROR( ROUND( IF($A$2="COSTO", ((B8*(1+IFERROR(VLOOKUP($D$2,COLORES[],2,FALSE),0)) + H8) *IF($E$2=0.8,1,IF($E$2=0.7,1-7%,1+10%))) *(1-SUMPRODUCT( (DESC_PROV[LINEA]=$B$2)* (DESC_PROV[LISTA]=$C$2)* (DESC_PROV[DESCUENTO]) )), ((B8*(1+IFERROR(VLOOKUP($D$2,COLORES[],2,FALSE),0)) + H8) *IF($E$2=0.8,1,IF($E$2=0.7,1-7%,1+10%))) *(1-SUMPRODUCT( (DESC_PROV[LINEA]=$B$2)* (DESC_PROV[LISTA]=$C$2)* (DESC_PROV[DESCUENTO]) )) *(1+VLOOKUP($C$2,LISTAS[],2,FALSE)) *(1+VLOOKUP($C$2,LISTAS[],3,FALSE)) ) /5,0)*5,0) -> 263375
A9: modelo 3 | B9: 171098 | C9: 9945 | D9: 12058 | E9: 15873 | F9: 13267 | G9: 34353 | H9: 41517 | J9: modelo 3 | K9: =IFERROR( ROUND( IF($A$2="COSTO", ((B9*(1+IFERROR(VLOOKUP($D$2,COLORES[],2,FALSE),0)) + C9) *IF($E$2=0.8,1,IF($E$2=0.7,1-7%,1+10%))) *(1-SUMPRODUCT( (DESC_PROV[LINEA]=$B$2)* (DESC_PROV[LISTA]=$C$2)* (DESC_PROV[DESCUENTO]) )), ((B9*(1+IFERROR(VLOOKUP($D$2,COLORES[],2,FALSE),0)) + C9) *IF($E$2=0.8,1,IF($E$2=0.7,1-7%,1+10%))) *(1-SUMPRODUCT( (DESC_PROV[LINEA]=$B$2)* (DESC_PROV[LISTA]=$C$2)* (DESC_PROV[DESCUENTO]) )) *(1+VLOOKUP($C$2,LISTAS[],2,FALSE)) *(1+VLOOKUP($C$2,LISTAS[],3,FALSE)) ) /5,0)*5,0) -> 224530 | L9: =IFERROR( ROUND( IF($A$2="COSTO", ((B9*(1+IFERROR(VLOOKUP($D$2,COLORES[],2,FALSE),0)) + D9) *(1+($E$2-0.8))) *(1-SUMPRODUCT( (DESC_PROV[LINEA]=$B$2)* (DESC_PROV[LISTA]=$C$2)* (DESC_PROV[DESCUENTO]) )), ((B9*(1+IFERROR(VLOOKUP($D$2,COLORES[],2,FALSE),0)) + D9) *(1+($E$2-0.8))) *(1-SUMPRODUCT( (DESC_PROV[LINEA]=$B$2)* (DESC_PROV[LISTA]=$C$2)* (DESC_PROV[DESCUENTO]) )) *(1+VLOOKUP($C$2,LISTAS[],2,FALSE)) *(1+VLOOKUP($C$2,LISTAS[],3,FALSE)) ) /5,0)*5,0) -> 227150 | M9: =IFERROR( ROUND( IF($A$2="COSTO", ((B9*(1+IFERROR(VLOOKUP($D$2,COLORES[],2,FALSE),0)) + E9) *IF($E$2=0.8,1,IF($E$2=0.7,1-7%,1+10%))) *(1-SUMPRODUCT( (DESC_PROV[LINEA]=$B$2)* (DESC_PROV[LISTA]=$C$2)* (DESC_PROV[DESCUENTO]) )), ((B9*(1+IFERROR(VLOOKUP($D$2,COLORES[],2,FALSE),0)) + E9) *IF($E$2=0.8,1,IF($E$2=0.7,1-7%,1+10%))) *(1-SUMPRODUCT( (DESC_PROV[LINEA]=$B$2)* (DESC_PROV[LISTA]=$C$2)* (DESC_PROV[DESCUENTO]) )) *(1+VLOOKUP($C$2,LISTAS[],2,FALSE)) *(1+VLOOKUP($C$2,LISTAS[],3,FALSE)) ) /5,0)*5,0) -> 231880 | N9: =IFERROR( ROUND( IF($A$2="COSTO", ((B9*(1+IFERROR(VLOOKUP($D$2,COLORES[],2,FALSE),0)) + F9) *IF($E$2=0.8,1,IF($E$2=0.7,1-7%,1+10%))) *(1-SUMPRODUCT( (DESC_PROV[LINEA]=$B$2)* (DESC_PROV[LISTA]=$C$2)* (DESC_PROV[DESCUENTO]) )), ((B9*(1+IFERROR(VLOOKUP($D$2,COLORES[],2,FALSE),0)) + F9) *IF($E$2=0.8,1,IF($E$2=0.7,1-7%,1+10%))) *(1-SUMPRODUCT( (DESC_PROV[LINEA]=$B$2)* (DESC_PROV[LISTA]=$C$2)* (DESC_PROV[DESCUENTO]) )) *(1+VLOOKUP($C$2,LISTAS[],2,FALSE)) *(1+VLOOKUP($C$2,LISTAS[],3,FALSE)) ) /5,0)*5,0) -> 228650 | O9: =IFERROR( ROUND( IF($A$2="COSTO", ((B9*(1+IFERROR(VLOOKUP($D$2,COLORES[],2,FALSE),0)) + G9) *IF($E$2=0.8,1,IF($E$2=0.7,1-7%,1+10%))) *(1-SUMPRODUCT( (DESC_PROV[LINEA]=$B$2)* (DESC_PROV[LISTA]=$C$2)* (DESC_PROV[DESCUENTO]) )), ((B9*(1+IFERROR(VLOOKUP($D$2,COLORES[],2,FALSE),0)) + G9) *IF($E$2=0.8,1,IF($E$2=0.7,1-7%,1+10%))) *(1-SUMPRODUCT( (DESC_PROV[LINEA]=$B$2)* (DESC_PROV[LISTA]=$C$2)* (DESC_PROV[DESCUENTO]) )) *(1+VLOOKUP($C$2,LISTAS[],2,FALSE)) *(1+VLOOKUP($C$2,LISTAS[],3,FALSE)) ) /5,0)*5,0) -> 254800 | P9: =IFERROR( ROUND( IF($A$2="COSTO", ((B9*(1+IFERROR(VLOOKUP($D$2,COLORES[],2,FALSE),0)) + H9) *IF($E$2=0.8,1,IF($E$2=0.7,1-7%,1+10%))) *(1-SUMPRODUCT( (DESC_PROV[LINEA]=$B$2)* (DESC_PROV[LISTA]=$C$2)* (DESC_PROV[DESCUENTO]) )), ((B9*(1+IFERROR(VLOOKUP($D$2,COLORES[],2,FALSE),0)) + H9) *IF($E$2=0.8,1,IF($E$2=0.7,1-7%,1+10%))) *(1-SUMPRODUCT( (DESC_PROV[LINEA]=$B$2)* (DESC_PROV[LISTA]=$C$2)* (DESC_PROV[DESCUENTO]) )) *(1+VLOOKUP($C$2,LISTAS[],2,FALSE)) *(1+VLOOKUP($C$2,LISTAS[],3,FALSE)) ) /5,0)*5,0) -> 263685
A10: modelo 3 vr | B10: 195833 | C10: 9945 | D10: 0 | E10: 0 | F10: 13267 | G10: 34353 | H10: 0 | J10: modelo 3 vr | K10: =IFERROR( ROUND( IF($A$2="COSTO", ((B10*(1+IFERROR(VLOOKUP($D$2,COLORES[],2,FALSE),0)) + C10) *IF($E$2=0.8,1,IF($E$2=0.7,1-7%,1+10%))) *(1-SUMPRODUCT( (DESC_PROV[LINEA]=$B$2)* (DESC_PROV[LISTA]=$C$2)* (DESC_PROV[DESCUENTO]) )), ((B10*(1+IFERROR(VLOOKUP($D$2,COLORES[],2,FALSE),0)) + C10) *IF($E$2=0.8,1,IF($E$2=0.7,1-7%,1+10%))) *(1-SUMPRODUCT( (DESC_PROV[LINEA]=$B$2)* (DESC_PROV[LISTA]=$C$2)* (DESC_PROV[DESCUENTO]) )) *(1+VLOOKUP($C$2,LISTAS[],2,FALSE)) *(1+VLOOKUP($C$2,LISTAS[],3,FALSE)) ) /5,0)*5,0) -> 255205 | L10: - | M10: - | N10: =IFERROR( ROUND( IF($A$2="COSTO", ((B10*(1+IFERROR(VLOOKUP($D$2,COLORES[],2,FALSE),0)) + F10) *IF($E$2=0.8,1,IF($E$2=0.7,1-7%,1+10%))) *(1-SUMPRODUCT( (DESC_PROV[LINEA]=$B$2)* (DESC_PROV[LISTA]=$C$2)* (DESC_PROV[DESCUENTO]) )), ((B10*(1+IFERROR(VLOOKUP($D$2,COLORES[],2,FALSE),0)) + F10) *IF($E$2=0.8,1,IF($E$2=0.7,1-7%,1+10%))) *(1-SUMPRODUCT( (DESC_PROV[LINEA]=$B$2)* (DESC_PROV[LISTA]=$C$2)* (DESC_PROV[DESCUENTO]) )) *(1+VLOOKUP($C$2,LISTAS[],2,FALSE)) *(1+VLOOKUP($C$2,LISTAS[],3,FALSE)) ) /5,0)*5,0) -> 259325 | O10: =IFERROR( ROUND( IF($A$2="COSTO", ((B10*(1+IFERROR(VLOOKUP($D$2,COLORES[],2,FALSE),0)) + G10) *IF($E$2=0.8,1,IF($E$2=0.7,1-7%,1+10%))) *(1-SUMPRODUCT( (DESC_PROV[LINEA]=$B$2)* (DESC_PROV[LISTA]=$C$2)* (DESC_PROV[DESCUENTO]) )), ((B10*(1+IFERROR(VLOOKUP($D$2,COLORES[],2,FALSE),0)) + G10) *IF($E$2=0.8,1,IF($E$2=0.7,1-7%,1+10%))) *(1-SUMPRODUCT( (DESC_PROV[LINEA]=$B$2)* (DESC_PROV[LISTA]=$C$2)* (DESC_PROV[DESCUENTO]) )) *(1+VLOOKUP($C$2,LISTAS[],2,FALSE)) *(1+VLOOKUP($C$2,LISTAS[],3,FALSE)) ) /5,0)*5,0) -> 285475 | P10: =IFERROR( ROUND( IF($A$2="COSTO", ((B10*(1+IFERROR(VLOOKUP($D$2,COLORES[],2,FALSE),0)) + H10) *IF($E$2=0.8,1,IF($E$2=0.7,1-7%,1+10%))) *(1-SUMPRODUCT( (DESC_PROV[LINEA]=$B$2)* (DESC_PROV[LISTA]=$C$2)* (DESC_PROV[DESCUENTO]) )), ((B10*(1+IFERROR(VLOOKUP($D$2,COLORES[],2,FALSE),0)) + H10) *IF($E$2=0.8,1,IF($E$2=0.7,1-7%,1+10%))) *(1-SUMPRODUCT( (DESC_PROV[LINEA]=$B$2)* (DESC_PROV[LISTA]=$C$2)* (DESC_PROV[DESCUENTO]) )) *(1+VLOOKUP($C$2,LISTAS[],2,FALSE)) *(1+VLOOKUP($C$2,LISTAS[],3,FALSE)) ) /5,0)*5,0) -> 242870
A11: modelo 4 | B11: 191983 | C11: 5558 | D11: 6695 | E11: 8821 | F11: 7371 | G11: 19084 | H11: 23064 | J11: modelo 4 | K11: =IFERROR( ROUND( IF($A$2="COSTO", ((B11*(1+IFERROR(VLOOKUP($D$2,COLORES[],2,FALSE),0)) + C11) *IF($E$2=0.8,1,IF($E$2=0.7,1-7%,1+10%))) *(1-SUMPRODUCT( (DESC_PROV[LINEA]=$B$2)* (DESC_PROV[LISTA]=$C$2)* (DESC_PROV[DESCUENTO]) )), ((B11*(1+IFERROR(VLOOKUP($D$2,COLORES[],2,FALSE),0)) + C11) *IF($E$2=0.8,1,IF($E$2=0.7,1-7%,1+10%))) *(1-SUMPRODUCT( (DESC_PROV[LINEA]=$B$2)* (DESC_PROV[LISTA]=$C$2)* (DESC_PROV[DESCUENTO]) )) *(1+VLOOKUP($C$2,LISTAS[],2,FALSE)) *(1+VLOOKUP($C$2,LISTAS[],3,FALSE)) ) /5,0)*5,0) -> 244990 | L11: =IFERROR( ROUND( IF($A$2="COSTO", ((B11*(1+IFERROR(VLOOKUP($D$2,COLORES[],2,FALSE),0)) + D11) *(1+($E$2-0.8))) *(1-SUMPRODUCT( (DESC_PROV[LINEA]=$B$2)* (DESC_PROV[LISTA]=$C$2)* (DESC_PROV[DESCUENTO]) )), ((B11*(1+IFERROR(VLOOKUP($D$2,COLORES[],2,FALSE),0)) + D11) *(1+($E$2-0.8))) *(1-SUMPRODUCT( (DESC_PROV[LINEA]=$B$2)* (DESC_PROV[LISTA]=$C$2)* (DESC_PROV[DESCUENTO]) )) *(1+VLOOKUP($C$2,LISTAS[],2,FALSE)) *(1+VLOOKUP($C$2,LISTAS[],3,FALSE)) ) /5,0)*5,0) -> 246400 | M11: =IFERROR( ROUND( IF($A$2="COSTO", ((B11*(1+IFERROR(VLOOKUP($D$2,COLORES[],2,FALSE),0)) + E11) *IF($E$2=0.8,1,IF($E$2=0.7,1-7%,1+10%))) *(1-SUMPRODUCT( (DESC_PROV[LINEA]=$B$2)* (DESC_PROV[LISTA]=$C$2)* (DESC_PROV[DESCUENTO]) )), ((B11*(1+IFERROR(VLOOKUP($D$2,COLORES[],2,FALSE),0)) + E11) *IF($E$2=0.8,1,IF($E$2=0.7,1-7%,1+10%))) *(1-SUMPRODUCT( (DESC_PROV[LINEA]=$B$2)* (DESC_PROV[LISTA]=$C$2)* (DESC_PROV[DESCUENTO]) )) *(1+VLOOKUP($C$2,LISTAS[],2,FALSE)) *(1+VLOOKUP($C$2,LISTAS[],3,FALSE)) ) /5,0)*5,0) -> 249035 | N11: =IFERROR( ROUND( IF($A$2="COSTO", ((B11*(1+IFERROR(VLOOKUP($D$2,COLORES[],2,FALSE),0)) + F11) *IF($E$2=0.8,1,IF($E$2=0.7,1-7%,1+10%))) *(1-SUMPRODUCT( (DESC_PROV[LINEA]=$B$2)* (DESC_PROV[LISTA]=$C$2)* (DESC_PROV[DESCUENTO]) )), ((B11*(1+IFERROR(VLOOKUP($D$2,COLORES[],2,FALSE),0)) + F11) *IF($E$2=0.8,1,IF($E$2=0.7,1-7%,1+10%))) *(1-SUMPRODUCT( (DESC_PROV[LINEA]=$B$2)* (DESC_PROV[LISTA]=$C$2)* (DESC_PROV[DESCUENTO]) )) *(1+VLOOKUP($C$2,LISTAS[],2,FALSE)) *(1+VLOOKUP($C$2,LISTAS[],3,FALSE)) ) /5,0)*5,0) -> 247240 | O11: =IFERROR( ROUND( IF($A$2="COSTO", ((B11*(1+IFERROR(VLOOKUP($D$2,COLORES[],2,FALSE),0)) + G11) *IF($E$2=0.8,1,IF($E$2=0.7,1-7%,1+10%))) *(1-SUMPRODUCT( (DESC_PROV[LINEA]=$B$2)* (DESC_PROV[LISTA]=$C$2)* (DESC_PROV[DESCUENTO]) )), ((B11*(1+IFERROR(VLOOKUP($D$2,COLORES[],2,FALSE),0)) + G11) *IF($E$2=0.8,1,IF($E$2=0.7,1-7%,1+10%))) *(1-SUMPRODUCT( (DESC_PROV[LINEA]=$B$2)* (DESC_PROV[LISTA]=$C$2)* (DESC_PROV[DESCUENTO]) )) *(1+VLOOKUP($C$2,LISTAS[],2,FALSE)) *(1+VLOOKUP($C$2,LISTAS[],3,FALSE)) ) /5,0)*5,0) -> 261765 | P11: =IFERROR( ROUND( IF($A$2="COSTO", ((B11*(1+IFERROR(VLOOKUP($D$2,COLORES[],2,FALSE),0)) + H11) *IF($E$2=0.8,1,IF($E$2=0.7,1-7%,1+10%))) *(1-SUMPRODUCT( (DESC_PROV[LINEA]=$B$2)* (DESC_PROV[LISTA]=$C$2)* (DESC_PROV[DESCUENTO]) )), ((B11*(1+IFERROR(VLOOKUP($D$2,COLORES[],2,FALSE),0)) + H11) *IF($E$2=0.8,1,IF($E$2=0.7,1-7%,1+10%))) *(1-SUMPRODUCT( (DESC_PROV[LINEA]=$B$2)* (DESC_PROV[LISTA]=$C$2)* (DESC_PROV[DESCUENTO]) )) *(1+VLOOKUP($C$2,LISTAS[],2,FALSE)) *(1+VLOOKUP($C$2,LISTAS[],3,FALSE)) ) /5,0)*5,0) -> 266700
A12: modelo 4 vr | B12: 208415 | C12: 5558 | D12: 0 | E12: 0 | F12: 7371 | G12: 19084 | H12: 0 | J12: modelo 4 vr | K12: =IFERROR( ROUND( IF($A$2="COSTO", ((B12*(1+IFERROR(VLOOKUP($D$2,COLORES[],2,FALSE),0)) + C12) *IF($E$2=0.8,1,IF($E$2=0.7,1-7%,1+10%))) *(1-SUMPRODUCT( (DESC_PROV[LINEA]=$B$2)* (DESC_PROV[LISTA]=$C$2)* (DESC_PROV[DESCUENTO]) )), ((B12*(1+IFERROR(VLOOKUP($D$2,COLORES[],2,FALSE),0)) + C12) *IF($E$2=0.8,1,IF($E$2=0.7,1-7%,1+10%))) *(1-SUMPRODUCT( (DESC_PROV[LINEA]=$B$2)* (DESC_PROV[LISTA]=$C$2)* (DESC_PROV[DESCUENTO]) )) *(1+VLOOKUP($C$2,LISTAS[],2,FALSE)) *(1+VLOOKUP($C$2,LISTAS[],3,FALSE)) ) /5,0)*5,0) -> 265370 | L12: - | M12: - | N12: =IFERROR( ROUND( IF($A$2="COSTO", ((B12*(1+IFERROR(VLOOKUP($D$2,COLORES[],2,FALSE),0)) + F12) *IF($E$2=0.8,1,IF($E$2=0.7,1-7%,1+10%))) *(1-SUMPRODUCT( (DESC_PROV[LINEA]=$B$2)* (DESC_PROV[LISTA]=$C$2)* (DESC_PROV[DESCUENTO]) )), ((B12*(1+IFERROR(VLOOKUP($D$2,COLORES[],2,FALSE),0)) + F12) *IF($E$2=0.8,1,IF($E$2=0.7,1-7%,1+10%))) *(1-SUMPRODUCT( (DESC_PROV[LINEA]=$B$2)* (DESC_PROV[LISTA]=$C$2)* (DESC_PROV[DESCUENTO]) )) *(1+VLOOKUP($C$2,LISTAS[],2,FALSE)) *(1+VLOOKUP($C$2,LISTAS[],3,FALSE)) ) /5,0)*5,0) -> 267620 | O12: =IFERROR( ROUND( IF($A$2="COSTO", ((B12*(1+IFERROR(VLOOKUP($D$2,COLORES[],2,FALSE),0)) + G12) *IF($E$2=0.8,1,IF($E$2=0.7,1-7%,1+10%))) *(1-SUMPRODUCT( (DESC_PROV[LINEA]=$B$2)* (DESC_PROV[LISTA]=$C$2)* (DESC_PROV[DESCUENTO]) )), ((B12*(1+IFERROR(VLOOKUP($D$2,COLORES[],2,FALSE),0)) + G12) *IF($E$2=0.8,1,IF($E$2=0.7,1-7%,1+10%))) *(1-SUMPRODUCT( (DESC_PROV[LINEA]=$B$2)* (DESC_PROV[LISTA]=$C$2)* (DESC_PROV[DESCUENTO]) )) *(1+VLOOKUP($C$2,LISTAS[],2,FALSE)) *(1+VLOOKUP($C$2,LISTAS[],3,FALSE)) ) /5,0)*5,0) -> 282145 | P12: -
A13: modelo 5 | B13: 206271 | C13: 0 | D13: 0 | E13: 0 | F13: 0 | G13: 0 | H13: 0 | J13: modelo 5 | K13: =IFERROR( ROUND( IF($A$2="COSTO", ((B13*(1+IFERROR(VLOOKUP($D$2,COLORES[],2,FALSE),0)) + C13) *IF($E$2=0.8,1,IF($E$2=0.7,1-7%,1+10%))) *(1-SUMPRODUCT( (DESC_PROV[LINEA]=$B$2)* (DESC_PROV[LISTA]=$C$2)* (DESC_PROV[DESCUENTO]) )), ((B13*(1+IFERROR(VLOOKUP($D$2,COLORES[],2,FALSE),0)) + C13) *IF($E$2=0.8,1,IF($E$2=0.7,1-7%,1+10%))) *(1-SUMPRODUCT( (DESC_PROV[LINEA]=$B$2)* (DESC_PROV[LISTA]=$C$2)* (DESC_PROV[DESCUENTO]) )) *(1+VLOOKUP($C$2,LISTAS[],2,FALSE)) *(1+VLOOKUP($C$2,LISTAS[],3,FALSE)) ) /5,0)*5,0) -> 255815 | L13: - | M13: - | N13: - | O13: - | P13: -
A14: modelo 6 | B14: 190883 | C14: 9945 | D14: 12058 | E14: 15873 | F14: 13267 | G14: 34353 | H14: 41517 | J14: modelo 6 | K14: =IFERROR( ROUND( IF($A$2="COSTO", ((B14*(1+IFERROR(VLOOKUP($D$2,COLORES[],2,FALSE),0)) + C14) *IF($E$2=0.8,1,IF($E$2=0.7,1-7%,1+10%))) *(1-SUMPRODUCT( (DESC_PROV[LINEA]=$B$2)* (DESC_PROV[LISTA]=$C$2)* (DESC_PROV[DESCUENTO]) )), ((B14*(1+IFERROR(VLOOKUP($D$2,COLORES[],2,FALSE),0)) + C14) *IF($E$2=0.8,1,IF($E$2=0.7,1-7%,1+10%))) *(1-SUMPRODUCT( (DESC_PROV[LINEA]=$B$2)* (DESC_PROV[LISTA]=$C$2)* (DESC_PROV[DESCUENTO]) )) *(1+VLOOKUP($C$2,LISTAS[],2,FALSE)) *(1+VLOOKUP($C$2,LISTAS[],3,FALSE)) ) /5,0)*5,0) -> 249065 | L14: =IFERROR( ROUND( IF($A$2="COSTO", ((B14*(1+IFERROR(VLOOKUP($D$2,COLORES[],2,FALSE),0)) + D14) *(1+($E$2-0.8))) *(1-SUMPRODUCT( (DESC_PROV[LINEA]=$B$2)* (DESC_PROV[LISTA]=$C$2)* (DESC_PROV[DESCUENTO]) )), ((B14*(1+IFERROR(VLOOKUP($D$2,COLORES[],2,FALSE),0)) + D14) *(1+($E$2-0.8))) *(1-SUMPRODUCT( (DESC_PROV[LINEA]=$B$2)* (DESC_PROV[LISTA]=$C$2)* (DESC_PROV[DESCUENTO]) )) *(1+VLOOKUP($C$2,LISTAS[],2,FALSE)) *(1+VLOOKUP($C$2,LISTAS[],3,FALSE)) ) /5,0)*5,0) -> 251685 | M14: =IFERROR( ROUND( IF($A$2="COSTO", ((B14*(1+IFERROR(VLOOKUP($D$2,COLORES[],2,FALSE),0)) + E14) *IF($E$2=0.8,1,IF($E$2=0.7,1-7%,1+10%))) *(1-SUMPRODUCT( (DESC_PROV[LINEA]=$B$2)* (DESC_PROV[LISTA]=$C$2)* (DESC_PROV[DESCUENTO]) )), ((B14*(1+IFERROR(VLOOKUP($D$2,COLORES[],2,FALSE),0)) + E14) *IF($E$2=0.8,1,IF($E$2=0.7,1-7%,1+10%))) *(1-SUMPRODUCT( (DESC_PROV[LINEA]=$B$2)* (DESC_PROV[LISTA]=$C$2)* (DESC_PROV[DESCUENTO]) )) *(1+VLOOKUP($C$2,LISTAS[],2,FALSE)) *(1+VLOOKUP($C$2,LISTAS[],3,FALSE)) ) /5,0)*5,0) -> 256420 | N14: =IFERROR( ROUND( IF($A$2="COSTO", ((B14*(1+IFERROR(VLOOKUP($D$2,COLORES[],2,FALSE),0)) + F14) *IF($E$2=0.8,1,IF($E$2=0.7,1-7%,1+10%))) *(1-SUMPRODUCT( (DESC_PROV[LINEA]=$B$2)* (DESC_PROV[LISTA]=$C$2)* (DESC_PROV[DESCUENTO]) )), ((B14*(1+IFERROR(VLOOKUP($D$2,COLORES[],2,FALSE),0)) + F14) *IF($E$2=0.8,1,IF($E$2=0.7,1-7%,1+10%))) *(1-SUMPRODUCT( (DESC_PROV[LINEA]=$B$2)* (DESC_PROV[LISTA]=$C$2)* (DESC_PROV[DESCUENTO]) )) *(1+VLOOKUP($C$2,LISTAS[],2,FALSE)) *(1+VLOOKUP($C$2,LISTAS[],3,FALSE)) ) /5,0)*5,0) -> 253185 | O14: =IFERROR( ROUND( IF($A$2="COSTO", ((B14*(1+IFERROR(VLOOKUP($D$2,COLORES[],2,FALSE),0)) + G14) *IF($E$2=0.8,1,IF($E$2=0.7,1-7%,1+10%))) *(1-SUMPRODUCT( (DESC_PROV[LINEA]=$B$2)* (DESC_PROV[LISTA]=$C$2)* (DESC_PROV[DESCUENTO]) )), ((B14*(1+IFERROR(VLOOKUP($D$2,COLORES[],2,FALSE),0)) + G14) *IF($E$2=0.8,1,IF($E$2=0.7,1-7%,1+10%))) *(1-SUMPRODUCT( (DESC_PROV[LINEA]=$B$2)* (DESC_PROV[LISTA]=$C$2)* (DESC_PROV[DESCUENTO]) )) *(1+VLOOKUP($C$2,LISTAS[],2,FALSE)) *(1+VLOOKUP($C$2,LISTAS[],3,FALSE)) ) /5,0)*5,0) -> 279340 | P14: =IFERROR( ROUND( IF($A$2="COSTO", ((B14*(1+IFERROR(VLOOKUP($D$2,COLORES[],2,FALSE),0)) + H14) *IF($E$2=0.8,1,IF($E$2=0.7,1-7%,1+10%))) *(1-SUMPRODUCT( (DESC_PROV[LINEA]=$B$2)* (DESC_PROV[LISTA]=$C$2)* (DESC_PROV[DESCUENTO]) )), ((B14*(1+IFERROR(VLOOKUP($D$2,COLORES[],2,FALSE),0)) + H14) *IF($E$2=0.8,1,IF($E$2=0.7,1-7%,1+10%))) *(1-SUMPRODUCT( (DESC_PROV[LINEA]=$B$2)* (DESC_PROV[LISTA]=$C$2)* (DESC_PROV[DESCUENTO]) )) *(1+VLOOKUP($C$2,LISTAS[],2,FALSE)) *(1+VLOOKUP($C$2,LISTAS[],3,FALSE)) ) /5,0)*5,0) -> 288220
A15: modelo 7 | B15: 201875 | C15: 5558 | D15: 6695 | E15: 8821 | F15: 7371 | G15: 19084 | H15: 23064 | J15: modelo 7 | K15: =IFERROR( ROUND( IF($A$2="COSTO", ((B15*(1+IFERROR(VLOOKUP($D$2,COLORES[],2,FALSE),0)) + C15) *IF($E$2=0.8,1,IF($E$2=0.7,1-7%,1+10%))) *(1-SUMPRODUCT( (DESC_PROV[LINEA]=$B$2)* (DESC_PROV[LISTA]=$C$2)* (DESC_PROV[DESCUENTO]) )), ((B15*(1+IFERROR(VLOOKUP($D$2,COLORES[],2,FALSE),0)) + C15) *IF($E$2=0.8,1,IF($E$2=0.7,1-7%,1+10%))) *(1-SUMPRODUCT( (DESC_PROV[LINEA]=$B$2)* (DESC_PROV[LISTA]=$C$2)* (DESC_PROV[DESCUENTO]) )) *(1+VLOOKUP($C$2,LISTAS[],2,FALSE)) *(1+VLOOKUP($C$2,LISTAS[],3,FALSE)) ) /5,0)*5,0) -> 257260 | L15: =IFERROR( ROUND( IF($A$2="COSTO", ((B15*(1+IFERROR(VLOOKUP($D$2,COLORES[],2,FALSE),0)) + D15) *(1+($E$2-0.8))) *(1-SUMPRODUCT( (DESC_PROV[LINEA]=$B$2)* (DESC_PROV[LISTA]=$C$2)* (DESC_PROV[DESCUENTO]) )), ((B15*(1+IFERROR(VLOOKUP($D$2,COLORES[],2,FALSE),0)) + D15) *(1+($E$2-0.8))) *(1-SUMPRODUCT( (DESC_PROV[LINEA]=$B$2)* (DESC_PROV[LISTA]=$C$2)* (DESC_PROV[DESCUENTO]) )) *(1+VLOOKUP($C$2,LISTAS[],2,FALSE)) *(1+VLOOKUP($C$2,LISTAS[],3,FALSE)) ) /5,0)*5,0) -> 258670 | M15: =IFERROR( ROUND( IF($A$2="COSTO", ((B15*(1+IFERROR(VLOOKUP($D$2,COLORES[],2,FALSE),0)) + E15) *IF($E$2=0.8,1,IF($E$2=0.7,1-7%,1+10%))) *(1-SUMPRODUCT( (DESC_PROV[LINEA]=$B$2)* (DESC_PROV[LISTA]=$C$2)* (DESC_PROV[DESCUENTO]) )), ((B15*(1+IFERROR(VLOOKUP($D$2,COLORES[],2,FALSE),0)) + E15) *IF($E$2=0.8,1,IF($E$2=0.7,1-7%,1+10%))) *(1-SUMPRODUCT( (DESC_PROV[LINEA]=$B$2)* (DESC_PROV[LISTA]=$C$2)* (DESC_PROV[DESCUENTO]) )) *(1+VLOOKUP($C$2,LISTAS[],2,FALSE)) *(1+VLOOKUP($C$2,LISTAS[],3,FALSE)) ) /5,0)*5,0) -> 261305 | N15: =IFERROR( ROUND( IF($A$2="COSTO", ((B15*(1+IFERROR(VLOOKUP($D$2,COLORES[],2,FALSE),0)) + F15) *IF($E$2=0.8,1,IF($E$2=0.7,1-7%,1+10%))) *(1-SUMPRODUCT( (DESC_PROV[LINEA]=$B$2)* (DESC_PROV[LISTA]=$C$2)* (DESC_PROV[DESCUENTO]) )), ((B15*(1+IFERROR(VLOOKUP($D$2,COLORES[],2,FALSE),0)) + F15) *IF($E$2=0.8,1,IF($E$2=0.7,1-7%,1+10%))) *(1-SUMPRODUCT( (DESC_PROV[LINEA]=$B$2)* (DESC_PROV[LISTA]=$C$2)* (DESC_PROV[DESCUENTO]) )) *(1+VLOOKUP($C$2,LISTAS[],2,FALSE)) *(1+VLOOKUP($C$2,LISTAS[],3,FALSE)) ) /5,0)*5,0) -> 259505 | O15: =IFERROR( ROUND( IF($A$2="COSTO", ((B15*(1+IFERROR(VLOOKUP($D$2,COLORES[],2,FALSE),0)) + G15) *IF($E$2=0.8,1,IF($E$2=0.7,1-7%,1+10%))) *(1-SUMPRODUCT( (DESC_PROV[LINEA]=$B$2)* (DESC_PROV[LISTA]=$C$2)* (DESC_PROV[DESCUENTO]) )), ((B15*(1+IFERROR(VLOOKUP($D$2,COLORES[],2,FALSE),0)) + G15) *IF($E$2=0.8,1,IF($E$2=0.7,1-7%,1+10%))) *(1-SUMPRODUCT( (DESC_PROV[LINEA]=$B$2)* (DESC_PROV[LISTA]=$C$2)* (DESC_PROV[DESCUENTO]) )) *(1+VLOOKUP($C$2,LISTAS[],2,FALSE)) *(1+VLOOKUP($C$2,LISTAS[],3,FALSE)) ) /5,0)*5,0) -> 274035 | P15: =IFERROR( ROUND( IF($A$2="COSTO", ((B15*(1+IFERROR(VLOOKUP($D$2,COLORES[],2,FALSE),0)) + H15) *IF($E$2=0.8,1,IF($E$2=0.7,1-7%,1+10%))) *(1-SUMPRODUCT( (DESC_PROV[LINEA]=$B$2)* (DESC_PROV[LISTA]=$C$2)* (DESC_PROV[DESCUENTO]) )), ((B15*(1+IFERROR(VLOOKUP($D$2,COLORES[],2,FALSE),0)) + H15) *IF($E$2=0.8,1,IF($E$2=0.7,1-7%,1+10%))) *(1-SUMPRODUCT( (DESC_PROV[LINEA]=$B$2)* (DESC_PROV[LISTA]=$C$2)* (DESC_PROV[DESCUENTO]) )) *(1+VLOOKUP($C$2,LISTAS[],2,FALSE)) *(1+VLOOKUP($C$2,LISTAS[],3,FALSE)) ) /5,0)*5,0) -> 278970
A16: modelo 8 | B16: 144718 | C16: 22230 | D16: 26780 | E16: 35282 | F16: 29484 | G16: 76336 | H16: 92257 | J16: modelo 8 | K16: =IFERROR( ROUND( IF($A$2="COSTO", ((B16*(1+IFERROR(VLOOKUP($D$2,COLORES[],2,FALSE),0)) + C16) *IF($E$2=0.8,1,IF($E$2=0.7,1-7%,1+10%))) *(1-SUMPRODUCT( (DESC_PROV[LINEA]=$B$2)* (DESC_PROV[LISTA]=$C$2)* (DESC_PROV[DESCUENTO]) )), ((B16*(1+IFERROR(VLOOKUP($D$2,COLORES[],2,FALSE),0)) + C16) *IF($E$2=0.8,1,IF($E$2=0.7,1-7%,1+10%))) *(1-SUMPRODUCT( (DESC_PROV[LINEA]=$B$2)* (DESC_PROV[LISTA]=$C$2)* (DESC_PROV[DESCUENTO]) )) *(1+VLOOKUP($C$2,LISTAS[],2,FALSE)) *(1+VLOOKUP($C$2,LISTAS[],3,FALSE)) ) /5,0)*5,0) -> 207050 | L16: =IFERROR( ROUND( IF($A$2="COSTO", ((B16*(1+IFERROR(VLOOKUP($D$2,COLORES[],2,FALSE),0)) + D16) *(1+($E$2-0.8))) *(1-SUMPRODUCT( (DESC_PROV[LINEA]=$B$2)* (DESC_PROV[LISTA]=$C$2)* (DESC_PROV[DESCUENTO]) )), ((B16*(1+IFERROR(VLOOKUP($D$2,COLORES[],2,FALSE),0)) + D16) *(1+($E$2-0.8))) *(1-SUMPRODUCT( (DESC_PROV[LINEA]=$B$2)* (DESC_PROV[LISTA]=$C$2)* (DESC_PROV[DESCUENTO]) )) *(1+VLOOKUP($C$2,LISTAS[],2,FALSE)) *(1+VLOOKUP($C$2,LISTAS[],3,FALSE)) ) /5,0)*5,0) -> 212690 | M16: =IFERROR( ROUND( IF($A$2="COSTO", ((B16*(1+IFERROR(VLOOKUP($D$2,COLORES[],2,FALSE),0)) + E16) *IF($E$2=0.8,1,IF($E$2=0.7,1-7%,1+10%))) *(1-SUMPRODUCT( (DESC_PROV[LINEA]=$B$2)* (DESC_PROV[LISTA]=$C$2)* (DESC_PROV[DESCUENTO]) )), ((B16*(1+IFERROR(VLOOKUP($D$2,COLORES[],2,FALSE),0)) + E16) *IF($E$2=0.8,1,IF($E$2=0.7,1-7%,1+10%))) *(1-SUMPRODUCT( (DESC_PROV[LINEA]=$B$2)* (DESC_PROV[LISTA]=$C$2)* (DESC_PROV[DESCUENTO]) )) *(1+VLOOKUP($C$2,LISTAS[],2,FALSE)) *(1+VLOOKUP($C$2,LISTAS[],3,FALSE)) ) /5,0)*5,0) -> 223235 | N16: =IFERROR( ROUND( IF($A$2="COSTO", ((B16*(1+IFERROR(VLOOKUP($D$2,COLORES[],2,FALSE),0)) + F16) *IF($E$2=0.8,1,IF($E$2=0.7,1-7%,1+10%))) *(1-SUMPRODUCT( (DESC_PROV[LINEA]=$B$2)* (DESC_PROV[LISTA]=$C$2)* (DESC_PROV[DESCUENTO]) )), ((B16*(1+IFERROR(VLOOKUP($D$2,COLORES[],2,FALSE),0)) + F16) *IF($E$2=0.8,1,IF($E$2=0.7,1-7%,1+10%))) *(1-SUMPRODUCT( (DESC_PROV[LINEA]=$B$2)* (DESC_PROV[LISTA]=$C$2)* (DESC_PROV[DESCUENTO]) )) *(1+VLOOKUP($C$2,LISTAS[],2,FALSE)) *(1+VLOOKUP($C$2,LISTAS[],3,FALSE)) ) /5,0)*5,0) -> 216045 | O16: =IFERROR( ROUND( IF($A$2="COSTO", ((B16*(1+IFERROR(VLOOKUP($D$2,COLORES[],2,FALSE),0)) + G16) *IF($E$2=0.8,1,IF($E$2=0.7,1-7%,1+10%))) *(1-SUMPRODUCT( (DESC_PROV[LINEA]=$B$2)* (DESC_PROV[LISTA]=$C$2)* (DESC_PROV[DESCUENTO]) )), ((B16*(1+IFERROR(VLOOKUP($D$2,COLORES[],2,FALSE),0)) + G16) *IF($E$2=0.8,1,IF($E$2=0.7,1-7%,1+10%))) *(1-SUMPRODUCT( (DESC_PROV[LINEA]=$B$2)* (DESC_PROV[LISTA]=$C$2)* (DESC_PROV[DESCUENTO]) )) *(1+VLOOKUP($C$2,LISTAS[],2,FALSE)) *(1+VLOOKUP($C$2,LISTAS[],3,FALSE)) ) /5,0)*5,0) -> 274150 | P16: =IFERROR( ROUND( IF($A$2="COSTO", ((B16*(1+IFERROR(VLOOKUP($D$2,COLORES[],2,FALSE),0)) + H16) *IF($E$2=0.8,1,IF($E$2=0.7,1-7%,1+10%))) *(1-SUMPRODUCT( (DESC_PROV[LINEA]=$B$2)* (DESC_PROV[LISTA]=$C$2)* (DESC_PROV[DESCUENTO]) )), ((B16*(1+IFERROR(VLOOKUP($D$2,COLORES[],2,FALSE),0)) + H16) *IF($E$2=0.8,1,IF($E$2=0.7,1-7%,1+10%))) *(1-SUMPRODUCT( (DESC_PROV[LINEA]=$B$2)* (DESC_PROV[LISTA]=$C$2)* (DESC_PROV[DESCUENTO]) )) *(1+VLOOKUP($C$2,LISTAS[],2,FALSE)) *(1+VLOOKUP($C$2,LISTAS[],3,FALSE)) ) /5,0)*5,0) -> 293895
A17: modelo 9 | B17: 195280 | C17: 7001 | D17: 8483 | E17: 11174 | F17: 9360 | G17: 24180 | H17: 29219 | J17: modelo 9 | K17: =IFERROR( ROUND( IF($A$2="COSTO", ((B17*(1+IFERROR(VLOOKUP($D$2,COLORES[],2,FALSE),0)) + C17) *IF($E$2=0.8,1,IF($E$2=0.7,1-7%,1+10%))) *(1-SUMPRODUCT( (DESC_PROV[LINEA]=$B$2)* (DESC_PROV[LISTA]=$C$2)* (DESC_PROV[DESCUENTO]) )), ((B17*(1+IFERROR(VLOOKUP($D$2,COLORES[],2,FALSE),0)) + C17) *IF($E$2=0.8,1,IF($E$2=0.7,1-7%,1+10%))) *(1-SUMPRODUCT( (DESC_PROV[LINEA]=$B$2)* (DESC_PROV[LISTA]=$C$2)* (DESC_PROV[DESCUENTO]) )) *(1+VLOOKUP($C$2,LISTAS[],2,FALSE)) *(1+VLOOKUP($C$2,LISTAS[],3,FALSE)) ) /5,0)*5,0) -> 250870 | L17: =IFERROR( ROUND( IF($A$2="COSTO", ((B17*(1+IFERROR(VLOOKUP($D$2,COLORES[],2,FALSE),0)) + D17) *(1+($E$2-0.8))) *(1-SUMPRODUCT( (DESC_PROV[LINEA]=$B$2)* (DESC_PROV[LISTA]=$C$2)* (DESC_PROV[DESCUENTO]) )), ((B17*(1+IFERROR(VLOOKUP($D$2,COLORES[],2,FALSE),0)) + D17) *(1+($E$2-0.8))) *(1-SUMPRODUCT( (DESC_PROV[LINEA]=$B$2)* (DESC_PROV[LISTA]=$C$2)* (DESC_PROV[DESCUENTO]) )) *(1+VLOOKUP($C$2,LISTAS[],2,FALSE)) *(1+VLOOKUP($C$2,LISTAS[],3,FALSE)) ) /5,0)*5,0) -> 252705 | M17: =IFERROR( ROUND( IF($A$2="COSTO", ((B17*(1+IFERROR(VLOOKUP($D$2,COLORES[],2,FALSE),0)) + E17) *IF($E$2=0.8,1,IF($E$2=0.7,1-7%,1+10%))) *(1-SUMPRODUCT( (DESC_PROV[LINEA]=$B$2)* (DESC_PROV[LISTA]=$C$2)* (DESC_PROV[DESCUENTO]) )), ((B17*(1+IFERROR(VLOOKUP($D$2,COLORES[],2,FALSE),0)) + E17) *IF($E$2=0.8,1,IF($E$2=0.7,1-7%,1+10%))) *(1-SUMPRODUCT( (DESC_PROV[LINEA]=$B$2)* (DESC_PROV[LISTA]=$C$2)* (DESC_PROV[DESCUENTO]) )) *(1+VLOOKUP($C$2,LISTAS[],2,FALSE)) *(1+VLOOKUP($C$2,LISTAS[],3,FALSE)) ) /5,0)*5,0) -> 256045 | N17: =IFERROR( ROUND( IF($A$2="COSTO", ((B17*(1+IFERROR(VLOOKUP($D$2,COLORES[],2,FALSE),0)) + F17) *IF($E$2=0.8,1,IF($E$2=0.7,1-7%,1+10%))) *(1-SUMPRODUCT( (DESC_PROV[LINEA]=$B$2)* (DESC_PROV[LISTA]=$C$2)* (DESC_PROV[DESCUENTO]) )), ((B17*(1+IFERROR(VLOOKUP($D$2,COLORES[],2,FALSE),0)) + F17) *IF($E$2=0.8,1,IF($E$2=0.7,1-7%,1+10%))) *(1-SUMPRODUCT( (DESC_PROV[LINEA]=$B$2)* (DESC_PROV[LISTA]=$C$2)* (DESC_PROV[DESCUENTO]) )) *(1+VLOOKUP($C$2,LISTAS[],2,FALSE)) *(1+VLOOKUP($C$2,LISTAS[],3,FALSE)) ) /5,0)*5,0) -> 253795 | O17: =IFERROR( ROUND( IF($A$2="COSTO", ((B17*(1+IFERROR(VLOOKUP($D$2,COLORES[],2,FALSE),0)) + G17) *IF($E$2=0.8,1,IF($E$2=0.7,1-7%,1+10%))) *(1-SUMPRODUCT( (DESC_PROV[LINEA]=$B$2)* (DESC_PROV[LISTA]=$C$2)* (DESC_PROV[DESCUENTO]) )), ((B17*(1+IFERROR(VLOOKUP($D$2,COLORES[],2,FALSE),0)) + G17) *IF($E$2=0.8,1,IF($E$2=0.7,1-7%,1+10%))) *(1-SUMPRODUCT( (DESC_PROV[LINEA]=$B$2)* (DESC_PROV[LISTA]=$C$2)* (DESC_PROV[DESCUENTO]) )) *(1+VLOOKUP($C$2,LISTAS[],2,FALSE)) *(1+VLOOKUP($C$2,LISTAS[],3,FALSE)) ) /5,0)*5,0) -> 272175 | P17: =IFERROR( ROUND( IF($A$2="COSTO", ((B17*(1+IFERROR(VLOOKUP($D$2,COLORES[],2,FALSE),0)) + H17) *IF($E$2=0.8,1,IF($E$2=0.7,1-7%,1+10%))) *(1-SUMPRODUCT( (DESC_PROV[LINEA]=$B$2)* (DESC_PROV[LISTA]=$C$2)* (DESC_PROV[DESCUENTO]) )), ((B17*(1+IFERROR(VLOOKUP($D$2,COLORES[],2,FALSE),0)) + H17) *IF($E$2=0.8,1,IF($E$2=0.7,1-7%,1+10%))) *(1-SUMPRODUCT( (DESC_PROV[LINEA]=$B$2)* (DESC_PROV[LISTA]=$C$2)* (DESC_PROV[DESCUENTO]) )) *(1+VLOOKUP($C$2,LISTAS[],2,FALSE)) *(1+VLOOKUP($C$2,LISTAS[],3,FALSE)) ) /5,0)*5,0) -> 278425
A18: modelo 10 | B18: 207370 | C18: 3868 | D18: 5356 | E18: 7053 | F18: 5896 | G18: 15269 | H18: 18446 | J18: modelo 10 | K18: =IFERROR( ROUND( IF($A$2="COSTO", ((B18*(1+IFERROR(VLOOKUP($D$2,COLORES[],2,FALSE),0)) + C18) *IF($E$2=0.8,1,IF($E$2=0.7,1-7%,1+10%))) *(1-SUMPRODUCT( (DESC_PROV[LINEA]=$B$2)* (DESC_PROV[LISTA]=$C$2)* (DESC_PROV[DESCUENTO]) )), ((B18*(1+IFERROR(VLOOKUP($D$2,COLORES[],2,FALSE),0)) + C18) *IF($E$2=0.8,1,IF($E$2=0.7,1-7%,1+10%))) *(1-SUMPRODUCT( (DESC_PROV[LINEA]=$B$2)* (DESC_PROV[LISTA]=$C$2)* (DESC_PROV[DESCUENTO]) )) *(1+VLOOKUP($C$2,LISTAS[],2,FALSE)) *(1+VLOOKUP($C$2,LISTAS[],3,FALSE)) ) /5,0)*5,0) -> 261975 | L18: =IFERROR( ROUND( IF($A$2="COSTO", ((B18*(1+IFERROR(VLOOKUP($D$2,COLORES[],2,FALSE),0)) + D18) *(1+($E$2-0.8))) *(1-SUMPRODUCT( (DESC_PROV[LINEA]=$B$2)* (DESC_PROV[LISTA]=$C$2)* (DESC_PROV[DESCUENTO]) )), ((B18*(1+IFERROR(VLOOKUP($D$2,COLORES[],2,FALSE),0)) + D18) *(1+($E$2-0.8))) *(1-SUMPRODUCT( (DESC_PROV[LINEA]=$B$2)* (DESC_PROV[LISTA]=$C$2)* (DESC_PROV[DESCUENTO]) )) *(1+VLOOKUP($C$2,LISTAS[],2,FALSE)) *(1+VLOOKUP($C$2,LISTAS[],3,FALSE)) ) /5,0)*5,0) -> 263825 | M18: =IFERROR( ROUND( IF($A$2="COSTO", ((B18*(1+IFERROR(VLOOKUP($D$2,COLORES[],2,FALSE),0)) + E18) *IF($E$2=0.8,1,IF($E$2=0.7,1-7%,1+10%))) *(1-SUMPRODUCT( (DESC_PROV[LINEA]=$B$2)* (DESC_PROV[LISTA]=$C$2)* (DESC_PROV[DESCUENTO]) )), ((B18*(1+IFERROR(VLOOKUP($D$2,COLORES[],2,FALSE),0)) + E18) *IF($E$2=0.8,1,IF($E$2=0.7,1-7%,1+10%))) *(1-SUMPRODUCT( (DESC_PROV[LINEA]=$B$2)* (DESC_PROV[LISTA]=$C$2)* (DESC_PROV[DESCUENTO]) )) *(1+VLOOKUP($C$2,LISTAS[],2,FALSE)) *(1+VLOOKUP($C$2,LISTAS[],3,FALSE)) ) /5,0)*5,0) -> 265925 | N18: =IFERROR( ROUND( IF($A$2="COSTO", ((B18*(1+IFERROR(VLOOKUP($D$2,COLORES[],2,FALSE),0)) + F18) *IF($E$2=0.8,1,IF($E$2=0.7,1-7%,1+10%))) *(1-SUMPRODUCT( (DESC_PROV[LINEA]=$B$2)* (DESC_PROV[LISTA]=$C$2)* (DESC_PROV[DESCUENTO]) )), ((B18*(1+IFERROR(VLOOKUP($D$2,COLORES[],2,FALSE),0)) + F18) *IF($E$2=0.8,1,IF($E$2=0.7,1-7%,1+10%))) *(1-SUMPRODUCT( (DESC_PROV[LINEA]=$B$2)* (DESC_PROV[LISTA]=$C$2)* (DESC_PROV[DESCUENTO]) )) *(1+VLOOKUP($C$2,LISTAS[],2,FALSE)) *(1+VLOOKUP($C$2,LISTAS[],3,FALSE)) ) /5,0)*5,0) -> 264490 | O18: =IFERROR( ROUND( IF($A$2="COSTO", ((B18*(1+IFERROR(VLOOKUP($D$2,COLORES[],2,FALSE),0)) + G18) *IF($E$2=0.8,1,IF($E$2=0.7,1-7%,1+10%))) *(1-SUMPRODUCT( (DESC_PROV[LINEA]=$B$2)* (DESC_PROV[LISTA]=$C$2)* (DESC_PROV[DESCUENTO]) )), ((B18*(1+IFERROR(VLOOKUP($D$2,COLORES[],2,FALSE),0)) + G18) *IF($E$2=0.8,1,IF($E$2=0.7,1-7%,1+10%))) *(1-SUMPRODUCT( (DESC_PROV[LINEA]=$B$2)* (DESC_PROV[LISTA]=$C$2)* (DESC_PROV[DESCUENTO]) )) *(1+VLOOKUP($C$2,LISTAS[],2,FALSE)) *(1+VLOOKUP($C$2,LISTAS[],3,FALSE)) ) /5,0)*5,0) -> 276115 | P18: =IFERROR( ROUND( IF($A$2="COSTO", ((B18*(1+IFERROR(VLOOKUP($D$2,COLORES[],2,FALSE),0)) + H18) *IF($E$2=0.8,1,IF($E$2=0.7,1-7%,1+10%))) *(1-SUMPRODUCT( (DESC_PROV[LINEA]=$B$2)* (DESC_PROV[LISTA]=$C$2)* (DESC_PROV[DESCUENTO]) )), ((B18*(1+IFERROR(VLOOKUP($D$2,COLORES[],2,FALSE),0)) + H18) *IF($E$2=0.8,1,IF($E$2=0.7,1-7%,1+10%))) *(1-SUMPRODUCT( (DESC_PROV[LINEA]=$B$2)* (DESC_PROV[LISTA]=$C$2)* (DESC_PROV[DESCUENTO]) )) *(1+VLOOKUP($C$2,LISTAS[],2,FALSE)) *(1+VLOOKUP($C$2,LISTAS[],3,FALSE)) ) /5,0)*5,0) -> 280055
A19: modelo 10 vr | B19: 223579 | C19: 3868 | D19: 0 | E19: 0 | F19: 5896 | G19: 15269 | H19: 0 | J19: modelo 10 vr | K19: =IFERROR( ROUND( IF($A$2="COSTO", ((B19*(1+IFERROR(VLOOKUP($D$2,COLORES[],2,FALSE),0)) + C19) *IF($E$2=0.8,1,IF($E$2=0.7,1-7%,1+10%))) *(1-SUMPRODUCT( (DESC_PROV[LINEA]=$B$2)* (DESC_PROV[LISTA]=$C$2)* (DESC_PROV[DESCUENTO]) )), ((B19*(1+IFERROR(VLOOKUP($D$2,COLORES[],2,FALSE),0)) + C19) *IF($E$2=0.8,1,IF($E$2=0.7,1-7%,1+10%))) *(1-SUMPRODUCT( (DESC_PROV[LINEA]=$B$2)* (DESC_PROV[LISTA]=$C$2)* (DESC_PROV[DESCUENTO]) )) *(1+VLOOKUP($C$2,LISTAS[],2,FALSE)) *(1+VLOOKUP($C$2,LISTAS[],3,FALSE)) ) /5,0)*5,0) -> 282080 | L19: - | M19: - | N19: =IFERROR( ROUND( IF($A$2="COSTO", ((B19*(1+IFERROR(VLOOKUP($D$2,COLORES[],2,FALSE),0)) + F19) *IF($E$2=0.8,1,IF($E$2=0.7,1-7%,1+10%))) *(1-SUMPRODUCT( (DESC_PROV[LINEA]=$B$2)* (DESC_PROV[LISTA]=$C$2)* (DESC_PROV[DESCUENTO]) )), ((B19*(1+IFERROR(VLOOKUP($D$2,COLORES[],2,FALSE),0)) + F19) *IF($E$2=0.8,1,IF($E$2=0.7,1-7%,1+10%))) *(1-SUMPRODUCT( (DESC_PROV[LINEA]=$B$2)* (DESC_PROV[LISTA]=$C$2)* (DESC_PROV[DESCUENTO]) )) *(1+VLOOKUP($C$2,LISTAS[],2,FALSE)) *(1+VLOOKUP($C$2,LISTAS[],3,FALSE)) ) /5,0)*5,0) -> 284595 | O19: =IFERROR( ROUND( IF($A$2="COSTO", ((B19*(1+IFERROR(VLOOKUP($D$2,COLORES[],2,FALSE),0)) + G19) *IF($E$2=0.8,1,IF($E$2=0.7,1-7%,1+10%))) *(1-SUMPRODUCT( (DESC_PROV[LINEA]=$B$2)* (DESC_PROV[LISTA]=$C$2)* (DESC_PROV[DESCUENTO]) )), ((B19*(1+IFERROR(VLOOKUP($D$2,COLORES[],2,FALSE),0)) + G19) *IF($E$2=0.8,1,IF($E$2=0.7,1-7%,1+10%))) *(1-SUMPRODUCT( (DESC_PROV[LINEA]=$B$2)* (DESC_PROV[LISTA]=$C$2)* (DESC_PROV[DESCUENTO]) )) *(1+VLOOKUP($C$2,LISTAS[],2,FALSE)) *(1+VLOOKUP($C$2,LISTAS[],3,FALSE)) ) /5,0)*5,0) -> 296220 | P19: -
A20: modelo 11 | B20: 180990 | C20: 15477 | D20: 20085 | E20: 26455 | F20: 22113 | G20: 57259 | H20: 69199 | J20: modelo 11 | K20: =IFERROR( ROUND( IF($A$2="COSTO", ((B20*(1+IFERROR(VLOOKUP($D$2,COLORES[],2,FALSE),0)) + C20) *IF($E$2=0.8,1,IF($E$2=0.7,1-7%,1+10%))) *(1-SUMPRODUCT( (DESC_PROV[LINEA]=$B$2)* (DESC_PROV[LISTA]=$C$2)* (DESC_PROV[DESCUENTO]) )), ((B20*(1+IFERROR(VLOOKUP($D$2,COLORES[],2,FALSE),0)) + C20) *IF($E$2=0.8,1,IF($E$2=0.7,1-7%,1+10%))) *(1-SUMPRODUCT( (DESC_PROV[LINEA]=$B$2)* (DESC_PROV[LISTA]=$C$2)* (DESC_PROV[DESCUENTO]) )) *(1+VLOOKUP($C$2,LISTAS[],2,FALSE)) *(1+VLOOKUP($C$2,LISTAS[],3,FALSE)) ) /5,0)*5,0) -> 243660 | L20: =IFERROR( ROUND( IF($A$2="COSTO", ((B20*(1+IFERROR(VLOOKUP($D$2,COLORES[],2,FALSE),0)) + D20) *(1+($E$2-0.8))) *(1-SUMPRODUCT( (DESC_PROV[LINEA]=$B$2)* (DESC_PROV[LISTA]=$C$2)* (DESC_PROV[DESCUENTO]) )), ((B20*(1+IFERROR(VLOOKUP($D$2,COLORES[],2,FALSE),0)) + D20) *(1+($E$2-0.8))) *(1-SUMPRODUCT( (DESC_PROV[LINEA]=$B$2)* (DESC_PROV[LISTA]=$C$2)* (DESC_PROV[DESCUENTO]) )) *(1+VLOOKUP($C$2,LISTAS[],2,FALSE)) *(1+VLOOKUP($C$2,LISTAS[],3,FALSE)) ) /5,0)*5,0) -> 249375 | M20: =IFERROR( ROUND( IF($A$2="COSTO", ((B20*(1+IFERROR(VLOOKUP($D$2,COLORES[],2,FALSE),0)) + E20) *IF($E$2=0.8,1,IF($E$2=0.7,1-7%,1+10%))) *(1-SUMPRODUCT( (DESC_PROV[LINEA]=$B$2)* (DESC_PROV[LISTA]=$C$2)* (DESC_PROV[DESCUENTO]) )), ((B20*(1+IFERROR(VLOOKUP($D$2,COLORES[],2,FALSE),0)) + E20) *IF($E$2=0.8,1,IF($E$2=0.7,1-7%,1+10%))) *(1-SUMPRODUCT( (DESC_PROV[LINEA]=$B$2)* (DESC_PROV[LISTA]=$C$2)* (DESC_PROV[DESCUENTO]) )) *(1+VLOOKUP($C$2,LISTAS[],2,FALSE)) *(1+VLOOKUP($C$2,LISTAS[],3,FALSE)) ) /5,0)*5,0) -> 257275 | N20: =IFERROR( ROUND( IF($A$2="COSTO", ((B20*(1+IFERROR(VLOOKUP($D$2,COLORES[],2,FALSE),0)) + F20) *IF($E$2=0.8,1,IF($E$2=0.7,1-7%,1+10%))) *(1-SUMPRODUCT( (DESC_PROV[LINEA]=$B$2)* (DESC_PROV[LISTA]=$C$2)* (DESC_PROV[DESCUENTO]) )), ((B20*(1+IFERROR(VLOOKUP($D$2,COLORES[],2,FALSE),0)) + F20) *IF($E$2=0.8,1,IF($E$2=0.7,1-7%,1+10%))) *(1-SUMPRODUCT( (DESC_PROV[LINEA]=$B$2)* (DESC_PROV[LISTA]=$C$2)* (DESC_PROV[DESCUENTO]) )) *(1+VLOOKUP($C$2,LISTAS[],2,FALSE)) *(1+VLOOKUP($C$2,LISTAS[],3,FALSE)) ) /5,0)*5,0) -> 251890 | O20: =IFERROR( ROUND( IF($A$2="COSTO", ((B20*(1+IFERROR(VLOOKUP($D$2,COLORES[],2,FALSE),0)) + G20) *IF($E$2=0.8,1,IF($E$2=0.7,1-7%,1+10%))) *(1-SUMPRODUCT( (DESC_PROV[LINEA]=$B$2)* (DESC_PROV[LISTA]=$C$2)* (DESC_PROV[DESCUENTO]) )), ((B20*(1+IFERROR(VLOOKUP($D$2,COLORES[],2,FALSE),0)) + G20) *IF($E$2=0.8,1,IF($E$2=0.7,1-7%,1+10%))) *(1-SUMPRODUCT( (DESC_PROV[LINEA]=$B$2)* (DESC_PROV[LISTA]=$C$2)* (DESC_PROV[DESCUENTO]) )) *(1+VLOOKUP($C$2,LISTAS[],2,FALSE)) *(1+VLOOKUP($C$2,LISTAS[],3,FALSE)) ) /5,0)*5,0) -> 295475 | P20: =IFERROR( ROUND( IF($A$2="COSTO", ((B20*(1+IFERROR(VLOOKUP($D$2,COLORES[],2,FALSE),0)) + H20) *IF($E$2=0.8,1,IF($E$2=0.7,1-7%,1+10%))) *(1-SUMPRODUCT( (DESC_PROV[LINEA]=$B$2)* (DESC_PROV[LISTA]=$C$2)* (DESC_PROV[DESCUENTO]) )), ((B20*(1+IFERROR(VLOOKUP($D$2,COLORES[],2,FALSE),0)) + H20) *IF($E$2=0.8,1,IF($E$2=0.7,1-7%,1+10%))) *(1-SUMPRODUCT( (DESC_PROV[LINEA]=$B$2)* (DESC_PROV[LISTA]=$C$2)* (DESC_PROV[DESCUENTO]) )) *(1+VLOOKUP($C$2,LISTAS[],2,FALSE)) *(1+VLOOKUP($C$2,LISTAS[],3,FALSE)) ) /5,0)*5,0) -> 310285
A21: modelo 12 | B21: 150213 | C21: 15477 | D21: 20085 | E21: 26455 | F21: 22113 | G21: 57259 | H21: 69199 | J21: modelo 12 | K21: =IFERROR( ROUND( IF($A$2="COSTO", ((B21*(1+IFERROR(VLOOKUP($D$2,COLORES[],2,FALSE),0)) + C21) *IF($E$2=0.8,1,IF($E$2=0.7,1-7%,1+10%))) *(1-SUMPRODUCT( (DESC_PROV[LINEA]=$B$2)* (DESC_PROV[LISTA]=$C$2)* (DESC_PROV[DESCUENTO]) )), ((B21*(1+IFERROR(VLOOKUP($D$2,COLORES[],2,FALSE),0)) + C21) *IF($E$2=0.8,1,IF($E$2=0.7,1-7%,1+10%))) *(1-SUMPRODUCT( (DESC_PROV[LINEA]=$B$2)* (DESC_PROV[LISTA]=$C$2)* (DESC_PROV[DESCUENTO]) )) *(1+VLOOKUP($C$2,LISTAS[],2,FALSE)) *(1+VLOOKUP($C$2,LISTAS[],3,FALSE)) ) /5,0)*5,0) -> 205490 | L21: =IFERROR( ROUND( IF($A$2="COSTO", ((B21*(1+IFERROR(VLOOKUP($D$2,COLORES[],2,FALSE),0)) + D21) *(1+($E$2-0.8))) *(1-SUMPRODUCT( (DESC_PROV[LINEA]=$B$2)* (DESC_PROV[LISTA]=$C$2)* (DESC_PROV[DESCUENTO]) )), ((B21*(1+IFERROR(VLOOKUP($D$2,COLORES[],2,FALSE),0)) + D21) *(1+($E$2-0.8))) *(1-SUMPRODUCT( (DESC_PROV[LINEA]=$B$2)* (DESC_PROV[LISTA]=$C$2)* (DESC_PROV[DESCUENTO]) )) *(1+VLOOKUP($C$2,LISTAS[],2,FALSE)) *(1+VLOOKUP($C$2,LISTAS[],3,FALSE)) ) /5,0)*5,0) -> 211205 | M21: =IFERROR( ROUND( IF($A$2="COSTO", ((B21*(1+IFERROR(VLOOKUP($D$2,COLORES[],2,FALSE),0)) + E21) *IF($E$2=0.8,1,IF($E$2=0.7,1-7%,1+10%))) *(1-SUMPRODUCT( (DESC_PROV[LINEA]=$B$2)* (DESC_PROV[LISTA]=$C$2)* (DESC_PROV[DESCUENTO]) )), ((B21*(1+IFERROR(VLOOKUP($D$2,COLORES[],2,FALSE),0)) + E21) *IF($E$2=0.8,1,IF($E$2=0.7,1-7%,1+10%))) *(1-SUMPRODUCT( (DESC_PROV[LINEA]=$B$2)* (DESC_PROV[LISTA]=$C$2)* (DESC_PROV[DESCUENTO]) )) *(1+VLOOKUP($C$2,LISTAS[],2,FALSE)) *(1+VLOOKUP($C$2,LISTAS[],3,FALSE)) ) /5,0)*5,0) -> 219105 | N21: =IFERROR( ROUND( IF($A$2="COSTO", ((B21*(1+IFERROR(VLOOKUP($D$2,COLORES[],2,FALSE),0)) + F21) *IF($E$2=0.8,1,IF($E$2=0.7,1-7%,1+10%))) *(1-SUMPRODUCT( (DESC_PROV[LINEA]=$B$2)* (DESC_PROV[LISTA]=$C$2)* (DESC_PROV[DESCUENTO]) )), ((B21*(1+IFERROR(VLOOKUP($D$2,COLORES[],2,FALSE),0)) + F21) *IF($E$2=0.8,1,IF($E$2=0.7,1-7%,1+10%))) *(1-SUMPRODUCT( (DESC_PROV[LINEA]=$B$2)* (DESC_PROV[LISTA]=$C$2)* (DESC_PROV[DESCUENTO]) )) *(1+VLOOKUP($C$2,LISTAS[],2,FALSE)) *(1+VLOOKUP($C$2,LISTAS[],3,FALSE)) ) /5,0)*5,0) -> 213720 | O21: =IFERROR( ROUND( IF($A$2="COSTO", ((B21*(1+IFERROR(VLOOKUP($D$2,COLORES[],2,FALSE),0)) + G21) *IF($E$2=0.8,1,IF($E$2=0.7,1-7%,1+10%))) *(1-SUMPRODUCT( (DESC_PROV[LINEA]=$B$2)* (DESC_PROV[LISTA]=$C$2)* (DESC_PROV[DESCUENTO]) )), ((B21*(1+IFERROR(VLOOKUP($D$2,COLORES[],2,FALSE),0)) + G21) *IF($E$2=0.8,1,IF($E$2=0.7,1-7%,1+10%))) *(1-SUMPRODUCT( (DESC_PROV[LINEA]=$B$2)* (DESC_PROV[LISTA]=$C$2)* (DESC_PROV[DESCUENTO]) )) *(1+VLOOKUP($C$2,LISTAS[],2,FALSE)) *(1+VLOOKUP($C$2,LISTAS[],3,FALSE)) ) /5,0)*5,0) -> 257305 | P21: =IFERROR( ROUND( IF($A$2="COSTO", ((B21*(1+IFERROR(VLOOKUP($D$2,COLORES[],2,FALSE),0)) + H21) *IF($E$2=0.8,1,IF($E$2=0.7,1-7%,1+10%))) *(1-SUMPRODUCT( (DESC_PROV[LINEA]=$B$2)* (DESC_PROV[LISTA]=$C$2)* (DESC_PROV[DESCUENTO]) )), ((B21*(1+IFERROR(VLOOKUP($D$2,COLORES[],2,FALSE),0)) + H21) *IF($E$2=0.8,1,IF($E$2=0.7,1-7%,1+10%))) *(1-SUMPRODUCT( (DESC_PROV[LINEA]=$B$2)* (DESC_PROV[LISTA]=$C$2)* (DESC_PROV[DESCUENTO]) )) *(1+VLOOKUP($C$2,LISTAS[],2,FALSE)) *(1+VLOOKUP($C$2,LISTAS[],3,FALSE)) ) /5,0)*5,0) -> 272115
A22: modelo panel | B22: 283039 | C22: 0 | D22: 0 | E22: 0 | F22: 0 | G22: 0 | H22: 0 | J22: modelo panel | K22: =IFERROR( ROUND( IF($A$2="COSTO", ((B22*(1+IFERROR(VLOOKUP($D$2,COLORES[],2,FALSE),0)) + C22) *IF($E$2=0.8,1,IF($E$2=0.7,1-7%,1+10%))) *(1-SUMPRODUCT( (DESC_PROV[LINEA]=$B$2)* (DESC_PROV[LISTA]=$C$2)* (DESC_PROV[DESCUENTO]) )), ((B22*(1+IFERROR(VLOOKUP($D$2,COLORES[],2,FALSE),0)) + C22) *IF($E$2=0.8,1,IF($E$2=0.7,1-7%,1+10%))) *(1-SUMPRODUCT( (DESC_PROV[LINEA]=$B$2)* (DESC_PROV[LISTA]=$C$2)* (DESC_PROV[DESCUENTO]) )) *(1+VLOOKUP($C$2,LISTAS[],2,FALSE)) *(1+VLOOKUP($C$2,LISTAS[],3,FALSE)) ) /5,0)*5,0) -> 351025 | L22: - | M22: - | N22: - | O22: - | P22: -
A24: ADICIONALES | J24: ADICIONALES
A25: Barral curvo | B25: 18000 | D25: puerta de 90 + 10% | J25: Barral curvo | K25: =IFERROR( ROUND( IF($A$2="COSTO", B25 *(1-SUMPRODUCT( (DESC_PROV[LINEA]=$B$2)* (DESC_PROV[LISTA]=$C$2)* (DESC_PROV[DESCUENTO]) )), B25 *(1-SUMPRODUCT( (DESC_PROV[LINEA]=$B$2)* (DESC_PROV[LISTA]=$C$2)* (DESC_PROV[DESCUENTO]) )) *(1+IFERROR(VLOOKUP($C$2,LISTAS[],2,FALSE),0)) *(1+IFERROR(VLOOKUP($C$2,LISTAS[],3,FALSE),0)) ) /5,0)*5,0) -> 22325 | L25: puerta de 90 + 10%
A26: barral recto | B26: 18000 | D26: puerta de 70 -7% | J26: barral recto | K26: =IFERROR( ROUND( IF($A$2="COSTO", B26 *(1-SUMPRODUCT( (DESC_PROV[LINEA]=$B$2)* (DESC_PROV[LISTA]=$C$2)* (DESC_PROV[DESCUENTO]) )), B26 *(1-SUMPRODUCT( (DESC_PROV[LINEA]=$B$2)* (DESC_PROV[LISTA]=$C$2)* (DESC_PROV[DESCUENTO]) )) *(1+IFERROR(VLOOKUP($C$2,LISTAS[],2,FALSE),0)) *(1+IFERROR(VLOOKUP($C$2,LISTAS[],3,FALSE),0)) ) /5,0)*5,0) -> 22325 | L26: puerta de 70 -7%

Sheet medias puertas herrero
A1: MODO | B1: LINEA | C1: LISTA | D1: COLOR
A2: =CONTROL!B4 -> VENTA | B2: HERRERO | C2: =CONTROL!C4 -> AMARILLA | D2: =CONTROL!D4 -> BLANCO
A4: 1/2 PUERTA HERRERO | H4: 1/2 PUERTA HERRERO
A6: modelo | B6: s/vidrio | C6: v4mm | D6: V3+3 | E6: fantasia | F6: esmerilado | H6: modelo | I6: v4mm | J6: V3+3 | K6: Fantasia | L6: Esmerilado
A7: v/entero | B7: 99635 | C7: 16965 | D7: 72556 | E7: 18675 | F7: 48354 | H7: v/entero | I7: {=IFERROR( ROUND( IF($A$2="COSTO", ((B7*(1+IFERROR(VLOOKUP($D$2,COLORES[],2,FALSE),0)))+C7) *(1-IFERROR(_xlfn.XLOOKUP(1,(DESC_PROV[LINEA]=$B$2)*(DESC_PROV[LISTA]=$C$2),DESC_PROV[DESCUENTO]),0)), ((B7*(1+IFERROR(VLOOKUP($D$2,COLORES[],2,FALSE),0)))+C7) *(1-IFERROR(_xlfn.XLOOKUP(1,(DESC_PROV[LINEA]=$B$2)*(DESC_PROV[LISTA]=$C$2),DESC_PROV[DESCUENTO]),0)) *(1+VLOOKUP($C$2,LISTAS[],2,FALSE)) *(1+VLOOKUP($C$2,LISTAS[],3,FALSE)) ) /5,0)*5,0)} -> 144605 | J7: {=ROUND( IF($A$2="COSTO", ((B7*(1+IFERROR(VLOOKUP($D$2,COLORES[],2,FALSE),0)))+D7) *(1-IFERROR(_xlfn.XLOOKUP(1,(DESC_PROV[LINEA]=$B$2)*(DESC_PROV[LISTA]=$C$2),DESC_PROV[DESCUENTO]),0)), ((B7*(1+IFERROR(VLOOKUP($D$2,COLORES[],2,FALSE),0)))+D7) *(1-IFERROR(_xlfn.XLOOKUP(1,(DESC_PROV[LINEA]=$B$2)*(DESC_PROV[LISTA]=$C$2),DESC_PROV[DESCUENTO]),0)) *(1+VLOOKUP($C$2,LISTAS[],2,FALSE)) *(1+VLOOKUP($C$2,LISTAS[],3,FALSE)) ) /5,0)*5} -> 213550 | K7: {=ROUND( IF($A$2="COSTO", ((B7*(1+IFERROR(VLOOKUP($D$2,COLORES[],2,FALSE),0)))+E7) *(1-IFERROR(_xlfn.XLOOKUP(1,(DESC_PROV[LINEA]=$B$2)*(DESC_PROV[LISTA]=$C$2),DESC_PROV[DESCUENTO]),0)), ((B7*(1+IFERROR(VLOOKUP($D$2,COLORES[],2,FALSE),0)))+E7) *(1-IFERROR(_xlfn.XLOOKUP(1,(DESC_PROV[LINEA]=$B$2)*(DESC_PROV[LISTA]=$C$2),DESC_PROV[DESCUENTO]),0)) *(1+VLOOKUP($C$2,LISTAS[],2,FALSE)) *(1+VLOOKUP($C$2,LISTAS[],3,FALSE)) ) /5,0)*5} -> 146730 | L7: {=ROUND( IF($A$2="COSTO", ((B7*(1+IFERROR(VLOOKUP($D$2,COLORES[],2,FALSE),0)))+F7) *(1-IFERROR(_xlfn.XLOOKUP(1,(DESC_PROV[LINEA]=$B$2)*(DESC_PROV[LISTA]=$C$2),DESC_PROV[DESCUENTO]),0)), ((B7*(1+IFERROR(VLOOKUP($D$2,COLORES[],2,FALSE),0)))+F7) *(1-IFERROR(_xlfn.XLOOKUP(1,(DESC_PROV[LINEA]=$B$2)*(DESC_PROV[LISTA]=$C$2),DESC_PROV[DESCUENTO]),0)) *(1+VLOOKUP($C$2,LISTAS[],2,FALSE)) *(1+VLOOKUP($C$2,LISTAS[],3,FALSE)) ) /5,0)*5} -> 183535
A8: v/repartido | B8: 114030 | C8: 16965 | E8: 18675 | F8: 48354 | H8: v/repartido | I8: {=IFERROR( ROUND( IF($A$2="COSTO", ((B8*(1+IFERROR(VLOOKUP($D$2,COLORES[],2,FALSE),0)))+C8) *(1-IFERROR(_xlfn.XLOOKUP(1,(DESC_PROV[LINEA]=$B$2)*(DESC_PROV[LISTA]=$C$2),DESC_PROV[DESCUENTO]),0)), ((B8*(1+IFERROR(VLOOKUP($D$2,COLORES[],2,FALSE),0)))+C8) *(1-IFERROR(_xlfn.XLOOKUP(1,(DESC_PROV[LINEA]=$B$2)*(DESC_PROV[LISTA]=$C$2),DESC_PROV[DESCUENTO]),0)) *(1+VLOOKUP($C$2,LISTAS[],2,FALSE)) *(1+VLOOKUP($C$2,LISTAS[],3,FALSE)) ) /5,0)*5,0)} -> 162460 | J8: {=ROUND( IF($A$2="COSTO", ((B8*(1+IFERROR(VLOOKUP($D$2,COLORES[],2,FALSE),0)))+D8) *(1-IFERROR(_xlfn.XLOOKUP(1,(DESC_PROV[LINEA]=$B$2)*(DESC_PROV[LISTA]=$C$2),DESC_PROV[DESCUENTO]),0)), ((B8*(1+IFERROR(VLOOKUP($D$2,COLORES[],2,FALSE),0)))+D8) *(1-IFERROR(_xlfn.XLOOKUP(1,(DESC_PROV[LINEA]=$B$2)*(DESC_PROV[LISTA]=$C$2),DESC_PROV[DESCUENTO]),0)) *(1+VLOOKUP($C$2,LISTAS[],2,FALSE)) *(1+VLOOKUP($C$2,LISTAS[],3,FALSE)) ) /5,0)*5} -> 141420 | K8: {=ROUND( IF($A$2="COSTO", ((B8*(1+IFERROR(VLOOKUP($D$2,COLORES[],2,FALSE),0)))+E8) *(1-IFERROR(_xlfn.XLOOKUP(1,(DESC_PROV[LINEA]=$B$2)*(DESC_PROV[LISTA]=$C$2),DESC_PROV[DESCUENTO]),0)), ((B8*(1+IFERROR(VLOOKUP($D$2,COLORES[],2,FALSE),0)))+E8) *(1-IFERROR(_xlfn.XLOOKUP(1,(DESC_PROV[LINEA]=$B$2)*(DESC_PROV[LISTA]=$C$2),DESC_PROV[DESCUENTO]),0)) *(1+VLOOKUP($C$2,LISTAS[],2,FALSE)) *(1+VLOOKUP($C$2,LISTAS[],3,FALSE)) ) /5,0)*5} -> 164580 | L8: {=ROUND( IF($A$2="COSTO", ((B8*(1+IFERROR(VLOOKUP($D$2,COLORES[],2,FALSE),0)))+F8) *(1-IFERROR(_xlfn.XLOOKUP(1,(DESC_PROV[LINEA]=$B$2)*(DESC_PROV[LISTA]=$C$2),DESC_PROV[DESCUENTO]),0)), ((B8*(1+IFERROR(VLOOKUP($D$2,COLORES[],2,FALSE),0)))+F8) *(1-IFERROR(_xlfn.XLOOKUP(1,(DESC_PROV[LINEA]=$B$2)*(DESC_PROV[LISTA]=$C$2),DESC_PROV[DESCUENTO]),0)) *(1+VLOOKUP($C$2,LISTAS[],2,FALSE)) *(1+VLOOKUP($C$2,LISTAS[],3,FALSE)) ) /5,0)*5} -> 201390
A9: 3/4 v entero | B9: 123971 | C9: 13390 | D9: 57283 | E9: 14742 | F9: 38175 | H9: 3/4 v entero | I9: {=IFERROR( ROUND( IF($A$2="COSTO", ((B9*(1+IFERROR(VLOOKUP($D$2,COLORES[],2,FALSE),0)))+C9) *(1-IFERROR(_xlfn.XLOOKUP(1,(DESC_PROV[LINEA]=$B$2)*(DESC_PROV[LISTA]=$C$2),DESC_PROV[DESCUENTO]),0)), ((B9*(1+IFERROR(VLOOKUP($D$2,COLORES[],2,FALSE),0)))+C9) *(1-IFERROR(_xlfn.XLOOKUP(1,(DESC_PROV[LINEA]=$B$2)*(DESC_PROV[LISTA]=$C$2),DESC_PROV[DESCUENTO]),0)) *(1+VLOOKUP($C$2,LISTAS[],2,FALSE)) *(1+VLOOKUP($C$2,LISTAS[],3,FALSE)) ) /5,0)*5,0)} -> 170355 | J9: {=ROUND( IF($A$2="COSTO", ((B9*(1+IFERROR(VLOOKUP($D$2,COLORES[],2,FALSE),0)))+D9) *(1-IFERROR(_xlfn.XLOOKUP(1,(DESC_PROV[LINEA]=$B$2)*(DESC_PROV[LISTA]=$C$2),DESC_PROV[DESCUENTO]),0)), ((B9*(1+IFERROR(VLOOKUP($D$2,COLORES[],2,FALSE),0)))+D9) *(1-IFERROR(_xlfn.XLOOKUP(1,(DESC_PROV[LINEA]=$B$2)*(DESC_PROV[LISTA]=$C$2),DESC_PROV[DESCUENTO]),0)) *(1+VLOOKUP($C$2,LISTAS[],2,FALSE)) *(1+VLOOKUP($C$2,LISTAS[],3,FALSE)) ) /5,0)*5} -> 224790 | K9: {=ROUND( IF($A$2="COSTO", ((B9*(1+IFERROR(VLOOKUP($D$2,COLORES[],2,FALSE),0)))+E9) *(1-IFERROR(_xlfn.XLOOKUP(1,(DESC_PROV[LINEA]=$B$2)*(DESC_PROV[LISTA]=$C$2),DESC_PROV[DESCUENTO]),0)), ((B9*(1+IFERROR(VLOOKUP($D$2,COLORES[],2,FALSE),0)))+E9) *(1-IFERROR(_xlfn.XLOOKUP(1,(DESC_PROV[LINEA]=$B$2)*(DESC_PROV[LISTA]=$C$2),DESC_PROV[DESCUENTO]),0)) *(1+VLOOKUP($C$2,LISTAS[],2,FALSE)) *(1+VLOOKUP($C$2,LISTAS[],3,FALSE)) ) /5,0)*5} -> 172030 | L9: {=ROUND( IF($A$2="COSTO", ((B9*(1+IFERROR(VLOOKUP($D$2,COLORES[],2,FALSE),0)))+F9) *(1-IFERROR(_xlfn.XLOOKUP(1,(DESC_PROV[LINEA]=$B$2)*(DESC_PROV[LISTA]=$C$2),DESC_PROV[DESCUENTO]),0)), ((B9*(1+IFERROR(VLOOKUP($D$2,COLORES[],2,FALSE),0)))+F9) *(1-IFERROR(_xlfn.XLOOKUP(1,(DESC_PROV[LINEA]=$B$2)*(DESC_PROV[LISTA]=$C$2),DESC_PROV[DESCUENTO]),0)) *(1+VLOOKUP($C$2,LISTAS[],2,FALSE)) *(1+VLOOKUP($C$2,LISTAS[],3,FALSE)) ) /5,0)*5} -> 201095
A10: 3/4 v repartido | B10: 138474 | C10: 13390 | E10: 14742 | F10: 38175 | H10: 3/4 v repartido | I10: {=IFERROR( ROUND( IF($A$2="COSTO", ((B10*(1+IFERROR(VLOOKUP($D$2,COLORES[],2,FALSE),0)))+C10) *(1-IFERROR(_xlfn.XLOOKUP(1,(DESC_PROV[LINEA]=$B$2)*(DESC_PROV[LISTA]=$C$2),DESC_PROV[DESCUENTO]),0)), ((B10*(1+IFERROR(VLOOKUP($D$2,COLORES[],2,FALSE),0)))+C10) *(1-IFERROR(_xlfn.XLOOKUP(1,(DESC_PROV[LINEA]=$B$2)*(DESC_PROV[LISTA]=$C$2),DESC_PROV[DESCUENTO]),0)) *(1+VLOOKUP($C$2,LISTAS[],2,FALSE)) *(1+VLOOKUP($C$2,LISTAS[],3,FALSE)) ) /5,0)*5,0)} -> 188340 | J10: {=ROUND( IF($A$2="COSTO", ((B10*(1+IFERROR(VLOOKUP($D$2,COLORES[],2,FALSE),0)))+D10) *(1-IFERROR(_xlfn.XLOOKUP(1,(DESC_PROV[LINEA]=$B$2)*(DESC_PROV[LISTA]=$C$2),DESC_PROV[DESCUENTO]),0)), ((B10*(1+IFERROR(VLOOKUP($D$2,COLORES[],2,FALSE),0)))+D10) *(1-IFERROR(_xlfn.XLOOKUP(1,(DESC_PROV[LINEA]=$B$2)*(DESC_PROV[LISTA]=$C$2),DESC_PROV[DESCUENTO]),0)) *(1+VLOOKUP($C$2,LISTAS[],2,FALSE)) *(1+VLOOKUP($C$2,LISTAS[],3,FALSE)) ) /5,0)*5} -> 171735 | K10: {=ROUND( IF($A$2="COSTO", ((B10*(1+IFERROR(VLOOKUP($D$2,COLORES[],2,FALSE),0)))+E10) *(1-IFERROR(_xlfn.XLOOKUP(1,(DESC_PROV[LINEA]=$B$2)*(DESC_PROV[LISTA]=$C$2),DESC_PROV[DESCUENTO]),0)), ((B10*(1+IFERROR(VLOOKUP($D$2,COLORES[],2,FALSE),0)))+E10) *(1-IFERROR(_xlfn.XLOOKUP(1,(DESC_PROV[LINEA]=$B$2)*(DESC_PROV[LISTA]=$C$2),DESC_PROV[DESCUENTO]),0)) *(1+VLOOKUP($C$2,LISTAS[],2,FALSE)) *(1+VLOOKUP($C$2,LISTAS[],3,FALSE)) ) /5,0)*5} -> 190020 | L10: {=ROUND( IF($A$2="COSTO", ((B10*(1+IFERROR(VLOOKUP($D$2,COLORES[],2,FALSE),0)))+F10) *(1-IFERROR(_xlfn.XLOOKUP(1,(DESC_PROV[LINEA]=$B$2)*(DESC_PROV[LISTA]=$C$2),DESC_PROV[DESCUENTO]),0)), ((B10*(1+IFERROR(VLOOKUP($D$2,COLORES[],2,FALSE),0)))+F10) *(1-IFERROR(_xlfn.XLOOKUP(1,(DESC_PROV[LINEA]=$B$2)*(DESC_PROV[LISTA]=$C$2),DESC_PROV[DESCUENTO]),0)) *(1+VLOOKUP($C$2,LISTAS[],2,FALSE)) *(1+VLOOKUP($C$2,LISTAS[],3,FALSE)) ) /5,0)*5} -> 219080
A11: 1/2 v entero | B11: 150387 | C11: 8931 | D11: 38189 | E11: 9828 | F11: 25448 | H11: 1/2 v entero | I11: {=IFERROR( ROUND( IF($A$2="COSTO", ((B11*(1+IFERROR(VLOOKUP($D$2,COLORES[],2,FALSE),0)))+C11) *(1-IFERROR(_xlfn.XLOOKUP(1,(DESC_PROV[LINEA]=$B$2)*(DESC_PROV[LISTA]=$C$2),DESC_PROV[DESCUENTO]),0)), ((B11*(1+IFERROR(VLOOKUP($D$2,COLORES[],2,FALSE),0)))+C11) *(1-IFERROR(_xlfn.XLOOKUP(1,(DESC_PROV[LINEA]=$B$2)*(DESC_PROV[LISTA]=$C$2),DESC_PROV[DESCUENTO]),0)) *(1+VLOOKUP($C$2,LISTAS[],2,FALSE)) *(1+VLOOKUP($C$2,LISTAS[],3,FALSE)) ) /5,0)*5,0)} -> 197585 | J11: {=ROUND( IF($A$2="COSTO", ((B11*(1+IFERROR(VLOOKUP($D$2,COLORES[],2,FALSE),0)))+D11) *(1-IFERROR(_xlfn.XLOOKUP(1,(DESC_PROV[LINEA]=$B$2)*(DESC_PROV[LISTA]=$C$2),DESC_PROV[DESCUENTO]),0)), ((B11*(1+IFERROR(VLOOKUP($D$2,COLORES[],2,FALSE),0)))+D11) *(1-IFERROR(_xlfn.XLOOKUP(1,(DESC_PROV[LINEA]=$B$2)*(DESC_PROV[LISTA]=$C$2),DESC_PROV[DESCUENTO]),0)) *(1+VLOOKUP($C$2,LISTAS[],2,FALSE)) *(1+VLOOKUP($C$2,LISTAS[],3,FALSE)) ) /5,0)*5} -> 233870 | K11: {=ROUND( IF($A$2="COSTO", ((B11*(1+IFERROR(VLOOKUP($D$2,COLORES[],2,FALSE),0)))+E11) *(1-IFERROR(_xlfn.XLOOKUP(1,(DESC_PROV[LINEA]=$B$2)*(DESC_PROV[LISTA]=$C$2),DESC_PROV[DESCUENTO]),0)), ((B11*(1+IFERROR(VLOOKUP($D$2,COLORES[],2,FALSE),0)))+E11) *(1-IFERROR(_xlfn.XLOOKUP(1,(DESC_PROV[LINEA]=$B$2)*(DESC_PROV[LISTA]=$C$2),DESC_PROV[DESCUENTO]),0)) *(1+VLOOKUP($C$2,LISTAS[],2,FALSE)) *(1+VLOOKUP($C$2,LISTAS[],3,FALSE)) ) /5,0)*5} -> 198700 | L11: {=ROUND( IF($A$2="COSTO", ((B11*(1+IFERROR(VLOOKUP($D$2,COLORES[],2,FALSE),0)))+F11) *(1-IFERROR(_xlfn.XLOOKUP(1,(DESC_PROV[LINEA]=$B$2)*(DESC_PROV[LISTA]=$C$2),DESC_PROV[DESCUENTO]),0)), ((B11*(1+IFERROR(VLOOKUP($D$2,COLORES[],2,FALSE),0)))+F11) *(1-IFERROR(_xlfn.XLOOKUP(1,(DESC_PROV[LINEA]=$B$2)*(DESC_PROV[LISTA]=$C$2),DESC_PROV[DESCUENTO]),0)) *(1+VLOOKUP($C$2,LISTAS[],2,FALSE)) *(1+VLOOKUP($C$2,LISTAS[],3,FALSE)) ) /5,0)*5} -> 218070
A12: 1/2 v repartido | B12: 158256 | C12: 8931 | E12: 9828 | F12: 25448 | H12: 1/2 v repartido | I12: {=IFERROR( ROUND( IF($A$2="COSTO", ((B12*(1+IFERROR(VLOOKUP($D$2,COLORES[],2,FALSE),0)))+C12) *(1-IFERROR(_xlfn.XLOOKUP(1,(DESC_PROV[LINEA]=$B$2)*(DESC_PROV[LISTA]=$C$2),DESC_PROV[DESCUENTO]),0)), ((B12*(1+IFERROR(VLOOKUP($D$2,COLORES[],2,FALSE),0)))+C12) *(1-IFERROR(_xlfn.XLOOKUP(1,(DESC_PROV[LINEA]=$B$2)*(DESC_PROV[LISTA]=$C$2),DESC_PROV[DESCUENTO]),0)) *(1+VLOOKUP($C$2,LISTAS[],2,FALSE)) *(1+VLOOKUP($C$2,LISTAS[],3,FALSE)) ) /5,0)*5,0)} -> 207345 | J12: {=ROUND( IF($A$2="COSTO", ((B12*(1+IFERROR(VLOOKUP($D$2,COLORES[],2,FALSE),0)))+D12) *(1-IFERROR(_xlfn.XLOOKUP(1,(DESC_PROV[LINEA]=$B$2)*(DESC_PROV[LISTA]=$C$2),DESC_PROV[DESCUENTO]),0)), ((B12*(1+IFERROR(VLOOKUP($D$2,COLORES[],2,FALSE),0)))+D12) *(1-IFERROR(_xlfn.XLOOKUP(1,(DESC_PROV[LINEA]=$B$2)*(DESC_PROV[LISTA]=$C$2),DESC_PROV[DESCUENTO]),0)) *(1+VLOOKUP($C$2,LISTAS[],2,FALSE)) *(1+VLOOKUP($C$2,LISTAS[],3,FALSE)) ) /5,0)*5} -> 196270 | K12: {=ROUND( IF($A$2="COSTO", ((B12*(1+IFERROR(VLOOKUP($D$2,COLORES[],2,FALSE),0)))+E12) *(1-IFERROR(_xlfn.XLOOKUP(1,(DESC_PROV[LINEA]=$B$2)*(DESC_PROV[LISTA]=$C$2),DESC_PROV[DESCUENTO]),0)), ((B12*(1+IFERROR(VLOOKUP($D$2,COLORES[],2,FALSE),0)))+E12) *(1-IFERROR(_xlfn.XLOOKUP(1,(DESC_PROV[LINEA]=$B$2)*(DESC_PROV[LISTA]=$C$2),DESC_PROV[DESCUENTO]),0)) *(1+VLOOKUP($C$2,LISTAS[],2,FALSE)) *(1+VLOOKUP($C$2,LISTAS[],3,FALSE)) ) /5,0)*5} -> 208460 | L12: {=ROUND( IF($A$2="COSTO", ((B12*(1+IFERROR(VLOOKUP($D$2,COLORES[],2,FALSE),0)))+F12) *(1-IFERROR(_xlfn.XLOOKUP(1,(DESC_PROV[LINEA]=$B$2)*(DESC_PROV[LISTA]=$C$2),DESC_PROV[DESCUENTO]),0)), ((B12*(1+IFERROR(VLOOKUP($D$2,COLORES[],2,FALSE),0)))+F12) *(1-IFERROR(_xlfn.XLOOKUP(1,(DESC_PROV[LINEA]=$B$2)*(DESC_PROV[LISTA]=$C$2),DESC_PROV[DESCUENTO]),0)) *(1+VLOOKUP($C$2,LISTAS[],2,FALSE)) *(1+VLOOKUP($C$2,LISTAS[],3,FALSE)) ) /5,0)*5} -> 227830
A13: 4 travezaños | B13: 119776 | C13: 22321 | D13: 95472 | E13: 24570 | F13: 63622 | H13: 4 travezaños | I13: {=IFERROR( ROUND( IF($A$2="COSTO", ((B13*(1+IFERROR(VLOOKUP($D$2,COLORES[],2,FALSE),0)))+C13) *(1-IFERROR(_xlfn.XLOOKUP(1,(DESC_PROV[LINEA]=$B$2)*(DESC_PROV[LISTA]=$C$2),DESC_PROV[DESCUENTO]),0)), ((B13*(1+IFERROR(VLOOKUP($D$2,COLORES[],2,FALSE),0)))+C13) *(1-IFERROR(_xlfn.XLOOKUP(1,(DESC_PROV[LINEA]=$B$2)*(DESC_PROV[LISTA]=$C$2),DESC_PROV[DESCUENTO]),0)) *(1+VLOOKUP($C$2,LISTAS[],2,FALSE)) *(1+VLOOKUP($C$2,LISTAS[],3,FALSE)) ) /5,0)*5,0)} -> 176230 | J13: {=ROUND( IF($A$2="COSTO", ((B13*(1+IFERROR(VLOOKUP($D$2,COLORES[],2,FALSE),0)))+D13) *(1-IFERROR(_xlfn.XLOOKUP(1,(DESC_PROV[LINEA]=$B$2)*(DESC_PROV[LISTA]=$C$2),DESC_PROV[DESCUENTO]),0)), ((B13*(1+IFERROR(VLOOKUP($D$2,COLORES[],2,FALSE),0)))+D13) *(1-IFERROR(_xlfn.XLOOKUP(1,(DESC_PROV[LINEA]=$B$2)*(DESC_PROV[LISTA]=$C$2),DESC_PROV[DESCUENTO]),0)) *(1+VLOOKUP($C$2,LISTAS[],2,FALSE)) *(1+VLOOKUP($C$2,LISTAS[],3,FALSE)) ) /5,0)*5} -> 266950 | K13: {=ROUND( IF($A$2="COSTO", ((B13*(1+IFERROR(VLOOKUP($D$2,COLORES[],2,FALSE),0)))+E13) *(1-IFERROR(_xlfn.XLOOKUP(1,(DESC_PROV[LINEA]=$B$2)*(DESC_PROV[LISTA]=$C$2),DESC_PROV[DESCUENTO]),0)), ((B13*(1+IFERROR(VLOOKUP($D$2,COLORES[],2,FALSE),0)))+E13) *(1-IFERROR(_xlfn.XLOOKUP(1,(DESC_PROV[LINEA]=$B$2)*(DESC_PROV[LISTA]=$C$2),DESC_PROV[DESCUENTO]),0)) *(1+VLOOKUP($C$2,LISTAS[],2,FALSE)) *(1+VLOOKUP($C$2,LISTAS[],3,FALSE)) ) /5,0)*5} -> 179020 | L13: {=ROUND( IF($A$2="COSTO", ((B13*(1+IFERROR(VLOOKUP($D$2,COLORES[],2,FALSE),0)))+F13) *(1-IFERROR(_xlfn.XLOOKUP(1,(DESC_PROV[LINEA]=$B$2)*(DESC_PROV[LISTA]=$C$2),DESC_PROV[DESCUENTO]),0)), ((B13*(1+IFERROR(VLOOKUP($D$2,COLORES[],2,FALSE),0)))+F13) *(1-IFERROR(_xlfn.XLOOKUP(1,(DESC_PROV[LINEA]=$B$2)*(DESC_PROV[LISTA]=$C$2),DESC_PROV[DESCUENTO]),0)) *(1+VLOOKUP($C$2,LISTAS[],2,FALSE)) *(1+VLOOKUP($C$2,LISTAS[],3,FALSE)) ) /5,0)*5} -> 227450
A14: 1 travesaño | B14: 115000 | C14: 19500 | D14: 65000 | E14: 19000 | F14: 49000 | H14: 1 travesaño | I14: {=IFERROR( ROUND( IF($A$2="COSTO", ((B14*(1+IFERROR(VLOOKUP($D$2,COLORES[],2,FALSE),0)))+C14) *(1-IFERROR(_xlfn.XLOOKUP(1,(DESC_PROV[LINEA]=$B$2)*(DESC_PROV[LISTA]=$C$2),DESC_PROV[DESCUENTO]),0)), ((B14*(1+IFERROR(VLOOKUP($D$2,COLORES[],2,FALSE),0)))+C14) *(1-IFERROR(_xlfn.XLOOKUP(1,(DESC_PROV[LINEA]=$B$2)*(DESC_PROV[LISTA]=$C$2),DESC_PROV[DESCUENTO]),0)) *(1+VLOOKUP($C$2,LISTAS[],2,FALSE)) *(1+VLOOKUP($C$2,LISTAS[],3,FALSE)) ) /5,0)*5,0)} -> 166805 | J14: {=ROUND( IF($A$2="COSTO", ((B14*(1+IFERROR(VLOOKUP($D$2,COLORES[],2,FALSE),0)))+D14) *(1-IFERROR(_xlfn.XLOOKUP(1,(DESC_PROV[LINEA]=$B$2)*(DESC_PROV[LISTA]=$C$2),DESC_PROV[DESCUENTO]),0)), ((B14*(1+IFERROR(VLOOKUP($D$2,COLORES[],2,FALSE),0)))+D14) *(1-IFERROR(_xlfn.XLOOKUP(1,(DESC_PROV[LINEA]=$B$2)*(DESC_PROV[LISTA]=$C$2),DESC_PROV[DESCUENTO]),0)) *(1+VLOOKUP($C$2,LISTAS[],2,FALSE)) *(1+VLOOKUP($C$2,LISTAS[],3,FALSE)) ) /5,0)*5} -> 223235 | K14: {=ROUND( IF($A$2="COSTO", ((B14*(1+IFERROR(VLOOKUP($D$2,COLORES[],2,FALSE),0)))+E14) *(1-IFERROR(_xlfn.XLOOKUP(1,(DESC_PROV[LINEA]=$B$2)*(DESC_PROV[LISTA]=$C$2),DESC_PROV[DESCUENTO]),0)), ((B14*(1+IFERROR(VLOOKUP($D$2,COLORES[],2,FALSE),0)))+E14) *(1-IFERROR(_xlfn.XLOOKUP(1,(DESC_PROV[LINEA]=$B$2)*(DESC_PROV[LISTA]=$C$2),DESC_PROV[DESCUENTO]),0)) *(1+VLOOKUP($C$2,LISTAS[],2,FALSE)) *(1+VLOOKUP($C$2,LISTAS[],3,FALSE)) ) /5,0)*5} -> 166185 | L14: {=ROUND( IF($A$2="COSTO", ((B14*(1+IFERROR(VLOOKUP($D$2,COLORES[],2,FALSE),0)))+F14) *(1-IFERROR(_xlfn.XLOOKUP(1,(DESC_PROV[LINEA]=$B$2)*(DESC_PROV[LISTA]=$C$2),DESC_PROV[DESCUENTO]),0)), ((B14*(1+IFERROR(VLOOKUP($D$2,COLORES[],2,FALSE),0)))+F14) *(1-IFERROR(_xlfn.XLOOKUP(1,(DESC_PROV[LINEA]=$B$2)*(DESC_PROV[LISTA]=$C$2),DESC_PROV[DESCUENTO]),0)) *(1+VLOOKUP($C$2,LISTAS[],2,FALSE)) *(1+VLOOKUP($C$2,LISTAS[],3,FALSE)) ) /5,0)*5} -> 203395

Sheet ventanas modena
A1: MODO | B1: LINEA | C1: LISTA | D1: COLOR
A2: =CONTROL!B4 -> VENTA | B2: MODENA | C2: =CONTROL!C4 -> AMARILLA | D2: =CONTROL!D4 -> BLANCO
A4: VENTANAS MODENA | K4: VENTANAS MODENA
A5: medidas | B5: sin vidrio | C5: guia | D5: mosq | E5: vidrio 3mm | F5: v/4mm | G5: v/5mm | H5: v/3+3 lam | I5: camara dvh | K5: medidas | L5: 3mm | M5: 4mm | N5: 5mm | O5: 3+3 | P5: Guia | Q5: Mosq | R5: DVH
A6: 60x0,40 | B6: 79094 | C6: 6884 | D6: 9900 | E6: 2550 | F6: 3090 | G6: 4068 | H6: 12737 | I6: 36118 | K6: 60x0,40 | L6: {=ROUND( IF($A$2="COSTO", ((B6*(1+IFERROR(VLOOKUP($D$2,COLORES[],2,FALSE),0)))+E6) *(1-IFERROR(_xlfn.XLOOKUP(1,(DESC_PROV[LINEA]=$B$2)*(DESC_PROV[LISTA]=$C$2),DESC_PROV[DESCUENTO]),0)), ((B6*(1+IFERROR(VLOOKUP($D$2,COLORES[],2,FALSE),0)))+E6) *(1-IFERROR(_xlfn.XLOOKUP(1,(DESC_PROV[LINEA]=$B$2)*(DESC_PROV[LISTA]=$C$2),DESC_PROV[DESCUENTO]),0)) *(1+VLOOKUP($C$2,LISTAS[],2,FALSE)) *(1+VLOOKUP($C$2,LISTAS[],3,FALSE)) ) /5,0)*5} -> 104630 | M6: {=ROUND( IF($A$2="COSTO", ((B6*(1+IFERROR(VLOOKUP($D$2,COLORES[],2,FALSE),0)))+F6) *(1-IFERROR(_xlfn.XLOOKUP(1,(DESC_PROV[LINEA]=$B$2)*(DESC_PROV[LISTA]=$C$2),DESC_PROV[DESCUENTO]),0)), ((B6*(1+IFERROR(VLOOKUP($D$2,COLORES[],2,FALSE),0)))+F6) *(1-IFERROR(_xlfn.XLOOKUP(1,(DESC_PROV[LINEA]=$B$2)*(DESC_PROV[LISTA]=$C$2),DESC_PROV[DESCUENTO]),0)) *(1+VLOOKUP($C$2,LISTAS[],2,FALSE)) *(1+VLOOKUP($C$2,LISTAS[],3,FALSE)) ) /5,0)*5} -> 105320 | N6: {=ROUND( IF($A$2="COSTO", ((B6*(1+IFERROR(VLOOKUP($D$2,COLORES[],2,FALSE),0)))+G6) *(1-IFERROR(_xlfn.XLOOKUP(1,(DESC_PROV[LINEA]=$B$2)*(DESC_PROV[LISTA]=$C$2),DESC_PROV[DESCUENTO]),0)), ((B6*(1+IFERROR(VLOOKUP($D$2,COLORES[],2,FALSE),0)))+G6) *(1-IFERROR(_xlfn.XLOOKUP(1,(DESC_PROV[LINEA]=$B$2)*(DESC_PROV[LISTA]=$C$2),DESC_PROV[DESCUENTO]),0)) *(1+VLOOKUP($C$2,LISTAS[],2,FALSE)) *(1+VLOOKUP($C$2,LISTAS[],3,FALSE)) ) /5,0)*5} -> 106575 | O6: {=ROUND( IF($A$2="COSTO", ((B6*(1+IFERROR(VLOOKUP($D$2,COLORES[],2,FALSE),0)))+H6) *(1-IFERROR(_xlfn.XLOOKUP(1,(DESC_PROV[LINEA]=$B$2)*(DESC_PROV[LISTA]=$C$2),DESC_PROV[DESCUENTO]),0)), ((B6*(1+IFERROR(VLOOKUP($D$2,COLORES[],2,FALSE),0)))+H6) *(1-IFERROR(_xlfn.XLOOKUP(1,(DESC_PROV[LINEA]=$B$2)*(DESC_PROV[LISTA]=$C$2),DESC_PROV[DESCUENTO]),0)) *(1+VLOOKUP($C$2,LISTAS[],2,FALSE)) *(1+VLOOKUP($C$2,LISTAS[],3,FALSE)) ) /5,0)*5} -> 117685 | P6: {=ROUND( IF($A$2="COSTO", (C6*(1+IFERROR(VLOOKUP($D$2,COLORES[],2,FALSE),0))) *(1-IFERROR(_xlfn.XLOOKUP(1,(DESC_PROV[LINEA]=$B$2)*(DESC_PROV[LISTA]=$C$2),DESC_PROV[DESCUENTO]),0)), (C6*(1+IFERROR(VLOOKUP($D$2,COLORES[],2,FALSE),0))) *(1-IFERROR(_xlfn.XLOOKUP(1,(DESC_PROV[LINEA]=$B$2)*(DESC_PROV[LISTA]=$C$2),DESC_PROV[DESCUENTO]),0)) *(1+VLOOKUP($C$2,LISTAS[],2,FALSE)) *(1+VLOOKUP($C$2,LISTAS[],3,FALSE)) ) /5,0)*5} -> 8820 | Q6: {=ROUND( IF($A$2="COSTO", (D6*(1+IFERROR(VLOOKUP($D$2,COLORES[],2,FALSE),0))) *(1-IFERROR(_xlfn.XLOOKUP(1,(DESC_PROV[LINEA]=$B$2)*(DESC_PROV[LISTA]=$C$2),DESC_PROV[DESCUENTO]),0)), (D6*(1+IFERROR(VLOOKUP($D$2,COLORES[],2,FALSE),0))) *(1-IFERROR(_xlfn.XLOOKUP(1,(DESC_PROV[LINEA]=$B$2)*(DESC_PROV[LISTA]=$C$2),DESC_PROV[DESCUENTO]),0)) *(1+VLOOKUP($C$2,LISTAS[],2,FALSE)) *(1+VLOOKUP($C$2,LISTAS[],4,FALSE)) ) /5,0)*5} -> 15615 | R6: {=ROUND( IF($A$2="COSTO", ((B6*(1+IFERROR(VLOOKUP($D$2,COLORES[],2,FALSE),0)))+(F6+I6+F6)) *(1-IFERROR(_xlfn.XLOOKUP(1,(DESC_PROV[LINEA]=$B$2)*(DESC_PROV[LISTA]=$C$2),DESC_PROV[DESCUENTO]),0)), ((B6*(1+IFERROR(VLOOKUP($D$2,COLORES[],2,FALSE),0)))+(F6+I6+F6)) *(1-IFERROR(_xlfn.XLOOKUP(1,(DESC_PROV[LINEA]=$B$2)*(DESC_PROV[LISTA]=$C$2),DESC_PROV[DESCUENTO]),0)) *(1+VLOOKUP($C$2,LISTAS[],2,FALSE)) *(1+VLOOKUP($C$2,LISTAS[],3,FALSE)) ) /5,0)*5} -> 155570
A7: 80x0,40 | B7: 86656 | C7: 6884 | D7: 11600 | E7: 3570 | F7: 4326 | G7: 5700 | H7: 17838 | I7: 41278 | K7: 80x0,40 | L7: {=ROUND( IF($A$2="COSTO", ((B7*(1+IFERROR(VLOOKUP($D$2,COLORES[],2,FALSE),0)))+E7) *(1-IFERROR(_xlfn.XLOOKUP(1,(DESC_PROV[LINEA]=$B$2)*(DESC_PROV[LISTA]=$C$2),DESC_PROV[DESCUENTO]),0)), ((B7*(1+IFERROR(VLOOKUP($D$2,COLORES[],2,FALSE),0)))+E7) *(1-IFERROR(_xlfn.XLOOKUP(1,(DESC_PROV[LINEA]=$B$2)*(DESC_PROV[LISTA]=$C$2),DESC_PROV[DESCUENTO]),0)) *(1+VLOOKUP($C$2,LISTAS[],2,FALSE)) *(1+VLOOKUP($C$2,LISTAS[],3,FALSE)) ) /5,0)*5} -> 115630 | M7: {=ROUND( IF($A$2="COSTO", ((B7*(1+IFERROR(VLOOKUP($D$2,COLORES[],2,FALSE),0)))+F7) *(1-IFERROR(_xlfn.XLOOKUP(1,(DESC_PROV[LINEA]=$B$2)*(DESC_PROV[LISTA]=$C$2),DESC_PROV[DESCUENTO]),0)), ((B7*(1+IFERROR(VLOOKUP($D$2,COLORES[],2,FALSE),0)))+F7) *(1-IFERROR(_xlfn.XLOOKUP(1,(DESC_PROV[LINEA]=$B$2)*(DESC_PROV[LISTA]=$C$2),DESC_PROV[DESCUENTO]),0)) *(1+VLOOKUP($C$2,LISTAS[],2,FALSE)) *(1+VLOOKUP($C$2,LISTAS[],3,FALSE)) ) /5,0)*5} -> 116595 | N7: {=ROUND( IF($A$2="COSTO", ((B7*(1+IFERROR(VLOOKUP($D$2,COLORES[],2,FALSE),0)))+G7) *(1-IFERROR(_xlfn.XLOOKUP(1,(DESC_PROV[LINEA]=$B$2)*(DESC_PROV[LISTA]=$C$2),DESC_PROV[DESCUENTO]),0)), ((B7*(1+IFERROR(VLOOKUP($D$2,COLORES[],2,FALSE),0)))+G7) *(1-IFERROR(_xlfn.XLOOKUP(1,(DESC_PROV[LINEA]=$B$2)*(DESC_PROV[LISTA]=$C$2),DESC_PROV[DESCUENTO]),0)) *(1+VLOOKUP($C$2,LISTAS[],2,FALSE)) *(1+VLOOKUP($C$2,LISTAS[],3,FALSE)) ) /5,0)*5} -> 118360 | O7: {=ROUND( IF($A$2="COSTO", ((B7*(1+IFERROR(VLOOKUP($D$2,COLORES[],2,FALSE),0)))+H7) *(1-IFERROR(_xlfn.XLOOKUP(1,(DESC_PROV[LINEA]=$B$2)*(DESC_PROV[LISTA]=$C$2),DESC_PROV[DESCUENTO]),0)), ((B7*(1+IFERROR(VLOOKUP($D$2,COLORES[],2,FALSE),0)))+H7) *(1-IFERROR(_xlfn.XLOOKUP(1,(DESC_PROV[LINEA]=$B$2)*(DESC_PROV[LISTA]=$C$2),DESC_PROV[DESCUENTO]),0)) *(1+VLOOKUP($C$2,LISTAS[],2,FALSE)) *(1+VLOOKUP($C$2,LISTAS[],3,FALSE)) ) /5,0)*5} -> 133915 | P7: {=ROUND( IF($A$2="COSTO", (C7*(1+IFERROR(VLOOKUP($D$2,COLORES[],2,FALSE),0))) *(1-IFERROR(_xlfn.XLOOKUP(1,(DESC_PROV[LINEA]=$B$2)*(DESC_PROV[LISTA]=$C$2),DESC_PROV[DESCUENTO]),0)), (C7*(1+IFERROR(VLOOKUP($D$2,COLORES[],2,FALSE),0))) *(1-IFERROR(_xlfn.XLOOKUP(1,(DESC_PROV[LINEA]=$B$2)*(DESC_PROV[LISTA]=$C$2),DESC_PROV[DESCUENTO]),0)) *(1+VLOOKUP($C$2,LISTAS[],2,FALSE)) *(1+VLOOKUP($C$2,LISTAS[],3,FALSE)) ) /5,0)*5} -> 8820 | Q7: {=ROUND( IF($A$2="COSTO", (D7*(1+IFERROR(VLOOKUP($D$2,COLORES[],2,FALSE),0))) *(1-IFERROR(_xlfn.XLOOKUP(1,(DESC_PROV[LINEA]=$B$2)*(DESC_PROV[LISTA]=$C$2),DESC_PROV[DESCUENTO]),0)), (D7*(1+IFERROR(VLOOKUP($D$2,COLORES[],2,FALSE),0))) *(1-IFERROR(_xlfn.XLOOKUP(1,(DESC_PROV[LINEA]=$B$2)*(DESC_PROV[LISTA]=$C$2),DESC_PROV[DESCUENTO]),0)) *(1+VLOOKUP($C$2,LISTAS[],2,FALSE)) *(1+VLOOKUP($C$2,LISTAS[],4,FALSE)) ) /5,0)*5} -> 18295 | R7: {=ROUND( IF($A$2="COSTO", ((B7*(1+IFERROR(VLOOKUP($D$2,COLORES[],2,FALSE),0)))+(F7+I7+F7)) *(1-IFERROR(_xlfn.XLOOKUP(1,(DESC_PROV[LINEA]=$B$2)*(DESC_PROV[LISTA]=$C$2),DESC_PROV[DESCUENTO]),0)), ((B7*(1+IFERROR(VLOOKUP($D$2,COLORES[],2,FALSE),0)))+(F7+I7+F7)) *(1-IFERROR(_xlfn.XLOOKUP(1,(DESC_PROV[LINEA]=$B$2)*(DESC_PROV[LISTA]=$C$2),DESC_PROV[DESCUENTO]),0)) *(1+VLOOKUP($C$2,LISTAS[],2,FALSE)) *(1+VLOOKUP($C$2,LISTAS[],3,FALSE)) ) /5,0)*5} -> 175040
A8: 100x0,40 | B8: 95394 | C8: 6884 | D8: 13300 | E8: 4590 | F8: 5568 | G8: 7326 | H8: 22933 | I8: 46437 | K8: 100x0,40 | L8: {=ROUND( IF($A$2="COSTO", ((B8*(1+IFERROR(VLOOKUP($D$2,COLORES[],2,FALSE),0)))+E8) *(1-IFERROR(_xlfn.XLOOKUP(1,(DESC_PROV[LINEA]=$B$2)*(DESC_PROV[LISTA]=$C$2),DESC_PROV[DESCUENTO]),0)), ((B8*(1+IFERROR(VLOOKUP($D$2,COLORES[],2,FALSE),0)))+E8) *(1-IFERROR(_xlfn.XLOOKUP(1,(DESC_PROV[LINEA]=$B$2)*(DESC_PROV[LISTA]=$C$2),DESC_PROV[DESCUENTO]),0)) *(1+VLOOKUP($C$2,LISTAS[],2,FALSE)) *(1+VLOOKUP($C$2,LISTAS[],3,FALSE)) ) /5,0)*5} -> 128135 | M8: {=ROUND( IF($A$2="COSTO", ((B8*(1+IFERROR(VLOOKUP($D$2,COLORES[],2,FALSE),0)))+F8) *(1-IFERROR(_xlfn.XLOOKUP(1,(DESC_PROV[LINEA]=$B$2)*(DESC_PROV[LISTA]=$C$2),DESC_PROV[DESCUENTO]),0)), ((B8*(1+IFERROR(VLOOKUP($D$2,COLORES[],2,FALSE),0)))+F8) *(1-IFERROR(_xlfn.XLOOKUP(1,(DESC_PROV[LINEA]=$B$2)*(DESC_PROV[LISTA]=$C$2),DESC_PROV[DESCUENTO]),0)) *(1+VLOOKUP($C$2,LISTAS[],2,FALSE)) *(1+VLOOKUP($C$2,LISTAS[],3,FALSE)) ) /5,0)*5} -> 129385 | N8: {=ROUND( IF($A$2="COSTO", ((B8*(1+IFERROR(VLOOKUP($D$2,COLORES[],2,FALSE),0)))+G8) *(1-IFERROR(_xlfn.XLOOKUP(1,(DESC_PROV[LINEA]=$B$2)*(DESC_PROV[LISTA]=$C$2),DESC_PROV[DESCUENTO]),0)), ((B8*(1+IFERROR(VLOOKUP($D$2,COLORES[],2,FALSE),0)))+G8) *(1-IFERROR(_xlfn.XLOOKUP(1,(DESC_PROV[LINEA]=$B$2)*(DESC_PROV[LISTA]=$C$2),DESC_PROV[DESCUENTO]),0)) *(1+VLOOKUP($C$2,LISTAS[],2,FALSE)) *(1+VLOOKUP($C$2,LISTAS[],3,FALSE)) ) /5,0)*5} -> 131640 | O8: {=ROUND( IF($A$2="COSTO", ((B8*(1+IFERROR(VLOOKUP($D$2,COLORES[],2,FALSE),0)))+H8) *(1-IFERROR(_xlfn.XLOOKUP(1,(DESC_PROV[LINEA]=$B$2)*(DESC_PROV[LISTA]=$C$2),DESC_PROV[DESCUENTO]),0)), ((B8*(1+IFERROR(VLOOKUP($D$2,COLORES[],2,FALSE),0)))+H8) *(1-IFERROR(_xlfn.XLOOKUP(1,(DESC_PROV[LINEA]=$B$2)*(DESC_PROV[LISTA]=$C$2),DESC_PROV[DESCUENTO]),0)) *(1+VLOOKUP($C$2,LISTAS[],2,FALSE)) *(1+VLOOKUP($C$2,LISTAS[],3,FALSE)) ) /5,0)*5} -> 151640 | P8: {=ROUND( IF($A$2="COSTO", (C8*(1+IFERROR(VLOOKUP($D$2,COLORES[],2,FALSE),0))) *(1-IFERROR(_xlfn.XLOOKUP(1,(DESC_PROV[LINEA]=$B$2)*(DESC_PROV[LISTA]=$C$2),DESC_PROV[DESCUENTO]),0)), (C8*(1+IFERROR(VLOOKUP($D$2,COLORES[],2,FALSE),0))) *(1-IFERROR(_xlfn.XLOOKUP(1,(DESC_PROV[LINEA]=$B$2)*(DESC_PROV[LISTA]=$C$2),DESC_PROV[DESCUENTO]),0)) *(1+VLOOKUP($C$2,LISTAS[],2,FALSE)) *(1+VLOOKUP($C$2,LISTAS[],3,FALSE)) ) /5,0)*5} -> 8820 | Q8: {=ROUND( IF($A$2="COSTO", (D8*(1+IFERROR(VLOOKUP($D$2,COLORES[],2,FALSE),0))) *(1-IFERROR(_xlfn.XLOOKUP(1,(DESC_PROV[LINEA]=$B$2)*(DESC_PROV[LISTA]=$C$2),DESC_PROV[DESCUENTO]),0)), (D8*(1+IFERROR(VLOOKUP($D$2,COLORES[],2,FALSE),0))) *(1-IFERROR(_xlfn.XLOOKUP(1,(DESC_PROV[LINEA]=$B$2)*(DESC_PROV[LISTA]=$C$2),DESC_PROV[DESCUENTO]),0)) *(1+VLOOKUP($C$2,LISTAS[],2,FALSE)) *(1+VLOOKUP($C$2,LISTAS[],4,FALSE)) ) /5,0)*5} -> 20980 | R8: {=ROUND( IF($A$2="COSTO", ((B8*(1+IFERROR(VLOOKUP($D$2,COLORES[],2,FALSE),0)))+(F8+I8+F8)) *(1-IFERROR(_xlfn.XLOOKUP(1,(DESC_PROV[LINEA]=$B$2)*(DESC_PROV[LISTA]=$C$2),DESC_PROV[DESCUENTO]),0)), ((B8*(1+IFERROR(VLOOKUP($D$2,COLORES[],2,FALSE),0)))+(F8+I8+F8)) *(1-IFERROR(_xlfn.XLOOKUP(1,(DESC_PROV[LINEA]=$B$2)*(DESC_PROV[LISTA]=$C$2),DESC_PROV[DESCUENTO]),0)) *(1+VLOOKUP($C$2,LISTAS[],2,FALSE)) *(1+VLOOKUP($C$2,LISTAS[],3,FALSE)) ) /5,0)*5} -> 196035
A9: 120x0,40 | B9: 104138 | C9: 6884 | D9: 15000 | E9: 5622 | F9: 6804 | G9: 8958 | H9: 28028 | I9: 51597 | K9: 120x0,40 | L9: {=ROUND( IF($A$2="COSTO", ((B9*(1+IFERROR(VLOOKUP($D$2,COLORES[],2,FALSE),0)))+E9) *(1-IFERROR(_xlfn.XLOOKUP(1,(DESC_PROV[LINEA]=$B$2)*(DESC_PROV[LISTA]=$C$2),DESC_PROV[DESCUENTO]),0)), ((B9*(1+IFERROR(VLOOKUP($D$2,COLORES[],2,FALSE),0)))+E9) *(1-IFERROR(_xlfn.XLOOKUP(1,(DESC_PROV[LINEA]=$B$2)*(DESC_PROV[LISTA]=$C$2),DESC_PROV[DESCUENTO]),0)) *(1+VLOOKUP($C$2,LISTAS[],2,FALSE)) *(1+VLOOKUP($C$2,LISTAS[],3,FALSE)) ) /5,0)*5} -> 140660 | M9: {=ROUND( IF($A$2="COSTO", ((B9*(1+IFERROR(VLOOKUP($D$2,COLORES[],2,FALSE),0)))+F9) *(1-IFERROR(_xlfn.XLOOKUP(1,(DESC_PROV[LINEA]=$B$2)*(DESC_PROV[LISTA]=$C$2),DESC_PROV[DESCUENTO]),0)), ((B9*(1+IFERROR(VLOOKUP($D$2,COLORES[],2,FALSE),0)))+F9) *(1-IFERROR(_xlfn.XLOOKUP(1,(DESC_PROV[LINEA]=$B$2)*(DESC_PROV[LISTA]=$C$2),DESC_PROV[DESCUENTO]),0)) *(1+VLOOKUP($C$2,LISTAS[],2,FALSE)) *(1+VLOOKUP($C$2,LISTAS[],3,FALSE)) ) /5,0)*5} -> 142175 | N9: {=ROUND( IF($A$2="COSTO", ((B9*(1+IFERROR(VLOOKUP($D$2,COLORES[],2,FALSE),0)))+G9) *(1-IFERROR(_xlfn.XLOOKUP(1,(DESC_PROV[LINEA]=$B$2)*(DESC_PROV[LISTA]=$C$2),DESC_PROV[DESCUENTO]),0)), ((B9*(1+IFERROR(VLOOKUP($D$2,COLORES[],2,FALSE),0)))+G9) *(1-IFERROR(_xlfn.XLOOKUP(1,(DESC_PROV[LINEA]=$B$2)*(DESC_PROV[LISTA]=$C$2),DESC_PROV[DESCUENTO]),0)) *(1+VLOOKUP($C$2,LISTAS[],2,FALSE)) *(1+VLOOKUP($C$2,LISTAS[],3,FALSE)) ) /5,0)*5} -> 144935 | O9: {=ROUND( IF($A$2="COSTO", ((B9*(1+IFERROR(VLOOKUP($D$2,COLORES[],2,FALSE),0)))+H9) *(1-IFERROR(_xlfn.XLOOKUP(1,(DESC_PROV[LINEA]=$B$2)*(DESC_PROV[LISTA]=$C$2),DESC_PROV[DESCUENTO]),0)), ((B9*(1+IFERROR(VLOOKUP($D$2,COLORES[],2,FALSE),0)))+H9) *(1-IFERROR(_xlfn.XLOOKUP(1,(DESC_PROV[LINEA]=$B$2)*(DESC_PROV[LISTA]=$C$2),DESC_PROV[DESCUENTO]),0)) *(1+VLOOKUP($C$2,LISTAS[],2,FALSE)) *(1+VLOOKUP($C$2,LISTAS[],3,FALSE)) ) /5,0)*5} -> 169375 | P9: {=ROUND( IF($A$2="COSTO", (C9*(1+IFERROR(VLOOKUP($D$2,COLORES[],2,FALSE),0))) *(1-IFERROR(_xlfn.XLOOKUP(1,(DESC_PROV[LINEA]=$B$2)*(DESC_PROV[LISTA]=$C$2),DESC_PROV[DESCUENTO]),0)), (C9*(1+IFERROR(VLOOKUP($D$2,COLORES[],2,FALSE),0))) *(1-IFERROR(_xlfn.XLOOKUP(1,(DESC_PROV[LINEA]=$B$2)*(DESC_PROV[LISTA]=$C$2),DESC_PROV[DESCUENTO]),0)) *(1+VLOOKUP($C$2,LISTAS[],2,FALSE)) *(1+VLOOKUP($C$2,LISTAS[],3,FALSE)) ) /5,0)*5} -> 8820 | Q9: {=ROUND( IF($A$2="COSTO", (D9*(1+IFERROR(VLOOKUP($D$2,COLORES[],2,FALSE),0))) *(1-IFERROR(_xlfn.XLOOKUP(1,(DESC_PROV[LINEA]=$B$2)*(DESC_PROV[LISTA]=$C$2),DESC_PROV[DESCUENTO]),0)), (D9*(1+IFERROR(VLOOKUP($D$2,COLORES[],2,FALSE),0))) *(1-IFERROR(_xlfn.XLOOKUP(1,(DESC_PROV[LINEA]=$B$2)*(DESC_PROV[LISTA]=$C$2),DESC_PROV[DESCUENTO]),0)) *(1+VLOOKUP($C$2,LISTAS[],2,FALSE)) *(1+VLOOKUP($C$2,LISTAS[],4,FALSE)) ) /5,0)*5} -> 23660 | R9: {=ROUND( IF($A$2="COSTO", ((B9*(1+IFERROR(VLOOKUP($D$2,COLORES[],2,FALSE),0)))+(F9+I9+F9)) *(1-IFERROR(_xlfn.XLOOKUP(1,(DESC_PROV[LINEA]=$B$2)*(DESC_PROV[LISTA]=$C$2),DESC_PROV[DESCUENTO]),0)), ((B9*(1+IFERROR(VLOOKUP($D$2,COLORES[],2,FALSE),0)))+(F9+I9+F9)) *(1-IFERROR(_xlfn.XLOOKUP(1,(DESC_PROV[LINEA]=$B$2)*(DESC_PROV[LISTA]=$C$2),DESC_PROV[DESCUENTO]),0)) *(1+VLOOKUP($C$2,LISTAS[],2,FALSE)) *(1+VLOOKUP($C$2,LISTAS[],3,FALSE)) ) /5,0)*5} -> 217020
A10: 150x0,40 | B10: 119019 | C10: 6884 | D10: 17550 | E10: 7140 | F10: 8652 | G10: 11394 | H10: 35670 | I10: 59337 | K10: 150x0,40 | L10: {=ROUND( IF($A$2="COSTO", ((B10*(1+IFERROR(VLOOKUP($D$2,COLORES[],2,FALSE),0)))+E10) *(1-IFERROR(_xlfn.XLOOKUP(1,(DESC_PROV[LINEA]=$B$2)*(DESC_PROV[LISTA]=$C$2),DESC_PROV[DESCUENTO]),0)), ((B10*(1+IFERROR(VLOOKUP($D$2,COLORES[],2,FALSE),0)))+E10) *(1-IFERROR(_xlfn.XLOOKUP(1,(DESC_PROV[LINEA]=$B$2)*(DESC_PROV[LISTA]=$C$2),DESC_PROV[DESCUENTO]),0)) *(1+VLOOKUP($C$2,LISTAS[],2,FALSE)) *(1+VLOOKUP($C$2,LISTAS[],3,FALSE)) ) /5,0)*5} -> 161680 | M10: {=ROUND( IF($A$2="COSTO", ((B10*(1+IFERROR(VLOOKUP($D$2,COLORES[],2,FALSE),0)))+F10) *(1-IFERROR(_xlfn.XLOOKUP(1,(DESC_PROV[LINEA]=$B$2)*(DESC_PROV[LISTA]=$C$2),DESC_PROV[DESCUENTO]),0)), ((B10*(1+IFERROR(VLOOKUP($D$2,COLORES[],2,FALSE),0)))+F10) *(1-IFERROR(_xlfn.XLOOKUP(1,(DESC_PROV[LINEA]=$B$2)*(DESC_PROV[LISTA]=$C$2),DESC_PROV[DESCUENTO]),0)) *(1+VLOOKUP($C$2,LISTAS[],2,FALSE)) *(1+VLOOKUP($C$2,LISTAS[],3,FALSE)) ) /5,0)*5} -> 163615 | N10: {=ROUND( IF($A$2="COSTO", ((B10*(1+IFERROR(VLOOKUP($D$2,COLORES[],2,FALSE),0)))+G10) *(1-IFERROR(_xlfn.XLOOKUP(1,(DESC_PROV[LINEA]=$B$2)*(DESC_PROV[LISTA]=$C$2),DESC_PROV[DESCUENTO]),0)), ((B10*(1+IFERROR(VLOOKUP($D$2,COLORES[],2,FALSE),0)))+G10) *(1-IFERROR(_xlfn.XLOOKUP(1,(DESC_PROV[LINEA]=$B$2)*(DESC_PROV[LISTA]=$C$2),DESC_PROV[DESCUENTO]),0)) *(1+VLOOKUP($C$2,LISTAS[],2,FALSE)) *(1+VLOOKUP($C$2,LISTAS[],3,FALSE)) ) /5,0)*5} -> 167130 | O10: {=ROUND( IF($A$2="COSTO", ((B10*(1+IFERROR(VLOOKUP($D$2,COLORES[],2,FALSE),0)))+H10) *(1-IFERROR(_xlfn.XLOOKUP(1,(DESC_PROV[LINEA]=$B$2)*(DESC_PROV[LISTA]=$C$2),DESC_PROV[DESCUENTO]),0)), ((B10*(1+IFERROR(VLOOKUP($D$2,COLORES[],2,FALSE),0)))+H10) *(1-IFERROR(_xlfn.XLOOKUP(1,(DESC_PROV[LINEA]=$B$2)*(DESC_PROV[LISTA]=$C$2),DESC_PROV[DESCUENTO]),0)) *(1+VLOOKUP($C$2,LISTAS[],2,FALSE)) *(1+VLOOKUP($C$2,LISTAS[],3,FALSE)) ) /5,0)*5} -> 198240 | P10: {=ROUND( IF($A$2="COSTO", (C10*(1+IFERROR(VLOOKUP($D$2,COLORES[],2,FALSE),0))) *(1-IFERROR(_xlfn.XLOOKUP(1,(DESC_PROV[LINEA]=$B$2)*(DESC_PROV[LISTA]=$C$2),DESC_PROV[DESCUENTO]),0)), (C10*(1+IFERROR(VLOOKUP($D$2,COLORES[],2,FALSE),0))) *(1-IFERROR(_xlfn.XLOOKUP(1,(DESC_PROV[LINEA]=$B$2)*(DESC_PROV[LISTA]=$C$2),DESC_PROV[DESCUENTO]),0)) *(1+VLOOKUP($C$2,LISTAS[],2,FALSE)) *(1+VLOOKUP($C$2,LISTAS[],3,FALSE)) ) /5,0)*5} -> 8820 | Q10: {=ROUND( IF($A$2="COSTO", (D10*(1+IFERROR(VLOOKUP($D$2,COLORES[],2,FALSE),0))) *(1-IFERROR(_xlfn.XLOOKUP(1,(DESC_PROV[LINEA]=$B$2)*(DESC_PROV[LISTA]=$C$2),DESC_PROV[DESCUENTO]),0)), (D10*(1+IFERROR(VLOOKUP($D$2,COLORES[],2,FALSE),0))) *(1-IFERROR(_xlfn.XLOOKUP(1,(DESC_PROV[LINEA]=$B$2)*(DESC_PROV[LISTA]=$C$2),DESC_PROV[DESCUENTO]),0)) *(1+VLOOKUP($C$2,LISTAS[],2,FALSE)) *(1+VLOOKUP($C$2,LISTAS[],4,FALSE)) ) /5,0)*5} -> 27680 | R10: {=ROUND( IF($A$2="COSTO", ((B10*(1+IFERROR(VLOOKUP($D$2,COLORES[],2,FALSE),0)))+(F10+I10+F10)) *(1-IFERROR(_xlfn.XLOOKUP(1,(DESC_PROV[LINEA]=$B$2)*(DESC_PROV[LISTA]=$C$2),DESC_PROV[DESCUENTO]),0)), ((B10*(1+IFERROR(VLOOKUP($D$2,COLORES[],2,FALSE),0)))+(F10+I10+F10)) *(1-IFERROR(_xlfn.XLOOKUP(1,(DESC_PROV[LINEA]=$B$2)*(DESC_PROV[LISTA]=$C$2),DESC_PROV[DESCUENTO]),0)) *(1+VLOOKUP($C$2,LISTAS[],2,FALSE)) *(1+VLOOKUP($C$2,LISTAS[],3,FALSE)) ) /5,0)*5} -> 250745
A11: 180x0,40 | B11: 134413 | C11: 6884 | D11: 20100 | E11: 8676 | F11: 10506 | G11: 13836 | H11: 43319 | I11: 67076 | K11: 180x0,40 | L11: {=ROUND( IF($A$2="COSTO", ((B11*(1+IFERROR(VLOOKUP($D$2,COLORES[],2,FALSE),0)))+E11) *(1-IFERROR(_xlfn.XLOOKUP(1,(DESC_PROV[LINEA]=$B$2)*(DESC_PROV[LISTA]=$C$2),DESC_PROV[DESCUENTO]),0)), ((B11*(1+IFERROR(VLOOKUP($D$2,COLORES[],2,FALSE),0)))+E11) *(1-IFERROR(_xlfn.XLOOKUP(1,(DESC_PROV[LINEA]=$B$2)*(DESC_PROV[LISTA]=$C$2),DESC_PROV[DESCUENTO]),0)) *(1+VLOOKUP($C$2,LISTAS[],2,FALSE)) *(1+VLOOKUP($C$2,LISTAS[],3,FALSE)) ) /5,0)*5} -> 183375 | M11: {=ROUND( IF($A$2="COSTO", ((B11*(1+IFERROR(VLOOKUP($D$2,COLORES[],2,FALSE),0)))+F11) *(1-IFERROR(_xlfn.XLOOKUP(1,(DESC_PROV[LINEA]=$B$2)*(DESC_PROV[LISTA]=$C$2),DESC_PROV[DESCUENTO]),0)), ((B11*(1+IFERROR(VLOOKUP($D$2,COLORES[],2,FALSE),0)))+F11) *(1-IFERROR(_xlfn.XLOOKUP(1,(DESC_PROV[LINEA]=$B$2)*(DESC_PROV[LISTA]=$C$2),DESC_PROV[DESCUENTO]),0)) *(1+VLOOKUP($C$2,LISTAS[],2,FALSE)) *(1+VLOOKUP($C$2,LISTAS[],3,FALSE)) ) /5,0)*5} -> 185720 | N11: {=ROUND( IF($A$2="COSTO", ((B11*(1+IFERROR(VLOOKUP($D$2,COLORES[],2,FALSE),0)))+G11) *(1-IFERROR(_xlfn.XLOOKUP(1,(DESC_PROV[LINEA]=$B$2)*(DESC_PROV[LISTA]=$C$2),DESC_PROV[DESCUENTO]),0)), ((B11*(1+IFERROR(VLOOKUP($D$2,COLORES[],2,FALSE),0)))+G11) *(1-IFERROR(_xlfn.XLOOKUP(1,(DESC_PROV[LINEA]=$B$2)*(DESC_PROV[LISTA]=$C$2),DESC_PROV[DESCUENTO]),0)) *(1+VLOOKUP($C$2,LISTAS[],2,FALSE)) *(1+VLOOKUP($C$2,LISTAS[],3,FALSE)) ) /5,0)*5} -> 189985 | O11: {=ROUND( IF($A$2="COSTO", ((B11*(1+IFERROR(VLOOKUP($D$2,COLORES[],2,FALSE),0)))+H11) *(1-IFERROR(_xlfn.XLOOKUP(1,(DESC_PROV[LINEA]=$B$2)*(DESC_PROV[LISTA]=$C$2),DESC_PROV[DESCUENTO]),0)), ((B11*(1+IFERROR(VLOOKUP($D$2,COLORES[],2,FALSE),0)))+H11) *(1-IFERROR(_xlfn.XLOOKUP(1,(DESC_PROV[LINEA]=$B$2)*(DESC_PROV[LISTA]=$C$2),DESC_PROV[DESCUENTO]),0)) *(1+VLOOKUP($C$2,LISTAS[],2,FALSE)) *(1+VLOOKUP($C$2,LISTAS[],3,FALSE)) ) /5,0)*5} -> 227770 | P11: {=ROUND( IF($A$2="COSTO", (C11*(1+IFERROR(VLOOKUP($D$2,COLORES[],2,FALSE),0))) *(1-IFERROR(_xlfn.XLOOKUP(1,(DESC_PROV[LINEA]=$B$2)*(DESC_PROV[LISTA]=$C$2),DESC_PROV[DESCUENTO]),0)), (C11*(1+IFERROR(VLOOKUP($D$2,COLORES[],2,FALSE),0))) *(1-IFERROR(_xlfn.XLOOKUP(1,(DESC_PROV[LINEA]=$B$2)*(DESC_PROV[LISTA]=$C$2),DESC_PROV[DESCUENTO]),0)) *(1+VLOOKUP($C$2,LISTAS[],2,FALSE)) *(1+VLOOKUP($C$2,LISTAS[],3,FALSE)) ) /5,0)*5} -> 8820 | Q11: {=ROUND( IF($A$2="COSTO", (D11*(1+IFERROR(VLOOKUP($D$2,COLORES[],2,FALSE),0))) *(1-IFERROR(_xlfn.XLOOKUP(1,(DESC_PROV[LINEA]=$B$2)*(DESC_PROV[LISTA]=$C$2),DESC_PROV[DESCUENTO]),0)), (D11*(1+IFERROR(VLOOKUP($D$2,COLORES[],2,FALSE),0))) *(1-IFERROR(_xlfn.XLOOKUP(1,(DESC_PROV[LINEA]=$B$2)*(DESC_PROV[LISTA]=$C$2),DESC_PROV[DESCUENTO]),0)) *(1+VLOOKUP($C$2,LISTAS[],2,FALSE)) *(1+VLOOKUP($C$2,LISTAS[],4,FALSE)) ) /5,0)*5} -> 31705 | R11: {=ROUND( IF($A$2="COSTO", ((B11*(1+IFERROR(VLOOKUP($D$2,COLORES[],2,FALSE),0)))+(F11+I11+F11)) *(1-IFERROR(_xlfn.XLOOKUP(1,(DESC_PROV[LINEA]=$B$2)*(DESC_PROV[LISTA]=$C$2),DESC_PROV[DESCUENTO]),0)), ((B11*(1+IFERROR(VLOOKUP($D$2,COLORES[],2,FALSE),0)))+(F11+I11+F11)) *(1-IFERROR(_xlfn.XLOOKUP(1,(DESC_PROV[LINEA]=$B$2)*(DESC_PROV[LISTA]=$C$2),DESC_PROV[DESCUENTO]),0)) *(1+VLOOKUP($C$2,LISTAS[],2,FALSE)) *(1+VLOOKUP($C$2,LISTAS[],3,FALSE)) ) /5,0)*5} -> 285145
A12: 200x0,40 | B12: 149738 | C12: 6884 | D12: 21800 | E12: 9696 | F12: 11748 | G12: 15462 | H12: 48421 | I12: 72236 | K12: 200x0,40 | L12: {=ROUND( IF($A$2="COSTO", ((B12*(1+IFERROR(VLOOKUP($D$2,COLORES[],2,FALSE),0)))+E12) *(1-IFERROR(_xlfn.XLOOKUP(1,(DESC_PROV[LINEA]=$B$2)*(DESC_PROV[LISTA]=$C$2),DESC_PROV[DESCUENTO]),0)), ((B12*(1+IFERROR(VLOOKUP($D$2,COLORES[],2,FALSE),0)))+E12) *(1-IFERROR(_xlfn.XLOOKUP(1,(DESC_PROV[LINEA]=$B$2)*(DESC_PROV[LISTA]=$C$2),DESC_PROV[DESCUENTO]),0)) *(1+VLOOKUP($C$2,LISTAS[],2,FALSE)) *(1+VLOOKUP($C$2,LISTAS[],3,FALSE)) ) /5,0)*5} -> 204320 | M12: {=ROUND( IF($A$2="COSTO", ((B12*(1+IFERROR(VLOOKUP($D$2,COLORES[],2,FALSE),0)))+F12) *(1-IFERROR(_xlfn.XLOOKUP(1,(DESC_PROV[LINEA]=$B$2)*(DESC_PROV[LISTA]=$C$2),DESC_PROV[DESCUENTO]),0)), ((B12*(1+IFERROR(VLOOKUP($D$2,COLORES[],2,FALSE),0)))+F12) *(1-IFERROR(_xlfn.XLOOKUP(1,(DESC_PROV[LINEA]=$B$2)*(DESC_PROV[LISTA]=$C$2),DESC_PROV[DESCUENTO]),0)) *(1+VLOOKUP($C$2,LISTAS[],2,FALSE)) *(1+VLOOKUP($C$2,LISTAS[],3,FALSE)) ) /5,0)*5} -> 206950 | N12: {=ROUND( IF($A$2="COSTO", ((B12*(1+IFERROR(VLOOKUP($D$2,COLORES[],2,FALSE),0)))+G12) *(1-IFERROR(_xlfn.XLOOKUP(1,(DESC_PROV[LINEA]=$B$2)*(DESC_PROV[LISTA]=$C$2),DESC_PROV[DESCUENTO]),0)), ((B12*(1+IFERROR(VLOOKUP($D$2,COLORES[],2,FALSE),0)))+G12) *(1-IFERROR(_xlfn.XLOOKUP(1,(DESC_PROV[LINEA]=$B$2)*(DESC_PROV[LISTA]=$C$2),DESC_PROV[DESCUENTO]),0)) *(1+VLOOKUP($C$2,LISTAS[],2,FALSE)) *(1+VLOOKUP($C$2,LISTAS[],3,FALSE)) ) /5,0)*5} -> 211710 | O12: {=ROUND( IF($A$2="COSTO", ((B12*(1+IFERROR(VLOOKUP($D$2,COLORES[],2,FALSE),0)))+H12) *(1-IFERROR(_xlfn.XLOOKUP(1,(DESC_PROV[LINEA]=$B$2)*(DESC_PROV[LISTA]=$C$2),DESC_PROV[DESCUENTO]),0)), ((B12*(1+IFERROR(VLOOKUP($D$2,COLORES[],2,FALSE),0)))+H12) *(1-IFERROR(_xlfn.XLOOKUP(1,(DESC_PROV[LINEA]=$B$2)*(DESC_PROV[LISTA]=$C$2),DESC_PROV[DESCUENTO]),0)) *(1+VLOOKUP($C$2,LISTAS[],2,FALSE)) *(1+VLOOKUP($C$2,LISTAS[],3,FALSE)) ) /5,0)*5} -> 253950 | P12: {=ROUND( IF($A$2="COSTO", (C12*(1+IFERROR(VLOOKUP($D$2,COLORES[],2,FALSE),0))) *(1-IFERROR(_xlfn.XLOOKUP(1,(DESC_PROV[LINEA]=$B$2)*(DESC_PROV[LISTA]=$C$2),DESC_PROV[DESCUENTO]),0)), (C12*(1+IFERROR(VLOOKUP($D$2,COLORES[],2,FALSE),0))) *(1-IFERROR(_xlfn.XLOOKUP(1,(DESC_PROV[LINEA]=$B$2)*(DESC_PROV[LISTA]=$C$2),DESC_PROV[DESCUENTO]),0)) *(1+VLOOKUP($C$2,LISTAS[],2,FALSE)) *(1+VLOOKUP($C$2,LISTAS[],3,FALSE)) ) /5,0)*5} -> 8820 | Q12: {=ROUND( IF($A$2="COSTO", (D12*(1+IFERROR(VLOOKUP($D$2,COLORES[],2,FALSE),0))) *(1-IFERROR(_xlfn.XLOOKUP(1,(DESC_PROV[LINEA]=$B$2)*(DESC_PROV[LISTA]=$C$2),DESC_PROV[DESCUENTO]),0)), (D12*(1+IFERROR(VLOOKUP($D$2,COLORES[],2,FALSE),0))) *(1-IFERROR(_xlfn.XLOOKUP(1,(DESC_PROV[LINEA]=$B$2)*(DESC_PROV[LISTA]=$C$2),DESC_PROV[DESCUENTO]),0)) *(1+VLOOKUP($C$2,LISTAS[],2,FALSE)) *(1+VLOOKUP($C$2,LISTAS[],4,FALSE)) ) /5,0)*5} -> 34385 | R12: {=ROUND( IF($A$2="COSTO", ((B12*(1+IFERROR(VLOOKUP($D$2,COLORES[],2,FALSE),0)))+(F12+I12+F12)) *(1-IFERROR(_xlfn.XLOOKUP(1,(DESC_PROV[LINEA]=$B$2)*(DESC_PROV[LISTA]=$C$2),DESC_PROV[DESCUENTO]),0)), ((B12*(1+IFERROR(VLOOKUP($D$2,COLORES[],2,FALSE),0)))+(F12+I12+F12)) *(1-IFERROR(_xlfn.XLOOKUP(1,(DESC_PROV[LINEA]=$B$2)*(DESC_PROV[LISTA]=$C$2),DESC_PROV[DESCUENTO]),0)) *(1+VLOOKUP($C$2,LISTAS[],2,FALSE)) *(1+VLOOKUP($C$2,LISTAS[],3,FALSE)) ) /5,0)*5} -> 314580
A13: 60x0,60 | B13: 89188 | C13: 10325 | D13: 13050 | E13: 4254 | F13: 5148 | G13: 6786 | H13: 21235 | I13: 46437 | K13: 60x0,60 | L13: {=ROUND( IF($A$2="COSTO", ((B13*(1+IFERROR(VLOOKUP($D$2,COLORES[],2,FALSE),0)))+E13) *(1-IFERROR(_xlfn.XLOOKUP(1,(DESC_PROV[LINEA]=$B$2)*(DESC_PROV[LISTA]=$C$2),DESC_PROV[DESCUENTO]),0)), ((B13*(1+IFERROR(VLOOKUP($D$2,COLORES[],2,FALSE),0)))+E13) *(1-IFERROR(_xlfn.XLOOKUP(1,(DESC_PROV[LINEA]=$B$2)*(DESC_PROV[LISTA]=$C$2),DESC_PROV[DESCUENTO]),0)) *(1+VLOOKUP($C$2,LISTAS[],2,FALSE)) *(1+VLOOKUP($C$2,LISTAS[],3,FALSE)) ) /5,0)*5} -> 119750 | M13: {=ROUND( IF($A$2="COSTO", ((B13*(1+IFERROR(VLOOKUP($D$2,COLORES[],2,FALSE),0)))+F13) *(1-IFERROR(_xlfn.XLOOKUP(1,(DESC_PROV[LINEA]=$B$2)*(DESC_PROV[LISTA]=$C$2),DESC_PROV[DESCUENTO]),0)), ((B13*(1+IFERROR(VLOOKUP($D$2,COLORES[],2,FALSE),0)))+F13) *(1-IFERROR(_xlfn.XLOOKUP(1,(DESC_PROV[LINEA]=$B$2)*(DESC_PROV[LISTA]=$C$2),DESC_PROV[DESCUENTO]),0)) *(1+VLOOKUP($C$2,LISTAS[],2,FALSE)) *(1+VLOOKUP($C$2,LISTAS[],3,FALSE)) ) /5,0)*5} -> 120895 | N13: {=ROUND( IF($A$2="COSTO", ((B13*(1+IFERROR(VLOOKUP($D$2,COLORES[],2,FALSE),0)))+G13) *(1-IFERROR(_xlfn.XLOOKUP(1,(DESC_PROV[LINEA]=$B$2)*(DESC_PROV[LISTA]=$C$2),DESC_PROV[DESCUENTO]),0)), ((B13*(1+IFERROR(VLOOKUP($D$2,COLORES[],2,FALSE),0)))+G13) *(1-IFERROR(_xlfn.XLOOKUP(1,(DESC_PROV[LINEA]=$B$2)*(DESC_PROV[LISTA]=$C$2),DESC_PROV[DESCUENTO]),0)) *(1+VLOOKUP($C$2,LISTAS[],2,FALSE)) *(1+VLOOKUP($C$2,LISTAS[],3,FALSE)) ) /5,0)*5} -> 122995 | O13: {=ROUND( IF($A$2="COSTO", ((B13*(1+IFERROR(VLOOKUP($D$2,COLORES[],2,FALSE),0)))+H13) *(1-IFERROR(_xlfn.XLOOKUP(1,(DESC_PROV[LINEA]=$B$2)*(DESC_PROV[LISTA]=$C$2),DESC_PROV[DESCUENTO]),0)), ((B13*(1+IFERROR(VLOOKUP($D$2,COLORES[],2,FALSE),0)))+H13) *(1-IFERROR(_xlfn.XLOOKUP(1,(DESC_PROV[LINEA]=$B$2)*(DESC_PROV[LISTA]=$C$2),DESC_PROV[DESCUENTO]),0)) *(1+VLOOKUP($C$2,LISTAS[],2,FALSE)) *(1+VLOOKUP($C$2,LISTAS[],3,FALSE)) ) /5,0)*5} -> 141510 | P13: {=ROUND( IF($A$2="COSTO", (C13*(1+IFERROR(VLOOKUP($D$2,COLORES[],2,FALSE),0))) *(1-IFERROR(_xlfn.XLOOKUP(1,(DESC_PROV[LINEA]=$B$2)*(DESC_PROV[LISTA]=$C$2),DESC_PROV[DESCUENTO]),0)), (C13*(1+IFERROR(VLOOKUP($D$2,COLORES[],2,FALSE),0))) *(1-IFERROR(_xlfn.XLOOKUP(1,(DESC_PROV[LINEA]=$B$2)*(DESC_PROV[LISTA]=$C$2),DESC_PROV[DESCUENTO]),0)) *(1+VLOOKUP($C$2,LISTAS[],2,FALSE)) *(1+VLOOKUP($C$2,LISTAS[],3,FALSE)) ) /5,0)*5} -> 13230 | Q13: {=ROUND( IF($A$2="COSTO", (D13*(1+IFERROR(VLOOKUP($D$2,COLORES[],2,FALSE),0))) *(1-IFERROR(_xlfn.XLOOKUP(1,(DESC_PROV[LINEA]=$B$2)*(DESC_PROV[LISTA]=$C$2),DESC_PROV[DESCUENTO]),0)), (D13*(1+IFERROR(VLOOKUP($D$2,COLORES[],2,FALSE),0))) *(1-IFERROR(_xlfn.XLOOKUP(1,(DESC_PROV[LINEA]=$B$2)*(DESC_PROV[LISTA]=$C$2),DESC_PROV[DESCUENTO]),0)) *(1+VLOOKUP($C$2,LISTAS[],2,FALSE)) *(1+VLOOKUP($C$2,LISTAS[],4,FALSE)) ) /5,0)*5} -> 20585 | R13: {=ROUND( IF($A$2="COSTO", ((B13*(1+IFERROR(VLOOKUP($D$2,COLORES[],2,FALSE),0)))+(F13+I13+F13)) *(1-IFERROR(_xlfn.XLOOKUP(1,(DESC_PROV[LINEA]=$B$2)*(DESC_PROV[LISTA]=$C$2),DESC_PROV[DESCUENTO]),0)), ((B13*(1+IFERROR(VLOOKUP($D$2,COLORES[],2,FALSE),0)))+(F13+I13+F13)) *(1-IFERROR(_xlfn.XLOOKUP(1,(DESC_PROV[LINEA]=$B$2)*(DESC_PROV[LISTA]=$C$2),DESC_PROV[DESCUENTO]),0)) *(1+VLOOKUP($C$2,LISTAS[],2,FALSE)) *(1+VLOOKUP($C$2,LISTAS[],3,FALSE)) ) /5,0)*5} -> 187005
A14: 80x0,60 | B14: 96781 | C14: 10325 | D14: 15000 | E14: 5952 | F14: 7212 | G14: 9498 | H14: 29726 | I14: 51597 | K14: 80x0,60 | L14: {=ROUND( IF($A$2="COSTO", ((B14*(1+IFERROR(VLOOKUP($D$2,COLORES[],2,FALSE),0)))+E14) *(1-IFERROR(_xlfn.XLOOKUP(1,(DESC_PROV[LINEA]=$B$2)*(DESC_PROV[LISTA]=$C$2),DESC_PROV[DESCUENTO]),0)), ((B14*(1+IFERROR(VLOOKUP($D$2,COLORES[],2,FALSE),0)))+E14) *(1-IFERROR(_xlfn.XLOOKUP(1,(DESC_PROV[LINEA]=$B$2)*(DESC_PROV[LISTA]=$C$2),DESC_PROV[DESCUENTO]),0)) *(1+VLOOKUP($C$2,LISTAS[],2,FALSE)) *(1+VLOOKUP($C$2,LISTAS[],3,FALSE)) ) /5,0)*5} -> 131655 | M14: {=ROUND( IF($A$2="COSTO", ((B14*(1+IFERROR(VLOOKUP($D$2,COLORES[],2,FALSE),0)))+F14) *(1-IFERROR(_xlfn.XLOOKUP(1,(DESC_PROV[LINEA]=$B$2)*(DESC_PROV[LISTA]=$C$2),DESC_PROV[DESCUENTO]),0)), ((B14*(1+IFERROR(VLOOKUP($D$2,COLORES[],2,FALSE),0)))+F14) *(1-IFERROR(_xlfn.XLOOKUP(1,(DESC_PROV[LINEA]=$B$2)*(DESC_PROV[LISTA]=$C$2),DESC_PROV[DESCUENTO]),0)) *(1+VLOOKUP($C$2,LISTAS[],2,FALSE)) *(1+VLOOKUP($C$2,LISTAS[],3,FALSE)) ) /5,0)*5} -> 133270 | N14: {=ROUND( IF($A$2="COSTO", ((B14*(1+IFERROR(VLOOKUP($D$2,COLORES[],2,FALSE),0)))+G14) *(1-IFERROR(_xlfn.XLOOKUP(1,(DESC_PROV[LINEA]=$B$2)*(DESC_PROV[LISTA]=$C$2),DESC_PROV[DESCUENTO]),0)), ((B14*(1+IFERROR(VLOOKUP($D$2,COLORES[],2,FALSE),0)))+G14) *(1-IFERROR(_xlfn.XLOOKUP(1,(DESC_PROV[LINEA]=$B$2)*(DESC_PROV[LISTA]=$C$2),DESC_PROV[DESCUENTO]),0)) *(1+VLOOKUP($C$2,LISTAS[],2,FALSE)) *(1+VLOOKUP($C$2,LISTAS[],3,FALSE)) ) /5,0)*5} -> 136200 | O14: {=ROUND( IF($A$2="COSTO", ((B14*(1+IFERROR(VLOOKUP($D$2,COLORES[],2,FALSE),0)))+H14) *(1-IFERROR(_xlfn.XLOOKUP(1,(DESC_PROV[LINEA]=$B$2)*(DESC_PROV[LISTA]=$C$2),DESC_PROV[DESCUENTO]),0)), ((B14*(1+IFERROR(VLOOKUP($D$2,COLORES[],2,FALSE),0)))+H14) *(1-IFERROR(_xlfn.XLOOKUP(1,(DESC_PROV[LINEA]=$B$2)*(DESC_PROV[LISTA]=$C$2),DESC_PROV[DESCUENTO]),0)) *(1+VLOOKUP($C$2,LISTAS[],2,FALSE)) *(1+VLOOKUP($C$2,LISTAS[],3,FALSE)) ) /5,0)*5} -> 162125 | P14: {=ROUND( IF($A$2="COSTO", (C14*(1+IFERROR(VLOOKUP($D$2,COLORES[],2,FALSE),0))) *(1-IFERROR(_xlfn.XLOOKUP(1,(DESC_PROV[LINEA]=$B$2)*(DESC_PROV[LISTA]=$C$2),DESC_PROV[DESCUENTO]),0)), (C14*(1+IFERROR(VLOOKUP($D$2,COLORES[],2,FALSE),0))) *(1-IFERROR(_xlfn.XLOOKUP(1,(DESC_PROV[LINEA]=$B$2)*(DESC_PROV[LISTA]=$C$2),DESC_PROV[DESCUENTO]),0)) *(1+VLOOKUP($C$2,LISTAS[],2,FALSE)) *(1+VLOOKUP($C$2,LISTAS[],3,FALSE)) ) /5,0)*5} -> 13230 | Q14: {=ROUND( IF($A$2="COSTO", (D14*(1+IFERROR(VLOOKUP($D$2,COLORES[],2,FALSE),0))) *(1-IFERROR(_xlfn.XLOOKUP(1,(DESC_PROV[LINEA]=$B$2)*(DESC_PROV[LISTA]=$C$2),DESC_PROV[DESCUENTO]),0)), (D14*(1+IFERROR(VLOOKUP($D$2,COLORES[],2,FALSE),0))) *(1-IFERROR(_xlfn.XLOOKUP(1,(DESC_PROV[LINEA]=$B$2)*(DESC_PROV[LISTA]=$C$2),DESC_PROV[DESCUENTO]),0)) *(1+VLOOKUP($C$2,LISTAS[],2,FALSE)) *(1+VLOOKUP($C$2,LISTAS[],4,FALSE)) ) /5,0)*5} -> 23660 | R14: {=ROUND( IF($A$2="COSTO", ((B14*(1+IFERROR(VLOOKUP($D$2,COLORES[],2,FALSE),0)))+(F14+I14+F14)) *(1-IFERROR(_xlfn.XLOOKUP(1,(DESC_PROV[LINEA]=$B$2)*(DESC_PROV[LISTA]=$C$2),DESC_PROV[DESCUENTO]),0)), ((B14*(1+IFERROR(VLOOKUP($D$2,COLORES[],2,FALSE),0)))+(F14+I14+F14)) *(1-IFERROR(_xlfn.XLOOKUP(1,(DESC_PROV[LINEA]=$B$2)*(DESC_PROV[LISTA]=$C$2),DESC_PROV[DESCUENTO]),0)) *(1+VLOOKUP($C$2,LISTAS[],2,FALSE)) *(1+VLOOKUP($C$2,LISTAS[],3,FALSE)) ) /5,0)*5} -> 208635
A15: 100x0,60 | B15: 105619 | C15: 10325 | D15: 16950 | E15: 7656 | F15: 9270 | G15: 12210 | H15: 38224 | I15: 56757 | K15: 100x0,60 | L15: {=ROUND( IF($A$2="COSTO", ((B15*(1+IFERROR(VLOOKUP($D$2,COLORES[],2,FALSE),0)))+E15) *(1-IFERROR(_xlfn.XLOOKUP(1,(DESC_PROV[LINEA]=$B$2)*(DESC_PROV[LISTA]=$C$2),DESC_PROV[DESCUENTO]),0)), ((B15*(1+IFERROR(VLOOKUP($D$2,COLORES[],2,FALSE),0)))+E15) *(1-IFERROR(_xlfn.XLOOKUP(1,(DESC_PROV[LINEA]=$B$2)*(DESC_PROV[LISTA]=$C$2),DESC_PROV[DESCUENTO]),0)) *(1+VLOOKUP($C$2,LISTAS[],2,FALSE)) *(1+VLOOKUP($C$2,LISTAS[],3,FALSE)) ) /5,0)*5} -> 145165 | M15: {=ROUND( IF($A$2="COSTO", ((B15*(1+IFERROR(VLOOKUP($D$2,COLORES[],2,FALSE),0)))+F15) *(1-IFERROR(_xlfn.XLOOKUP(1,(DESC_PROV[LINEA]=$B$2)*(DESC_PROV[LISTA]=$C$2),DESC_PROV[DESCUENTO]),0)), ((B15*(1+IFERROR(VLOOKUP($D$2,COLORES[],2,FALSE),0)))+F15) *(1-IFERROR(_xlfn.XLOOKUP(1,(DESC_PROV[LINEA]=$B$2)*(DESC_PROV[LISTA]=$C$2),DESC_PROV[DESCUENTO]),0)) *(1+VLOOKUP($C$2,LISTAS[],2,FALSE)) *(1+VLOOKUP($C$2,LISTAS[],3,FALSE)) ) /5,0)*5} -> 147235 | N15: {=ROUND( IF($A$2="COSTO", ((B15*(1+IFERROR(VLOOKUP($D$2,COLORES[],2,FALSE),0)))+G15) *(1-IFERROR(_xlfn.XLOOKUP(1,(DESC_PROV[LINEA]=$B$2)*(DESC_PROV[LISTA]=$C$2),DESC_PROV[DESCUENTO]),0)), ((B15*(1+IFERROR(VLOOKUP($D$2,COLORES[],2,FALSE),0)))+G15) *(1-IFERROR(_xlfn.XLOOKUP(1,(DESC_PROV[LINEA]=$B$2)*(DESC_PROV[LISTA]=$C$2),DESC_PROV[DESCUENTO]),0)) *(1+VLOOKUP($C$2,LISTAS[],2,FALSE)) *(1+VLOOKUP($C$2,LISTAS[],3,FALSE)) ) /5,0)*5} -> 151005 | O15: {=ROUND( IF($A$2="COSTO", ((B15*(1+IFERROR(VLOOKUP($D$2,COLORES[],2,FALSE),0)))+H15) *(1-IFERROR(_xlfn.XLOOKUP(1,(DESC_PROV[LINEA]=$B$2)*(DESC_PROV[LISTA]=$C$2),DESC_PROV[DESCUENTO]),0)), ((B15*(1+IFERROR(VLOOKUP($D$2,COLORES[],2,FALSE),0)))+H15) *(1-IFERROR(_xlfn.XLOOKUP(1,(DESC_PROV[LINEA]=$B$2)*(DESC_PROV[LISTA]=$C$2),DESC_PROV[DESCUENTO]),0)) *(1+VLOOKUP($C$2,LISTAS[],2,FALSE)) *(1+VLOOKUP($C$2,LISTAS[],3,FALSE)) ) /5,0)*5} -> 184340 | P15: {=ROUND( IF($A$2="COSTO", (C15*(1+IFERROR(VLOOKUP($D$2,COLORES[],2,FALSE),0))) *(1-IFERROR(_xlfn.XLOOKUP(1,(DESC_PROV[LINEA]=$B$2)*(DESC_PROV[LISTA]=$C$2),DESC_PROV[DESCUENTO]),0)), (C15*(1+IFERROR(VLOOKUP($D$2,COLORES[],2,FALSE),0))) *(1-IFERROR(_xlfn.XLOOKUP(1,(DESC_PROV[LINEA]=$B$2)*(DESC_PROV[LISTA]=$C$2),DESC_PROV[DESCUENTO]),0)) *(1+VLOOKUP($C$2,LISTAS[],2,FALSE)) *(1+VLOOKUP($C$2,LISTAS[],3,FALSE)) ) /5,0)*5} -> 13230 | Q15: {=ROUND( IF($A$2="COSTO", (D15*(1+IFERROR(VLOOKUP($D$2,COLORES[],2,FALSE),0))) *(1-IFERROR(_xlfn.XLOOKUP(1,(DESC_PROV[LINEA]=$B$2)*(DESC_PROV[LISTA]=$C$2),DESC_PROV[DESCUENTO]),0)), (D15*(1+IFERROR(VLOOKUP($D$2,COLORES[],2,FALSE),0))) *(1-IFERROR(_xlfn.XLOOKUP(1,(DESC_PROV[LINEA]=$B$2)*(DESC_PROV[LISTA]=$C$2),DESC_PROV[DESCUENTO]),0)) *(1+VLOOKUP($C$2,LISTAS[],2,FALSE)) *(1+VLOOKUP($C$2,LISTAS[],4,FALSE)) ) /5,0)*5} -> 26735 | R15: {=ROUND( IF($A$2="COSTO", ((B15*(1+IFERROR(VLOOKUP($D$2,COLORES[],2,FALSE),0)))+(F15+I15+F15)) *(1-IFERROR(_xlfn.XLOOKUP(1,(DESC_PROV[LINEA]=$B$2)*(DESC_PROV[LISTA]=$C$2),DESC_PROV[DESCUENTO]),0)), ((B15*(1+IFERROR(VLOOKUP($D$2,COLORES[],2,FALSE),0)))+(F15+I15+F15)) *(1-IFERROR(_xlfn.XLOOKUP(1,(DESC_PROV[LINEA]=$B$2)*(DESC_PROV[LISTA]=$C$2),DESC_PROV[DESCUENTO]),0)) *(1+VLOOKUP($C$2,LISTAS[],2,FALSE)) *(1+VLOOKUP($C$2,LISTAS[],3,FALSE)) ) /5,0)*5} -> 231850
A16: 120x0,60 | B16: 114369 | C16: 10325 | D16: 18900 | E16: 9354 | F16: 11334 | G16: 14922 | H16: 46716 | I16: 61916 | K16: 120x0,60 | L16: {=ROUND( IF($A$2="COSTO", ((B16*(1+IFERROR(VLOOKUP($D$2,COLORES[],2,FALSE),0)))+E16) *(1-IFERROR(_xlfn.XLOOKUP(1,(DESC_PROV[LINEA]=$B$2)*(DESC_PROV[LISTA]=$C$2),DESC_PROV[DESCUENTO]),0)), ((B16*(1+IFERROR(VLOOKUP($D$2,COLORES[],2,FALSE),0)))+E16) *(1-IFERROR(_xlfn.XLOOKUP(1,(DESC_PROV[LINEA]=$B$2)*(DESC_PROV[LISTA]=$C$2),DESC_PROV[DESCUENTO]),0)) *(1+VLOOKUP($C$2,LISTAS[],2,FALSE)) *(1+VLOOKUP($C$2,LISTAS[],3,FALSE)) ) /5,0)*5} -> 158555 | M16: {=ROUND( IF($A$2="COSTO", ((B16*(1+IFERROR(VLOOKUP($D$2,COLORES[],2,FALSE),0)))+F16) *(1-IFERROR(_xlfn.XLOOKUP(1,(DESC_PROV[LINEA]=$B$2)*(DESC_PROV[LISTA]=$C$2),DESC_PROV[DESCUENTO]),0)), ((B16*(1+IFERROR(VLOOKUP($D$2,COLORES[],2,FALSE),0)))+F16) *(1-IFERROR(_xlfn.XLOOKUP(1,(DESC_PROV[LINEA]=$B$2)*(DESC_PROV[LISTA]=$C$2),DESC_PROV[DESCUENTO]),0)) *(1+VLOOKUP($C$2,LISTAS[],2,FALSE)) *(1+VLOOKUP($C$2,LISTAS[],3,FALSE)) ) /5,0)*5} -> 161095 | N16: {=ROUND( IF($A$2="COSTO", ((B16*(1+IFERROR(VLOOKUP($D$2,COLORES[],2,FALSE),0)))+G16) *(1-IFERROR(_xlfn.XLOOKUP(1,(DESC_PROV[LINEA]=$B$2)*(DESC_PROV[LISTA]=$C$2),DESC_PROV[DESCUENTO]),0)), ((B16*(1+IFERROR(VLOOKUP($D$2,COLORES[],2,FALSE),0)))+G16) *(1-IFERROR(_xlfn.XLOOKUP(1,(DESC_PROV[LINEA]=$B$2)*(DESC_PROV[LISTA]=$C$2),DESC_PROV[DESCUENTO]),0)) *(1+VLOOKUP($C$2,LISTAS[],2,FALSE)) *(1+VLOOKUP($C$2,LISTAS[],3,FALSE)) ) /5,0)*5} -> 165690 | O16: {=ROUND( IF($A$2="COSTO", ((B16*(1+IFERROR(VLOOKUP($D$2,COLORES[],2,FALSE),0)))+H16) *(1-IFERROR(_xlfn.XLOOKUP(1,(DESC_PROV[LINEA]=$B$2)*(DESC_PROV[LISTA]=$C$2),DESC_PROV[DESCUENTO]),0)), ((B16*(1+IFERROR(VLOOKUP($D$2,COLORES[],2,FALSE),0)))+H16) *(1-IFERROR(_xlfn.XLOOKUP(1,(DESC_PROV[LINEA]=$B$2)*(DESC_PROV[LISTA]=$C$2),DESC_PROV[DESCUENTO]),0)) *(1+VLOOKUP($C$2,LISTAS[],2,FALSE)) *(1+VLOOKUP($C$2,LISTAS[],3,FALSE)) ) /5,0)*5} -> 206435 | P16: {=ROUND( IF($A$2="COSTO", (C16*(1+IFERROR(VLOOKUP($D$2,COLORES[],2,FALSE),0))) *(1-IFERROR(_xlfn.XLOOKUP(1,(DESC_PROV[LINEA]=$B$2)*(DESC_PROV[LISTA]=$C$2),DESC_PROV[DESCUENTO]),0)), (C16*(1+IFERROR(VLOOKUP($D$2,COLORES[],2,FALSE),0))) *(1-IFERROR(_xlfn.XLOOKUP(1,(DESC_PROV[LINEA]=$B$2)*(DESC_PROV[LISTA]=$C$2),DESC_PROV[DESCUENTO]),0)) *(1+VLOOKUP($C$2,LISTAS[],2,FALSE)) *(1+VLOOKUP($C$2,LISTAS[],3,FALSE)) ) /5,0)*5} -> 13230 | Q16: {=ROUND( IF($A$2="COSTO", (D16*(1+IFERROR(VLOOKUP($D$2,COLORES[],2,FALSE),0))) *(1-IFERROR(_xlfn.XLOOKUP(1,(DESC_PROV[LINEA]=$B$2)*(DESC_PROV[LISTA]=$C$2),DESC_PROV[DESCUENTO]),0)), (D16*(1+IFERROR(VLOOKUP($D$2,COLORES[],2,FALSE),0))) *(1-IFERROR(_xlfn.XLOOKUP(1,(DESC_PROV[LINEA]=$B$2)*(DESC_PROV[LISTA]=$C$2),DESC_PROV[DESCUENTO]),0)) *(1+VLOOKUP($C$2,LISTAS[],2,FALSE)) *(1+VLOOKUP($C$2,LISTAS[],4,FALSE)) ) /5,0)*5} -> 29810 | R16: {=ROUND( IF($A$2="COSTO", ((B16*(1+IFERROR(VLOOKUP($D$2,COLORES[],2,FALSE),0)))+(F16+I16+F16)) *(1-IFERROR(_xlfn.XLOOKUP(1,(DESC_PROV[LINEA]=$B$2)*(DESC_PROV[LISTA]=$C$2),DESC_PROV[DESCUENTO]),0)), ((B16*(1+IFERROR(VLOOKUP($D$2,COLORES[],2,FALSE),0)))+(F16+I16+F16)) *(1-IFERROR(_xlfn.XLOOKUP(1,(DESC_PROV[LINEA]=$B$2)*(DESC_PROV[LISTA]=$C$2),DESC_PROV[DESCUENTO]),0)) *(1+VLOOKUP($C$2,LISTAS[],2,FALSE)) *(1+VLOOKUP($C$2,LISTAS[],3,FALSE)) ) /5,0)*5} -> 254965
A17: 150x0,60 | B17: 129250 | C17: 10325 | D17: 21825 | E17: 11910 | F17: 14424 | G17: 18990 | H17: 59459 | I17: 69656 | K17: 150x0,60 | L17: {=ROUND( IF($A$2="COSTO", ((B17*(1+IFERROR(VLOOKUP($D$2,COLORES[],2,FALSE),0)))+E17) *(1-IFERROR(_xlfn.XLOOKUP(1,(DESC_PROV[LINEA]=$B$2)*(DESC_PROV[LISTA]=$C$2),DESC_PROV[DESCUENTO]),0)), ((B17*(1+IFERROR(VLOOKUP($D$2,COLORES[],2,FALSE),0)))+E17) *(1-IFERROR(_xlfn.XLOOKUP(1,(DESC_PROV[LINEA]=$B$2)*(DESC_PROV[LISTA]=$C$2),DESC_PROV[DESCUENTO]),0)) *(1+VLOOKUP($C$2,LISTAS[],2,FALSE)) *(1+VLOOKUP($C$2,LISTAS[],3,FALSE)) ) /5,0)*5} -> 180900 | M17: {=ROUND( IF($A$2="COSTO", ((B17*(1+IFERROR(VLOOKUP($D$2,COLORES[],2,FALSE),0)))+F17) *(1-IFERROR(_xlfn.XLOOKUP(1,(DESC_PROV[LINEA]=$B$2)*(DESC_PROV[LISTA]=$C$2),DESC_PROV[DESCUENTO]),0)), ((B17*(1+IFERROR(VLOOKUP($D$2,COLORES[],2,FALSE),0)))+F17) *(1-IFERROR(_xlfn.XLOOKUP(1,(DESC_PROV[LINEA]=$B$2)*(DESC_PROV[LISTA]=$C$2),DESC_PROV[DESCUENTO]),0)) *(1+VLOOKUP($C$2,LISTAS[],2,FALSE)) *(1+VLOOKUP($C$2,LISTAS[],3,FALSE)) ) /5,0)*5} -> 184125 | N17: {=ROUND( IF($A$2="COSTO", ((B17*(1+IFERROR(VLOOKUP($D$2,COLORES[],2,FALSE),0)))+G17) *(1-IFERROR(_xlfn.XLOOKUP(1,(DESC_PROV[LINEA]=$B$2)*(DESC_PROV[LISTA]=$C$2),DESC_PROV[DESCUENTO]),0)), ((B17*(1+IFERROR(VLOOKUP($D$2,COLORES[],2,FALSE),0)))+G17) *(1-IFERROR(_xlfn.XLOOKUP(1,(DESC_PROV[LINEA]=$B$2)*(DESC_PROV[LISTA]=$C$2),DESC_PROV[DESCUENTO]),0)) *(1+VLOOKUP($C$2,LISTAS[],2,FALSE)) *(1+VLOOKUP($C$2,LISTAS[],3,FALSE)) ) /5,0)*5} -> 189975 | O17: {=ROUND( IF($A$2="COSTO", ((B17*(1+IFERROR(VLOOKUP($D$2,COLORES[],2,FALSE),0)))+H17) *(1-IFERROR(_xlfn.XLOOKUP(1,(DESC_PROV[LINEA]=$B$2)*(DESC_PROV[LISTA]=$C$2),DESC_PROV[DESCUENTO]),0)), ((B17*(1+IFERROR(VLOOKUP($D$2,COLORES[],2,FALSE),0)))+H17) *(1-IFERROR(_xlfn.XLOOKUP(1,(DESC_PROV[LINEA]=$B$2)*(DESC_PROV[LISTA]=$C$2),DESC_PROV[DESCUENTO]),0)) *(1+VLOOKUP($C$2,LISTAS[],2,FALSE)) *(1+VLOOKUP($C$2,LISTAS[],3,FALSE)) ) /5,0)*5} -> 241840 | P17: {=ROUND( IF($A$2="COSTO", (C17*(1+IFERROR(VLOOKUP($D$2,COLORES[],2,FALSE),0))) *(1-IFERROR(_xlfn.XLOOKUP(1,(DESC_PROV[LINEA]=$B$2)*(DESC_PROV[LISTA]=$C$2),DESC_PROV[DESCUENTO]),0)), (C17*(1+IFERROR(VLOOKUP($D$2,COLORES[],2,FALSE),0))) *(1-IFERROR(_xlfn.XLOOKUP(1,(DESC_PROV[LINEA]=$B$2)*(DESC_PROV[LISTA]=$C$2),DESC_PROV[DESCUENTO]),0)) *(1+VLOOKUP($C$2,LISTAS[],2,FALSE)) *(1+VLOOKUP($C$2,LISTAS[],3,FALSE)) ) /5,0)*5} -> 13230 | Q17: {=ROUND( IF($A$2="COSTO", (D17*(1+IFERROR(VLOOKUP($D$2,COLORES[],2,FALSE),0))) *(1-IFERROR(_xlfn.XLOOKUP(1,(DESC_PROV[LINEA]=$B$2)*(DESC_PROV[LISTA]=$C$2),DESC_PROV[DESCUENTO]),0)), (D17*(1+IFERROR(VLOOKUP($D$2,COLORES[],2,FALSE),0))) *(1-IFERROR(_xlfn.XLOOKUP(1,(DESC_PROV[LINEA]=$B$2)*(DESC_PROV[LISTA]=$C$2),DESC_PROV[DESCUENTO]),0)) *(1+VLOOKUP($C$2,LISTAS[],2,FALSE)) *(1+VLOOKUP($C$2,LISTAS[],4,FALSE)) ) /5,0)*5} -> 34425 | R17: {=ROUND( IF($A$2="COSTO", ((B17*(1+IFERROR(VLOOKUP($D$2,COLORES[],2,FALSE),0)))+(F17+I17+F17)) *(1-IFERROR(_xlfn.XLOOKUP(1,(DESC_PROV[LINEA]=$B$2)*(DESC_PROV[LISTA]=$C$2),DESC_PROV[DESCUENTO]),0)), ((B17*(1+IFERROR(VLOOKUP($D$2,COLORES[],2,FALSE),0)))+(F17+I17+F17)) *(1-IFERROR(_xlfn.XLOOKUP(1,(DESC_PROV[LINEA]=$B$2)*(DESC_PROV[LISTA]=$C$2),DESC_PROV[DESCUENTO]),0)) *(1+VLOOKUP($C$2,LISTAS[],2,FALSE)) *(1+VLOOKUP($C$2,LISTAS[],3,FALSE)) ) /5,0)*5} -> 291875
... A58: 240x200 | B58: 292225 | C58: 34418 | D58: 68400 | E58: 78246 | F58: 90042 | G58: 118566 | H58: 371184 | I58: 165110 | K58: 240x200 | L58: {=ROUND( IF($A$2="COSTO", ((B58*(1+IFERROR(VLOOKUP($D$2,COLORES[],2,FALSE),0)))+E58) *(1-IFERROR(_xlfn.XLOOKUP(1,(DESC_PROV[LINEA]=$B$2)*(DESC_PROV[LISTA]=$C$2),DESC_PROV[DESCUENTO]),0)), ((B58*(1+IFERROR(VLOOKUP($D$2,COLORES[],2,FALSE),0)))+E58) *(1-IFERROR(_xlfn.XLOOKUP(1,(DESC_PROV[LINEA]=$B$2)*(DESC_PROV[LISTA]=$C$2),DESC_PROV[DESCUENTO]),0)) *(1+VLOOKUP($C$2,LISTAS[],2,FALSE)) *(1+VLOOKUP($C$2,LISTAS[],3,FALSE)) ) /5,0)*5} -> 474775 | M58: {=ROUND( IF($A$2="COSTO", ((B58*(1+IFERROR(VLOOKUP($D$2,COLORES[],2,FALSE),0)))+F58) *(1-IFERROR(_xlfn.XLOOKUP(1,(DESC_PROV[LINEA]=$B$2)*(DESC_PROV[LISTA]=$C$2),DESC_PROV[DESCUENTO]),0)), ((B58*(1+IFERROR(VLOOKUP($D$2,COLORES[],2,FALSE),0)))+F58) *(1-IFERROR(_xlfn.XLOOKUP(1,(DESC_PROV[LINEA]=$B$2)*(DESC_PROV[LISTA]=$C$2),DESC_PROV[DESCUENTO]),0)) *(1+VLOOKUP($C$2,LISTAS[],2,FALSE)) *(1+VLOOKUP($C$2,LISTAS[],3,FALSE)) ) /5,0)*5} -> 489890 | N58: {=ROUND( IF($A$2="COSTO", ((B58*(1+IFERROR(VLOOKUP($D$2,COLORES[],2,FALSE),0)))+G58) *(1-IFERROR(_xlfn.XLOOKUP(1,(DESC_PROV[LINEA]=$B$2)*(DESC_PROV[LISTA]=$C$2),DESC_PROV[DESCUENTO]),0)), ((B58*(1+IFERROR(VLOOKUP($D$2,COLORES[],2,FALSE),0)))+G58) *(1-IFERROR(_xlfn.XLOOKUP(1,(DESC_PROV[LINEA]=$B$2)*(DESC_PROV[LISTA]=$C$2),DESC_PROV[DESCUENTO]),0)) *(1+VLOOKUP($C$2,LISTAS[],2,FALSE)) *(1+VLOOKUP($C$2,LISTAS[],3,FALSE)) ) /5,0)*5} -> 526445 | O58: {=ROUND( IF($A$2="COSTO", ((B58*(1+IFERROR(VLOOKUP($D$2,COLORES[],2,FALSE),0)))+H58) *(1-IFERROR(_xlfn.XLOOKUP(1,(DESC_PROV[LINEA]=$B$2)*(DESC_PROV[LISTA]=$C$2),DESC_PROV[DESCUENTO]),0)), ((B58*(1+IFERROR(VLOOKUP($D$2,COLORES[],2,FALSE),0)))+H58) *(1-IFERROR(_xlfn.XLOOKUP(1,(DESC_PROV[LINEA]=$B$2)*(DESC_PROV[LISTA]=$C$2),DESC_PROV[DESCUENTO]),0)) *(1+VLOOKUP($C$2,LISTAS[],2,FALSE)) *(1+VLOOKUP($C$2,LISTAS[],3,FALSE)) ) /5,0)*5} -> 850185 | P58: {=ROUND( IF($A$2="COSTO", (C58*(1+IFERROR(VLOOKUP($D$2,COLORES[],2,FALSE),0))) *(1-IFERROR(_xlfn.XLOOKUP(1,(DESC_PROV[LINEA]=$B$2)*(DESC_PROV[LISTA]=$C$2),DESC_PROV[DESCUENTO]),0)), (C58*(1+IFERROR(VLOOKUP($D$2,COLORES[],2,FALSE),0))) *(1-IFERROR(_xlfn.XLOOKUP(1,(DESC_PROV[LINEA]=$B$2)*(DESC_PROV[LISTA]=$C$2),DESC_PROV[DESCUENTO]),0)) *(1+VLOOKUP($C$2,LISTAS[],2,FALSE)) *(1+VLOOKUP($C$2,LISTAS[],3,FALSE)) ) /5,0)*5} -> 44110 | Q58: {=ROUND( IF($A$2="COSTO", (D58*(1+IFERROR(VLOOKUP($D$2,COLORES[],2,FALSE),0))) *(1-IFERROR(_xlfn.XLOOKUP(1,(DESC_PROV[LINEA]=$B$2)*(DESC_PROV[LISTA]=$C$2),DESC_PROV[DESCUENTO]),0)), (D58*(1+IFERROR(VLOOKUP($D$2,COLORES[],2,FALSE),0))) *(1-IFERROR(_xlfn.XLOOKUP(1,(DESC_PROV[LINEA]=$B$2)*(DESC_PROV[LISTA]=$C$2),DESC_PROV[DESCUENTO]),0)) *(1+VLOOKUP($C$2,LISTAS[],2,FALSE)) *(1+VLOOKUP($C$2,LISTAS[],4,FALSE)) ) /5,0)*5} -> 107885 | R58: {=ROUND( IF($A$2="COSTO", ((B58*(1+IFERROR(VLOOKUP($D$2,COLORES[],2,FALSE),0)))+(F58+I58+F58)) *(1-IFERROR(_xlfn.XLOOKUP(1,(DESC_PROV[LINEA]=$B$2)*(DESC_PROV[LISTA]=$C$2),DESC_PROV[DESCUENTO]),0)), ((B58*(1+IFERROR(VLOOKUP($D$2,COLORES[],2,FALSE),0)))+(F58+I58+F58)) *(1-IFERROR(_xlfn.XLOOKUP(1,(DESC_PROV[LINEA]=$B$2)*(DESC_PROV[LISTA]=$C$2),DESC_PROV[DESCUENTO]),0)) *(1+VLOOKUP($C$2,LISTAS[],2,FALSE)) *(1+VLOOKUP($C$2,LISTAS[],3,FALSE)) ) /5,0)*5} -> 816880
A59: 240x205 | B59: =B58*(1+5%) -> 306836.25 | C59: =C58*(1+5%) -> 36138.9 | D59: =D58*(1+5%) -> 71820 | E59: =E58*(1+5%) -> 82158.3 | F59: =F58*(1+5%) -> 94544.1 | G59: =G58*(1+5%) -> 124494.3 | H59: =H58*(1+5%) -> 389743.2 | I59: =I58*(1+5%) -> 173365.5 | K59: 240x205 | L59: {=ROUND( IF($A$2="COSTO", ((B59*(1+IFERROR(VLOOKUP($D$2,COLORES[],2,FALSE),0)))+E59) *(1-IFERROR(_xlfn.XLOOKUP(1,(DESC_PROV[LINEA]=$B$2)*(DESC_PROV[LISTA]=$C$2),DESC_PROV[DESCUENTO]),0)), ((B59*(1+IFERROR(VLOOKUP($D$2,COLORES[],2,FALSE),0)))+E59) *(1-IFERROR(_xlfn.XLOOKUP(1,(DESC_PROV[LINEA]=$B$2)*(DESC_PROV[LISTA]=$C$2),DESC_PROV[DESCUENTO]),0)) *(1+VLOOKUP($C$2,LISTAS[],2,FALSE)) *(1+VLOOKUP($C$2,LISTAS[],3,FALSE)) ) /5,0)*5} -> 498510 | M59: {=ROUND( IF($A$2="COSTO", ((B59*(1+IFERROR(VLOOKUP($D$2,COLORES[],2,FALSE),0)))+F59) *(1-IFERROR(_xlfn.XLOOKUP(1,(DESC_PROV[LINEA]=$B$2)*(DESC_PROV[LISTA]=$C$2),DESC_PROV[DESCUENTO]),0)), ((B59*(1+IFERROR(VLOOKUP($D$2,COLORES[],2,FALSE),0)))+F59) *(1-IFERROR(_xlfn.XLOOKUP(1,(DESC_PROV[LINEA]=$B$2)*(DESC_PROV[LISTA]=$C$2),DESC_PROV[DESCUENTO]),0)) *(1+VLOOKUP($C$2,LISTAS[],2,FALSE)) *(1+VLOOKUP($C$2,LISTAS[],3,FALSE)) ) /5,0)*5} -> 514385 | N59: {=ROUND( IF($A$2="COSTO", ((B59*(1+IFERROR(VLOOKUP($D$2,COLORES[],2,FALSE),0)))+G59) *(1-IFERROR(_xlfn.XLOOKUP(1,(DESC_PROV[LINEA]=$B$2)*(DESC_PROV[LISTA]=$C$2),DESC_PROV[DESCUENTO]),0)), ((B59*(1+IFERROR(VLOOKUP($D$2,COLORES[],2,FALSE),0)))+G59) *(1-IFERROR(_xlfn.XLOOKUP(1,(DESC_PROV[LINEA]=$B$2)*(DESC_PROV[LISTA]=$C$2),DESC_PROV[DESCUENTO]),0)) *(1+VLOOKUP($C$2,LISTAS[],2,FALSE)) *(1+VLOOKUP($C$2,LISTAS[],3,FALSE)) ) /5,0)*5} -> 552765 | O59: {=ROUND( IF($A$2="COSTO", ((B59*(1+IFERROR(VLOOKUP($D$2,COLORES[],2,FALSE),0)))+H59) *(1-IFERROR(_xlfn.XLOOKUP(1,(DESC_PROV[LINEA]=$B$2)*(DESC_PROV[LISTA]=$C$2),DESC_PROV[DESCUENTO]),0)), ((B59*(1+IFERROR(VLOOKUP($D$2,COLORES[],2,FALSE),0)))+H59) *(1-IFERROR(_xlfn.XLOOKUP(1,(DESC_PROV[LINEA]=$B$2)*(DESC_PROV[LISTA]=$C$2),DESC_PROV[DESCUENTO]),0)) *(1+VLOOKUP($C$2,LISTAS[],2,FALSE)) *(1+VLOOKUP($C$2,LISTAS[],3,FALSE)) ) /5,0)*5} -> 892695 | P59: {=ROUND( IF($A$2="COSTO", (C59*(1+IFERROR(VLOOKUP($D$2,COLORES[],2,FALSE),0))) *(1-IFERROR(_xlfn.XLOOKUP(1,(DESC_PROV[LINEA]=$B$2)*(DESC_PROV[LISTA]=$C$2),DESC_PROV[DESCUENTO]),0)), (C59*(1+IFERROR(VLOOKUP($D$2,COLORES[],2,FALSE),0))) *(1-IFERROR(_xlfn.XLOOKUP(1,(DESC_PROV[LINEA]=$B$2)*(DESC_PROV[LISTA]=$C$2),DESC_PROV[DESCUENTO]),0)) *(1+VLOOKUP($C$2,LISTAS[],2,FALSE)) *(1+VLOOKUP($C$2,LISTAS[],3,FALSE)) ) /5,0)*5} -> 46315 | Q59: {=ROUND( IF($A$2="COSTO", (D59*(1+IFERROR(VLOOKUP($D$2,COLORES[],2,FALSE),0))) *(1-IFERROR(_xlfn.XLOOKUP(1,(DESC_PROV[LINEA]=$B$2)*(DESC_PROV[LISTA]=$C$2),DESC_PROV[DESCUENTO]),0)), (D59*(1+IFERROR(VLOOKUP($D$2,COLORES[],2,FALSE),0))) *(1-IFERROR(_xlfn.XLOOKUP(1,(DESC_PROV[LINEA]=$B$2)*(DESC_PROV[LISTA]=$C$2),DESC_PROV[DESCUENTO]),0)) *(1+VLOOKUP($C$2,LISTAS[],2,FALSE)) *(1+VLOOKUP($C$2,LISTAS[],4,FALSE)) ) /5,0)*5} -> 113280 | R59: {=ROUND( IF($A$2="COSTO", ((B59*(1+IFERROR(VLOOKUP($D$2,COLORES[],2,FALSE),0)))+(F59+I59+F59)) *(1-IFERROR(_xlfn.XLOOKUP(1,(DESC_PROV[LINEA]=$B$2)*(DESC_PROV[LISTA]=$C$2),DESC_PROV[DESCUENTO]),0)), ((B59*(1+IFERROR(VLOOKUP($D$2,COLORES[],2,FALSE),0)))+(F59+I59+F59)) *(1-IFERROR(_xlfn.XLOOKUP(1,(DESC_PROV[LINEA]=$B$2)*(DESC_PROV[LISTA]=$C$2),DESC_PROV[DESCUENTO]),0)) *(1+VLOOKUP($C$2,LISTAS[],2,FALSE)) *(1+VLOOKUP($C$2,LISTAS[],3,FALSE)) ) /5,0)*5} -> 857720

Sheet rajas modena
A1: MODO | B1: LINEA | C1: LISTA | D1: COLOR
A2: =CONTROL!B4 -> VENTA | B2: MODENA | C2: =CONTROL!C4 -> AMARILLA | D2: =CONTROL!D4 -> BLANCO
A5: Rajas de abrir / banderolas modena | K5: Rajas de abrir / banderolas modena
A6: medidas | B6: s/vidrio | C6: vid/3mm | D6: 4mm | E6: v/5mm | F6: esmerilado | G6: fantasia | H6: V/3+3 | I6: camara dvh | K6: medidas | L6: vid/3mm | M6: 4mm | N6: v/5mm | O6: esmerilado | P6: fantasia | Q6: V/3+3 | R6: camara dvh
A7: 40x40 | B7: 91406 | C7: 2448 | D7: 2966 | E7: 3907 | F7: 8458 | G7: 3264 | H7: 12649 | I7: 24806 | K7: 40x40 | L7: {=IFERROR( ROUND( IF($A$2="COSTO", ((B7*(1+IFERROR(VLOOKUP($D$2,COLORES[],2,FALSE),0)))+C7) *(1-IFERROR(_xlfn.XLOOKUP(1,(DESC_PROV[LINEA]=$B$2)*(DESC_PROV[LISTA]=$C$2),DESC_PROV[DESCUENTO]),0)), ((B7*(1+IFERROR(VLOOKUP($D$2,COLORES[],2,FALSE),0)))+C7) *(1-IFERROR(_xlfn.XLOOKUP(1,(DESC_PROV[LINEA]=$B$2)*(DESC_PROV[LISTA]=$C$2),DESC_PROV[DESCUENTO]),0)) *(1+VLOOKUP($C$2,LISTAS[],2,FALSE)) *(1+VLOOKUP($C$2,LISTAS[],3,FALSE)) ) /5,0)*5,0)} -> 120280 | M7: {=IFERROR( ROUND( IF($A$2="COSTO", ((B7*(1+IFERROR(VLOOKUP($D$2,COLORES[],2,FALSE),0)))+D7) *(1-IFERROR(_xlfn.XLOOKUP(1,(DESC_PROV[LINEA]=$B$2)*(DESC_PROV[LISTA]=$C$2),DESC_PROV[DESCUENTO]),0)), ((B7*(1+IFERROR(VLOOKUP($D$2,COLORES[],2,FALSE),0)))+D7) *(1-IFERROR(_xlfn.XLOOKUP(1,(DESC_PROV[LINEA]=$B$2)*(DESC_PROV[LISTA]=$C$2),DESC_PROV[DESCUENTO]),0)) *(1+VLOOKUP($C$2,LISTAS[],2,FALSE)) *(1+VLOOKUP($C$2,LISTAS[],3,FALSE)) ) /5,0)*5,0)} -> 120940 | N7: {=IFERROR( ROUND( IF($A$2="COSTO", ((B7*(1+IFERROR(VLOOKUP($D$2,COLORES[],2,FALSE),0)))+E7) *(1-IFERROR(_xlfn.XLOOKUP(1,(DESC_PROV[LINEA]=$B$2)*(DESC_PROV[LISTA]=$C$2),DESC_PROV[DESCUENTO]),0)), ((B7*(1+IFERROR(VLOOKUP($D$2,COLORES[],2,FALSE),0)))+E7) *(1-IFERROR(_xlfn.XLOOKUP(1,(DESC_PROV[LINEA]=$B$2)*(DESC_PROV[LISTA]=$C$2),DESC_PROV[DESCUENTO]),0)) *(1+VLOOKUP($C$2,LISTAS[],2,FALSE)) *(1+VLOOKUP($C$2,LISTAS[],3,FALSE)) ) /5,0)*5,0)} -> 122145 | O7: {=IFERROR( ROUND( IF($A$2="COSTO", ((B7*(1+IFERROR(VLOOKUP($D$2,COLORES[],2,FALSE),0)))+F7) *(1-IFERROR(_xlfn.XLOOKUP(1,(DESC_PROV[LINEA]=$B$2)*(DESC_PROV[LISTA]=$C$2),DESC_PROV[DESCUENTO]),0)), ((B7*(1+IFERROR(VLOOKUP($D$2,COLORES[],2,FALSE),0)))+F7) *(1-IFERROR(_xlfn.XLOOKUP(1,(DESC_PROV[LINEA]=$B$2)*(DESC_PROV[LISTA]=$C$2),DESC_PROV[DESCUENTO]),0)) *(1+VLOOKUP($C$2,LISTAS[],2,FALSE)) *(1+VLOOKUP($C$2,LISTAS[],3,FALSE)) ) /5,0)*5,0)} -> 127980 | P7: {=IFERROR( ROUND( IF($A$2="COSTO", ((B7*(1+IFERROR(VLOOKUP($D$2,COLORES[],2,FALSE),0)))+G7) *(1-IFERROR(_xlfn.XLOOKUP(1,(DESC_PROV[LINEA]=$B$2)*(DESC_PROV[LISTA]=$C$2),DESC_PROV[DESCUENTO]),0)), ((B7*(1+IFERROR(VLOOKUP($D$2,COLORES[],2,FALSE),0)))+G7) *(1-IFERROR(_xlfn.XLOOKUP(1,(DESC_PROV[LINEA]=$B$2)*(DESC_PROV[LISTA]=$C$2),DESC_PROV[DESCUENTO]),0)) *(1+VLOOKUP($C$2,LISTAS[],2,FALSE)) *(1+VLOOKUP($C$2,LISTAS[],3,FALSE)) ) /5,0)*5,0)} -> 121325 | Q7: {=IFERROR( ROUND( IF($A$2="COSTO", ((B7*(1+IFERROR(VLOOKUP($D$2,COLORES[],2,FALSE),0)))+H7) *(1-IFERROR(_xlfn.XLOOKUP(1,(DESC_PROV[LINEA]=$B$2)*(DESC_PROV[LISTA]=$C$2),DESC_PROV[DESCUENTO]),0)), ((B7*(1+IFERROR(VLOOKUP($D$2,COLORES[],2,FALSE),0)))+H7) *(1-IFERROR(_xlfn.XLOOKUP(1,(DESC_PROV[LINEA]=$B$2)*(DESC_PROV[LISTA]=$C$2),DESC_PROV[DESCUENTO]),0)) *(1+VLOOKUP($C$2,LISTAS[],2,FALSE)) *(1+VLOOKUP($C$2,LISTAS[],3,FALSE)) ) /5,0)*5,0)} -> 133350 | R7: {=IFERROR( ROUND( IF($A$2="COSTO", ((B7*(1+IFERROR(VLOOKUP($D$2,COLORES[],2,FALSE),0)))+(D7+I7+D7)) *(1-IFERROR(_xlfn.XLOOKUP(1,(DESC_PROV[LINEA]=$B$2)*(DESC_PROV[LISTA]=$C$2),DESC_PROV[DESCUENTO]),0)), ((B7*(1+IFERROR(VLOOKUP($D$2,COLORES[],2,FALSE),0)))+(D7+I7+D7)) *(1-IFERROR(_xlfn.XLOOKUP(1,(DESC_PROV[LINEA]=$B$2)*(DESC_PROV[LISTA]=$C$2),DESC_PROV[DESCUENTO]),0)) *(1+VLOOKUP($C$2,LISTAS[],2,FALSE)) *(1+VLOOKUP($C$2,LISTAS[],3,FALSE)) ) /5,0)*5,0)} -> 156530
A8: 50x40 | B8: 96512 | C8: 3264 | D8: 3955 | E8: 5213 | F8: 11280 | G8: 4358 | H8: 16877 | I8: 27907 | K8: 50x40 | L8: {=IFERROR( ROUND( IF($A$2="COSTO", ((B8*(1+IFERROR(VLOOKUP($D$2,COLORES[],2,FALSE),0)))+C8) *(1-IFERROR(_xlfn.XLOOKUP(1,(DESC_PROV[LINEA]=$B$2)*(DESC_PROV[LISTA]=$C$2),DESC_PROV[DESCUENTO]),0)), ((B8*(1+IFERROR(VLOOKUP($D$2,COLORES[],2,FALSE),0)))+C8) *(1-IFERROR(_xlfn.XLOOKUP(1,(DESC_PROV[LINEA]=$B$2)*(DESC_PROV[LISTA]=$C$2),DESC_PROV[DESCUENTO]),0)) *(1+VLOOKUP($C$2,LISTAS[],2,FALSE)) *(1+VLOOKUP($C$2,LISTAS[],3,FALSE)) ) /5,0)*5,0)} -> 127865 | M8: {=IFERROR( ROUND( IF($A$2="COSTO", ((B8*(1+IFERROR(VLOOKUP($D$2,COLORES[],2,FALSE),0)))+D8) *(1-IFERROR(_xlfn.XLOOKUP(1,(DESC_PROV[LINEA]=$B$2)*(DESC_PROV[LISTA]=$C$2),DESC_PROV[DESCUENTO]),0)), ((B8*(1+IFERROR(VLOOKUP($D$2,COLORES[],2,FALSE),0)))+D8) *(1-IFERROR(_xlfn.XLOOKUP(1,(DESC_PROV[LINEA]=$B$2)*(DESC_PROV[LISTA]=$C$2),DESC_PROV[DESCUENTO]),0)) *(1+VLOOKUP($C$2,LISTAS[],2,FALSE)) *(1+VLOOKUP($C$2,LISTAS[],3,FALSE)) ) /5,0)*5,0)} -> 128750 | N8: {=IFERROR( ROUND( IF($A$2="COSTO", ((B8*(1+IFERROR(VLOOKUP($D$2,COLORES[],2,FALSE),0)))+E8) *(1-IFERROR(_xlfn.XLOOKUP(1,(DESC_PROV[LINEA]=$B$2)*(DESC_PROV[LISTA]=$C$2),DESC_PROV[DESCUENTO]),0)), ((B8*(1+IFERROR(VLOOKUP($D$2,COLORES[],2,FALSE),0)))+E8) *(1-IFERROR(_xlfn.XLOOKUP(1,(DESC_PROV[LINEA]=$B$2)*(DESC_PROV[LISTA]=$C$2),DESC_PROV[DESCUENTO]),0)) *(1+VLOOKUP($C$2,LISTAS[],2,FALSE)) *(1+VLOOKUP($C$2,LISTAS[],3,FALSE)) ) /5,0)*5,0)} -> 130365 | O8: {=IFERROR( ROUND( IF($A$2="COSTO", ((B8*(1+IFERROR(VLOOKUP($D$2,COLORES[],2,FALSE),0)))+F8) *(1-IFERROR(_xlfn.XLOOKUP(1,(DESC_PROV[LINEA]=$B$2)*(DESC_PROV[LISTA]=$C$2),DESC_PROV[DESCUENTO]),0)), ((B8*(1+IFERROR(VLOOKUP($D$2,COLORES[],2,FALSE),0)))+F8) *(1-IFERROR(_xlfn.XLOOKUP(1,(DESC_PROV[LINEA]=$B$2)*(DESC_PROV[LISTA]=$C$2),DESC_PROV[DESCUENTO]),0)) *(1+VLOOKUP($C$2,LISTAS[],2,FALSE)) *(1+VLOOKUP($C$2,LISTAS[],3,FALSE)) ) /5,0)*5,0)} -> 138140 | P8: {=IFERROR( ROUND( IF($A$2="COSTO", ((B8*(1+IFERROR(VLOOKUP($D$2,COLORES[],2,FALSE),0)))+G8) *(1-IFERROR(_xlfn.XLOOKUP(1,(DESC_PROV[LINEA]=$B$2)*(DESC_PROV[LISTA]=$C$2),DESC_PROV[DESCUENTO]),0)), ((B8*(1+IFERROR(VLOOKUP($D$2,COLORES[],2,FALSE),0)))+G8) *(1-IFERROR(_xlfn.XLOOKUP(1,(DESC_PROV[LINEA]=$B$2)*(DESC_PROV[LISTA]=$C$2),DESC_PROV[DESCUENTO]),0)) *(1+VLOOKUP($C$2,LISTAS[],2,FALSE)) *(1+VLOOKUP($C$2,LISTAS[],3,FALSE)) ) /5,0)*5,0)} -> 129270 | Q8: {=IFERROR( ROUND( IF($A$2="COSTO", ((B8*(1+IFERROR(VLOOKUP($D$2,COLORES[],2,FALSE),0)))+H8) *(1-IFERROR(_xlfn.XLOOKUP(1,(DESC_PROV[LINEA]=$B$2)*(DESC_PROV[LISTA]=$C$2),DESC_PROV[DESCUENTO]),0)), ((B8*(1+IFERROR(VLOOKUP($D$2,COLORES[],2,FALSE),0)))+H8) *(1-IFERROR(_xlfn.XLOOKUP(1,(DESC_PROV[LINEA]=$B$2)*(DESC_PROV[LISTA]=$C$2),DESC_PROV[DESCUENTO]),0)) *(1+VLOOKUP($C$2,LISTAS[],2,FALSE)) *(1+VLOOKUP($C$2,LISTAS[],3,FALSE)) ) /5,0)*5,0)} -> 145315 | R8: {=IFERROR( ROUND( IF($A$2="COSTO", ((B8*(1+IFERROR(VLOOKUP($D$2,COLORES[],2,FALSE),0)))+(D8+I8+D8)) *(1-IFERROR(_xlfn.XLOOKUP(1,(DESC_PROV[LINEA]=$B$2)*(DESC_PROV[LISTA]=$C$2),DESC_PROV[DESCUENTO]),0)), ((B8*(1+IFERROR(VLOOKUP($D$2,COLORES[],2,FALSE),0)))+(D8+I8+D8)) *(1-IFERROR(_xlfn.XLOOKUP(1,(DESC_PROV[LINEA]=$B$2)*(DESC_PROV[LISTA]=$C$2),DESC_PROV[DESCUENTO]),0)) *(1+VLOOKUP($C$2,LISTAS[],2,FALSE)) *(1+VLOOKUP($C$2,LISTAS[],3,FALSE)) ) /5,0)*5,0)} -> 169585
A9: 60x40 | B9: 101653 | C9: 4080 | D9: 4944 | E9: 6518 | F9: 14102 | G9: 5453 | H9: 21105 | I9: 31008 | K9: 60x40 | L9: {=IFERROR( ROUND( IF($A$2="COSTO", ((B9*(1+IFERROR(VLOOKUP($D$2,COLORES[],2,FALSE),0)))+C9) *(1-IFERROR(_xlfn.XLOOKUP(1,(DESC_PROV[LINEA]=$B$2)*(DESC_PROV[LISTA]=$C$2),DESC_PROV[DESCUENTO]),0)), ((B9*(1+IFERROR(VLOOKUP($D$2,COLORES[],2,FALSE),0)))+C9) *(1-IFERROR(_xlfn.XLOOKUP(1,(DESC_PROV[LINEA]=$B$2)*(DESC_PROV[LISTA]=$C$2),DESC_PROV[DESCUENTO]),0)) *(1+VLOOKUP($C$2,LISTAS[],2,FALSE)) *(1+VLOOKUP($C$2,LISTAS[],3,FALSE)) ) /5,0)*5,0)} -> 135500 | M9: {=IFERROR( ROUND( IF($A$2="COSTO", ((B9*(1+IFERROR(VLOOKUP($D$2,COLORES[],2,FALSE),0)))+D9) *(1-IFERROR(_xlfn.XLOOKUP(1,(DESC_PROV[LINEA]=$B$2)*(DESC_PROV[LISTA]=$C$2),DESC_PROV[DESCUENTO]),0)), ((B9*(1+IFERROR(VLOOKUP($D$2,COLORES[],2,FALSE),0)))+D9) *(1-IFERROR(_xlfn.XLOOKUP(1,(DESC_PROV[LINEA]=$B$2)*(DESC_PROV[LISTA]=$C$2),DESC_PROV[DESCUENTO]),0)) *(1+VLOOKUP($C$2,LISTAS[],2,FALSE)) *(1+VLOOKUP($C$2,LISTAS[],3,FALSE)) ) /5,0)*5,0)} -> 136610 | N9: {=IFERROR( ROUND( IF($A$2="COSTO", ((B9*(1+IFERROR(VLOOKUP($D$2,COLORES[],2,FALSE),0)))+E9) *(1-IFERROR(_xlfn.XLOOKUP(1,(DESC_PROV[LINEA]=$B$2)*(DESC_PROV[LISTA]=$C$2),DESC_PROV[DESCUENTO]),0)), ((B9*(1+IFERROR(VLOOKUP($D$2,COLORES[],2,FALSE),0)))+E9) *(1-IFERROR(_xlfn.XLOOKUP(1,(DESC_PROV[LINEA]=$B$2)*(DESC_PROV[LISTA]=$C$2),DESC_PROV[DESCUENTO]),0)) *(1+VLOOKUP($C$2,LISTAS[],2,FALSE)) *(1+VLOOKUP($C$2,LISTAS[],3,FALSE)) ) /5,0)*5,0)} -> 138625 | O9: {=IFERROR( ROUND( IF($A$2="COSTO", ((B9*(1+IFERROR(VLOOKUP($D$2,COLORES[],2,FALSE),0)))+F9) *(1-IFERROR(_xlfn.XLOOKUP(1,(DESC_PROV[LINEA]=$B$2)*(DESC_PROV[LISTA]=$C$2),DESC_PROV[DESCUENTO]),0)), ((B9*(1+IFERROR(VLOOKUP($D$2,COLORES[],2,FALSE),0)))+F9) *(1-IFERROR(_xlfn.XLOOKUP(1,(DESC_PROV[LINEA]=$B$2)*(DESC_PROV[LISTA]=$C$2),DESC_PROV[DESCUENTO]),0)) *(1+VLOOKUP($C$2,LISTAS[],2,FALSE)) *(1+VLOOKUP($C$2,LISTAS[],3,FALSE)) ) /5,0)*5,0)} -> 148345 | P9: {=IFERROR( ROUND( IF($A$2="COSTO", ((B9*(1+IFERROR(VLOOKUP($D$2,COLORES[],2,FALSE),0)))+G9) *(1-IFERROR(_xlfn.XLOOKUP(1,(DESC_PROV[LINEA]=$B$2)*(DESC_PROV[LISTA]=$C$2),DESC_PROV[DESCUENTO]),0)), ((B9*(1+IFERROR(VLOOKUP($D$2,COLORES[],2,FALSE),0)))+G9) *(1-IFERROR(_xlfn.XLOOKUP(1,(DESC_PROV[LINEA]=$B$2)*(DESC_PROV[LISTA]=$C$2),DESC_PROV[DESCUENTO]),0)) *(1+VLOOKUP($C$2,LISTAS[],2,FALSE)) *(1+VLOOKUP($C$2,LISTAS[],3,FALSE)) ) /5,0)*5,0)} -> 137260 | Q9: {=IFERROR( ROUND( IF($A$2="COSTO", ((B9*(1+IFERROR(VLOOKUP($D$2,COLORES[],2,FALSE),0)))+H9) *(1-IFERROR(_xlfn.XLOOKUP(1,(DESC_PROV[LINEA]=$B$2)*(DESC_PROV[LISTA]=$C$2),DESC_PROV[DESCUENTO]),0)), ((B9*(1+IFERROR(VLOOKUP($D$2,COLORES[],2,FALSE),0)))+H9) *(1-IFERROR(_xlfn.XLOOKUP(1,(DESC_PROV[LINEA]=$B$2)*(DESC_PROV[LISTA]=$C$2),DESC_PROV[DESCUENTO]),0)) *(1+VLOOKUP($C$2,LISTAS[],2,FALSE)) *(1+VLOOKUP($C$2,LISTAS[],3,FALSE)) ) /5,0)*5,0)} -> 157320 | R9: {=IFERROR( ROUND( IF($A$2="COSTO", ((B9*(1+IFERROR(VLOOKUP($D$2,COLORES[],2,FALSE),0)))+(D9+I9+D9)) *(1-IFERROR(_xlfn.XLOOKUP(1,(DESC_PROV[LINEA]=$B$2)*(DESC_PROV[LISTA]=$C$2),DESC_PROV[DESCUENTO]),0)), ((B9*(1+IFERROR(VLOOKUP($D$2,COLORES[],2,FALSE),0)))+(D9+I9+D9)) *(1-IFERROR(_xlfn.XLOOKUP(1,(DESC_PROV[LINEA]=$B$2)*(DESC_PROV[LISTA]=$C$2),DESC_PROV[DESCUENTO]),0)) *(1+VLOOKUP($C$2,LISTAS[],2,FALSE)) *(1+VLOOKUP($C$2,LISTAS[],3,FALSE)) ) /5,0)*5,0)} -> 182680
A10: 70x40 | B10: 106774 | C10: 4896 | D10: 5933 | E10: 7824 | F10: 16925 | G10: 6547 | H10: 25332 | I10: 34109 | K10: 70x40 | L10: {=IFERROR( ROUND( IF($A$2="COSTO", ((B10*(1+IFERROR(VLOOKUP($D$2,COLORES[],2,FALSE),0)))+C10) *(1-IFERROR(_xlfn.XLOOKUP(1,(DESC_PROV[LINEA]=$B$2)*(DESC_PROV[LISTA]=$C$2),DESC_PROV[DESCUENTO]),0)), ((B10*(1+IFERROR(VLOOKUP($D$2,COLORES[],2,FALSE),0)))+C10) *(1-IFERROR(_xlfn.XLOOKUP(1,(DESC_PROV[LINEA]=$B$2)*(DESC_PROV[LISTA]=$C$2),DESC_PROV[DESCUENTO]),0)) *(1+VLOOKUP($C$2,LISTAS[],2,FALSE)) *(1+VLOOKUP($C$2,LISTAS[],3,FALSE)) ) /5,0)*5,0)} -> 143110 | M10: {=IFERROR( ROUND( IF($A$2="COSTO", ((B10*(1+IFERROR(VLOOKUP($D$2,COLORES[],2,FALSE),0)))+D10) *(1-IFERROR(_xlfn.XLOOKUP(1,(DESC_PROV[LINEA]=$B$2)*(DESC_PROV[LISTA]=$C$2),DESC_PROV[DESCUENTO]),0)), ((B10*(1+IFERROR(VLOOKUP($D$2,COLORES[],2,FALSE),0)))+D10) *(1-IFERROR(_xlfn.XLOOKUP(1,(DESC_PROV[LINEA]=$B$2)*(DESC_PROV[LISTA]=$C$2),DESC_PROV[DESCUENTO]),0)) *(1+VLOOKUP($C$2,LISTAS[],2,FALSE)) *(1+VLOOKUP($C$2,LISTAS[],3,FALSE)) ) /5,0)*5,0)} -> 144440 | N10: {=IFERROR( ROUND( IF($A$2="COSTO", ((B10*(1+IFERROR(VLOOKUP($D$2,COLORES[],2,FALSE),0)))+E10) *(1-IFERROR(_xlfn.XLOOKUP(1,(DESC_PROV[LINEA]=$B$2)*(DESC_PROV[LISTA]=$C$2),DESC_PROV[DESCUENTO]),0)), ((B10*(1+IFERROR(VLOOKUP($D$2,COLORES[],2,FALSE),0)))+E10) *(1-IFERROR(_xlfn.XLOOKUP(1,(DESC_PROV[LINEA]=$B$2)*(DESC_PROV[LISTA]=$C$2),DESC_PROV[DESCUENTO]),0)) *(1+VLOOKUP($C$2,LISTAS[],2,FALSE)) *(1+VLOOKUP($C$2,LISTAS[],3,FALSE)) ) /5,0)*5,0)} -> 146860 | O10: {=IFERROR( ROUND( IF($A$2="COSTO", ((B10*(1+IFERROR(VLOOKUP($D$2,COLORES[],2,FALSE),0)))+F10) *(1-IFERROR(_xlfn.XLOOKUP(1,(DESC_PROV[LINEA]=$B$2)*(DESC_PROV[LISTA]=$C$2),DESC_PROV[DESCUENTO]),0)), ((B10*(1+IFERROR(VLOOKUP($D$2,COLORES[],2,FALSE),0)))+F10) *(1-IFERROR(_xlfn.XLOOKUP(1,(DESC_PROV[LINEA]=$B$2)*(DESC_PROV[LISTA]=$C$2),DESC_PROV[DESCUENTO]),0)) *(1+VLOOKUP($C$2,LISTAS[],2,FALSE)) *(1+VLOOKUP($C$2,LISTAS[],3,FALSE)) ) /5,0)*5,0)} -> 158525 | P10: {=IFERROR( ROUND( IF($A$2="COSTO", ((B10*(1+IFERROR(VLOOKUP($D$2,COLORES[],2,FALSE),0)))+G10) *(1-IFERROR(_xlfn.XLOOKUP(1,(DESC_PROV[LINEA]=$B$2)*(DESC_PROV[LISTA]=$C$2),DESC_PROV[DESCUENTO]),0)), ((B10*(1+IFERROR(VLOOKUP($D$2,COLORES[],2,FALSE),0)))+G10) *(1-IFERROR(_xlfn.XLOOKUP(1,(DESC_PROV[LINEA]=$B$2)*(DESC_PROV[LISTA]=$C$2),DESC_PROV[DESCUENTO]),0)) *(1+VLOOKUP($C$2,LISTAS[],2,FALSE)) *(1+VLOOKUP($C$2,LISTAS[],3,FALSE)) ) /5,0)*5,0)} -> 145225 | Q10: {=IFERROR( ROUND( IF($A$2="COSTO", ((B10*(1+IFERROR(VLOOKUP($D$2,COLORES[],2,FALSE),0)))+H10) *(1-IFERROR(_xlfn.XLOOKUP(1,(DESC_PROV[LINEA]=$B$2)*(DESC_PROV[LISTA]=$C$2),DESC_PROV[DESCUENTO]),0)), ((B10*(1+IFERROR(VLOOKUP($D$2,COLORES[],2,FALSE),0)))+H10) *(1-IFERROR(_xlfn.XLOOKUP(1,(DESC_PROV[LINEA]=$B$2)*(DESC_PROV[LISTA]=$C$2),DESC_PROV[DESCUENTO]),0)) *(1+VLOOKUP($C$2,LISTAS[],2,FALSE)) *(1+VLOOKUP($C$2,LISTAS[],3,FALSE)) ) /5,0)*5,0)} -> 169300 | R10: {=IFERROR( ROUND( IF($A$2="COSTO", ((B10*(1+IFERROR(VLOOKUP($D$2,COLORES[],2,FALSE),0)))+(D10+I10+D10)) *(1-IFERROR(_xlfn.XLOOKUP(1,(DESC_PROV[LINEA]=$B$2)*(DESC_PROV[LISTA]=$C$2),DESC_PROV[DESCUENTO]),0)), ((B10*(1+IFERROR(VLOOKUP($D$2,COLORES[],2,FALSE),0)))+(D10+I10+D10)) *(1-IFERROR(_xlfn.XLOOKUP(1,(DESC_PROV[LINEA]=$B$2)*(DESC_PROV[LISTA]=$C$2),DESC_PROV[DESCUENTO]),0)) *(1+VLOOKUP($C$2,LISTAS[],2,FALSE)) *(1+VLOOKUP($C$2,LISTAS[],3,FALSE)) ) /5,0)*5,0)} -> 195755
A11: 80x40 | B11: 111908 | C11: 5712 | D11: 6922 | E11: 9130 | F11: 19747 | G11: 7642 | H11: 29560 | I11: 37210 | K11: 80x40 | L11: {=IFERROR( ROUND( IF($A$2="COSTO", ((B11*(1+IFERROR(VLOOKUP($D$2,COLORES[],2,FALSE),0)))+C11) *(1-IFERROR(_xlfn.XLOOKUP(1,(DESC_PROV[LINEA]=$B$2)*(DESC_PROV[LISTA]=$C$2),DESC_PROV[DESCUENTO]),0)), ((B11*(1+IFERROR(VLOOKUP($D$2,COLORES[],2,FALSE),0)))+C11) *(1-IFERROR(_xlfn.XLOOKUP(1,(DESC_PROV[LINEA]=$B$2)*(DESC_PROV[LISTA]=$C$2),DESC_PROV[DESCUENTO]),0)) *(1+VLOOKUP($C$2,LISTAS[],2,FALSE)) *(1+VLOOKUP($C$2,LISTAS[],3,FALSE)) ) /5,0)*5,0)} -> 150735 | M11: {=IFERROR( ROUND( IF($A$2="COSTO", ((B11*(1+IFERROR(VLOOKUP($D$2,COLORES[],2,FALSE),0)))+D11) *(1-IFERROR(_xlfn.XLOOKUP(1,(DESC_PROV[LINEA]=$B$2)*(DESC_PROV[LISTA]=$C$2),DESC_PROV[DESCUENTO]),0)), ((B11*(1+IFERROR(VLOOKUP($D$2,COLORES[],2,FALSE),0)))+D11) *(1-IFERROR(_xlfn.XLOOKUP(1,(DESC_PROV[LINEA]=$B$2)*(DESC_PROV[LISTA]=$C$2),DESC_PROV[DESCUENTO]),0)) *(1+VLOOKUP($C$2,LISTAS[],2,FALSE)) *(1+VLOOKUP($C$2,LISTAS[],3,FALSE)) ) /5,0)*5,0)} -> 152285 | N11: {=IFERROR( ROUND( IF($A$2="COSTO", ((B11*(1+IFERROR(VLOOKUP($D$2,COLORES[],2,FALSE),0)))+E11) *(1-IFERROR(_xlfn.XLOOKUP(1,(DESC_PROV[LINEA]=$B$2)*(DESC_PROV[LISTA]=$C$2),DESC_PROV[DESCUENTO]),0)), ((B11*(1+IFERROR(VLOOKUP($D$2,COLORES[],2,FALSE),0)))+E11) *(1-IFERROR(_xlfn.XLOOKUP(1,(DESC_PROV[LINEA]=$B$2)*(DESC_PROV[LISTA]=$C$2),DESC_PROV[DESCUENTO]),0)) *(1+VLOOKUP($C$2,LISTAS[],2,FALSE)) *(1+VLOOKUP($C$2,LISTAS[],3,FALSE)) ) /5,0)*5,0)} -> 155115 | O11: {=IFERROR( ROUND( IF($A$2="COSTO", ((B11*(1+IFERROR(VLOOKUP($D$2,COLORES[],2,FALSE),0)))+F11) *(1-IFERROR(_xlfn.XLOOKUP(1,(DESC_PROV[LINEA]=$B$2)*(DESC_PROV[LISTA]=$C$2),DESC_PROV[DESCUENTO]),0)), ((B11*(1+IFERROR(VLOOKUP($D$2,COLORES[],2,FALSE),0)))+F11) *(1-IFERROR(_xlfn.XLOOKUP(1,(DESC_PROV[LINEA]=$B$2)*(DESC_PROV[LISTA]=$C$2),DESC_PROV[DESCUENTO]),0)) *(1+VLOOKUP($C$2,LISTAS[],2,FALSE)) *(1+VLOOKUP($C$2,LISTAS[],3,FALSE)) ) /5,0)*5,0)} -> 168720 | P11: {=IFERROR( ROUND( IF($A$2="COSTO", ((B11*(1+IFERROR(VLOOKUP($D$2,COLORES[],2,FALSE),0)))+G11) *(1-IFERROR(_xlfn.XLOOKUP(1,(DESC_PROV[LINEA]=$B$2)*(DESC_PROV[LISTA]=$C$2),DESC_PROV[DESCUENTO]),0)), ((B11*(1+IFERROR(VLOOKUP($D$2,COLORES[],2,FALSE),0)))+G11) *(1-IFERROR(_xlfn.XLOOKUP(1,(DESC_PROV[LINEA]=$B$2)*(DESC_PROV[LISTA]=$C$2),DESC_PROV[DESCUENTO]),0)) *(1+VLOOKUP($C$2,LISTAS[],2,FALSE)) *(1+VLOOKUP($C$2,LISTAS[],3,FALSE)) ) /5,0)*5,0)} -> 153210 | Q11: {=IFERROR( ROUND( IF($A$2="COSTO", ((B11*(1+IFERROR(VLOOKUP($D$2,COLORES[],2,FALSE),0)))+H11) *(1-IFERROR(_xlfn.XLOOKUP(1,(DESC_PROV[LINEA]=$B$2)*(DESC_PROV[LISTA]=$C$2),DESC_PROV[DESCUENTO]),0)), ((B11*(1+IFERROR(VLOOKUP($D$2,COLORES[],2,FALSE),0)))+H11) *(1-IFERROR(_xlfn.XLOOKUP(1,(DESC_PROV[LINEA]=$B$2)*(DESC_PROV[LISTA]=$C$2),DESC_PROV[DESCUENTO]),0)) *(1+VLOOKUP($C$2,LISTAS[],2,FALSE)) *(1+VLOOKUP($C$2,LISTAS[],3,FALSE)) ) /5,0)*5,0)} -> 181295 | R11: {=IFERROR( ROUND( IF($A$2="COSTO", ((B11*(1+IFERROR(VLOOKUP($D$2,COLORES[],2,FALSE),0)))+(D11+I11+D11)) *(1-IFERROR(_xlfn.XLOOKUP(1,(DESC_PROV[LINEA]=$B$2)*(DESC_PROV[LISTA]=$C$2),DESC_PROV[DESCUENTO]),0)), ((B11*(1+IFERROR(VLOOKUP($D$2,COLORES[],2,FALSE),0)))+(D11+I11+D11)) *(1-IFERROR(_xlfn.XLOOKUP(1,(DESC_PROV[LINEA]=$B$2)*(DESC_PROV[LISTA]=$C$2),DESC_PROV[DESCUENTO]),0)) *(1+VLOOKUP($C$2,LISTAS[],2,FALSE)) *(1+VLOOKUP($C$2,LISTAS[],3,FALSE)) ) /5,0)*5,0)} -> 208840
A12: 90x40 | B12: 117035 | C12: 6528 | D12: 7910 | E12: 10435 | F12: 22570 | G12: 8736 | H12: 33788 | I12: 40310 | K12: 90x40 | L12: {=IFERROR( ROUND( IF($A$2="COSTO", ((B12*(1+IFERROR(VLOOKUP($D$2,COLORES[],2,FALSE),0)))+C12) *(1-IFERROR(_xlfn.XLOOKUP(1,(DESC_PROV[LINEA]=$B$2)*(DESC_PROV[LISTA]=$C$2),DESC_PROV[DESCUENTO]),0)), ((B12*(1+IFERROR(VLOOKUP($D$2,COLORES[],2,FALSE),0)))+C12) *(1-IFERROR(_xlfn.XLOOKUP(1,(DESC_PROV[LINEA]=$B$2)*(DESC_PROV[LISTA]=$C$2),DESC_PROV[DESCUENTO]),0)) *(1+VLOOKUP($C$2,LISTAS[],2,FALSE)) *(1+VLOOKUP($C$2,LISTAS[],3,FALSE)) ) /5,0)*5,0)} -> 158350 | M12: {=IFERROR( ROUND( IF($A$2="COSTO", ((B12*(1+IFERROR(VLOOKUP($D$2,COLORES[],2,FALSE),0)))+D12) *(1-IFERROR(_xlfn.XLOOKUP(1,(DESC_PROV[LINEA]=$B$2)*(DESC_PROV[LISTA]=$C$2),DESC_PROV[DESCUENTO]),0)), ((B12*(1+IFERROR(VLOOKUP($D$2,COLORES[],2,FALSE),0)))+D12) *(1-IFERROR(_xlfn.XLOOKUP(1,(DESC_PROV[LINEA]=$B$2)*(DESC_PROV[LISTA]=$C$2),DESC_PROV[DESCUENTO]),0)) *(1+VLOOKUP($C$2,LISTAS[],2,FALSE)) *(1+VLOOKUP($C$2,LISTAS[],3,FALSE)) ) /5,0)*5,0)} -> 160120 | N12: {=IFERROR( ROUND( IF($A$2="COSTO", ((B12*(1+IFERROR(VLOOKUP($D$2,COLORES[],2,FALSE),0)))+E12) *(1-IFERROR(_xlfn.XLOOKUP(1,(DESC_PROV[LINEA]=$B$2)*(DESC_PROV[LISTA]=$C$2),DESC_PROV[DESCUENTO]),0)), ((B12*(1+IFERROR(VLOOKUP($D$2,COLORES[],2,FALSE),0)))+E12) *(1-IFERROR(_xlfn.XLOOKUP(1,(DESC_PROV[LINEA]=$B$2)*(DESC_PROV[LISTA]=$C$2),DESC_PROV[DESCUENTO]),0)) *(1+VLOOKUP($C$2,LISTAS[],2,FALSE)) *(1+VLOOKUP($C$2,LISTAS[],3,FALSE)) ) /5,0)*5,0)} -> 163360 | O12: {=IFERROR( ROUND( IF($A$2="COSTO", ((B12*(1+IFERROR(VLOOKUP($D$2,COLORES[],2,FALSE),0)))+F12) *(1-IFERROR(_xlfn.XLOOKUP(1,(DESC_PROV[LINEA]=$B$2)*(DESC_PROV[LISTA]=$C$2),DESC_PROV[DESCUENTO]),0)), ((B12*(1+IFERROR(VLOOKUP($D$2,COLORES[],2,FALSE),0)))+F12) *(1-IFERROR(_xlfn.XLOOKUP(1,(DESC_PROV[LINEA]=$B$2)*(DESC_PROV[LISTA]=$C$2),DESC_PROV[DESCUENTO]),0)) *(1+VLOOKUP($C$2,LISTAS[],2,FALSE)) *(1+VLOOKUP($C$2,LISTAS[],3,FALSE)) ) /5,0)*5,0)} -> 178910 | P12: {=IFERROR( ROUND( IF($A$2="COSTO", ((B12*(1+IFERROR(VLOOKUP($D$2,COLORES[],2,FALSE),0)))+G12) *(1-IFERROR(_xlfn.XLOOKUP(1,(DESC_PROV[LINEA]=$B$2)*(DESC_PROV[LISTA]=$C$2),DESC_PROV[DESCUENTO]),0)), ((B12*(1+IFERROR(VLOOKUP($D$2,COLORES[],2,FALSE),0)))+G12) *(1-IFERROR(_xlfn.XLOOKUP(1,(DESC_PROV[LINEA]=$B$2)*(DESC_PROV[LISTA]=$C$2),DESC_PROV[DESCUENTO]),0)) *(1+VLOOKUP($C$2,LISTAS[],2,FALSE)) *(1+VLOOKUP($C$2,LISTAS[],3,FALSE)) ) /5,0)*5,0)} -> 161180 | Q12: {=IFERROR( ROUND( IF($A$2="COSTO", ((B12*(1+IFERROR(VLOOKUP($D$2,COLORES[],2,FALSE),0)))+H12) *(1-IFERROR(_xlfn.XLOOKUP(1,(DESC_PROV[LINEA]=$B$2)*(DESC_PROV[LISTA]=$C$2),DESC_PROV[DESCUENTO]),0)), ((B12*(1+IFERROR(VLOOKUP($D$2,COLORES[],2,FALSE),0)))+H12) *(1-IFERROR(_xlfn.XLOOKUP(1,(DESC_PROV[LINEA]=$B$2)*(DESC_PROV[LISTA]=$C$2),DESC_PROV[DESCUENTO]),0)) *(1+VLOOKUP($C$2,LISTAS[],2,FALSE)) *(1+VLOOKUP($C$2,LISTAS[],3,FALSE)) ) /5,0)*5,0)} -> 193285 | R12: {=IFERROR( ROUND( IF($A$2="COSTO", ((B12*(1+IFERROR(VLOOKUP($D$2,COLORES[],2,FALSE),0)))+(D12+I12+D12)) *(1-IFERROR(_xlfn.XLOOKUP(1,(DESC_PROV[LINEA]=$B$2)*(DESC_PROV[LISTA]=$C$2),DESC_PROV[DESCUENTO]),0)), ((B12*(1+IFERROR(VLOOKUP($D$2,COLORES[],2,FALSE),0)))+(D12+I12+D12)) *(1-IFERROR(_xlfn.XLOOKUP(1,(DESC_PROV[LINEA]=$B$2)*(DESC_PROV[LISTA]=$C$2),DESC_PROV[DESCUENTO]),0)) *(1+VLOOKUP($C$2,LISTAS[],2,FALSE)) *(1+VLOOKUP($C$2,LISTAS[],3,FALSE)) ) /5,0)*5,0)} -> 221920
